forecast_date,store_nbr,family_name,onpromotion,is_closed_day,is_holiday,is_event,is_work_day
2017-08-16,1,AUTOMOTIVE,0,0,0,0,0
2017-08-16,1,BABY CARE,0,0,0,0,0
2017-08-16,1,BEAUTY,2,0,0,0,0
2017-08-16,1,BEVERAGES,20,0,0,0,0
2017-08-16,1,BOOKS,0,0,0,0,0
2017-08-16,1,BREAD/BAKERY,12,0,0,0,0
2017-08-16,1,CELEBRATION,0,0,0,0,0
2017-08-16,1,CLEANING,25,0,0,0,0
2017-08-16,1,DAIRY,45,0,0,0,0
2017-08-16,1,DELI,18,0,0,0,0
2017-08-16,1,EGGS,1,0,0,0,0
2017-08-16,1,FROZEN FOODS,1,0,0,0,0
2017-08-16,1,GROCERY I,64,0,0,0,0
2017-08-16,1,GROCERY II,0,0,0,0,0
2017-08-16,1,HARDWARE,0,0,0,0,0
2017-08-16,1,HOME AND KITCHEN I,2,0,0,0,0
2017-08-16,1,HOME AND KITCHEN II,6,0,0,0,0
2017-08-16,1,HOME APPLIANCES,0,0,0,0,0
2017-08-16,1,HOME CARE,10,0,0,0,0
2017-08-16,1,LADIESWEAR,0,0,0,0,0
2017-08-16,1,LAWN AND GARDEN,16,0,0,0,0
2017-08-16,1,LINGERIE,5,0,0,0,0
2017-08-16,1,"LIQUOR,WINE,BEER",9,0,0,0,0
2017-08-16,1,MAGAZINES,0,0,0,0,0
2017-08-16,1,MEATS,0,0,0,0,0
2017-08-16,1,PERSONAL CARE,18,0,0,0,0
2017-08-16,1,PET SUPPLIES,0,0,0,0,0
2017-08-16,1,PLAYERS AND ELECTRONICS,0,0,0,0,0
2017-08-16,1,POULTRY,0,0,0,0,0
2017-08-16,1,PREPARED FOODS,0,0,0,0,0
2017-08-16,1,PRODUCE,256,0,0,0,0
2017-08-16,1,SCHOOL AND OFFICE SUPPLIES,14,0,0,0,0
2017-08-16,1,SEAFOOD,0,0,0,0,0
2017-08-16,2,AUTOMOTIVE,0,0,0,0,0
2017-08-16,2,BABY CARE,0,0,0,0,0
2017-08-16,2,BEAUTY,2,0,0,0,0
2017-08-16,2,BEVERAGES,23,0,0,0,0
2017-08-16,2,BOOKS,0,0,0,0,0
2017-08-16,2,BREAD/BAKERY,12,0,0,0,0
2017-08-16,2,CELEBRATION,0,0,0,0,0
2017-08-16,2,CLEANING,22,0,0,0,0
2017-08-16,2,DAIRY,41,0,0,0,0
2017-08-16,2,DELI,18,0,0,0,0
2017-08-16,2,EGGS,1,0,0,0,0
2017-08-16,2,FROZEN FOODS,1,0,0,0,0
2017-08-16,2,GROCERY I,65,0,0,0,0
2017-08-16,2,GROCERY II,0,0,0,0,0
2017-08-16,2,HARDWARE,0,0,0,0,0
2017-08-16,2,HOME AND KITCHEN I,2,0,0,0,0
2017-08-16,2,HOME AND KITCHEN II,6,0,0,0,0
2017-08-16,2,HOME APPLIANCES,0,0,0,0,0
2017-08-16,2,HOME CARE,11,0,0,0,0
2017-08-16,2,LADIESWEAR,0,0,0,0,0
2017-08-16,2,LAWN AND GARDEN,16,0,0,0,0
2017-08-16,2,LINGERIE,6,0,0,0,0
2017-08-16,2,"LIQUOR,WINE,BEER",10,0,0,0,0
2017-08-16,2,MAGAZINES,0,0,0,0,0
2017-08-16,2,MEATS,1,0,0,0,0
2017-08-16,2,PERSONAL CARE,20,0,0,0,0
2017-08-16,2,PET SUPPLIES,0,0,0,0,0
2017-08-16,2,PLAYERS AND ELECTRONICS,0,0,0,0,0
2017-08-16,2,POULTRY,0,0,0,0,0
2017-08-16,2,PREPARED FOODS,0,0,0,0,0
2017-08-16,2,PRODUCE,255,0,0,0,0
2017-08-16,2,SCHOOL AND OFFICE SUPPLIES,14,0,0,0,0
2017-08-16,2,SEAFOOD,0,0,0,0,0
2017-08-16,3,AUTOMOTIVE,0,0,0,0,0
2017-08-16,3,BABY CARE,0,0,0,0,0
2017-08-16,3,BEAUTY,2,0,0,0,0
2017-08-16,3,BEVERAGES,21,0,0,0,0
2017-08-16,3,BOOKS,0,0,0,0,0
2017-08-16,3,BREAD/BAKERY,12,0,0,0,0
2017-08-16,3,CELEBRATION,0,0,0,0,0
2017-08-16,3,CLEANING,22,0,0,0,0
2017-08-16,3,DAIRY,37,0,0,0,0
2017-08-16,3,DELI,18,0,0,0,0
2017-08-16,3,EGGS,1,0,0,0,0
2017-08-16,3,FROZEN FOODS,1,0,0,0,0
2017-08-16,3,GROCERY I,60,0,0,0,0
2017-08-16,3,GROCERY II,0,0,0,0,0
2017-08-16,3,HARDWARE,0,0,0,0,0
2017-08-16,3,HOME AND KITCHEN I,2,0,0,0,0
2017-08-16,3,HOME AND KITCHEN II,6,0,0,0,0
2017-08-16,3,HOME APPLIANCES,0,0,0,0,0
2017-08-16,3,HOME CARE,13,0,0,0,0
2017-08-16,3,LADIESWEAR,0,0,0,0,0
2017-08-16,3,LAWN AND GARDEN,16,0,0,0,0
2017-08-16,3,LINGERIE,6,0,0,0,0
2017-08-16,3,"LIQUOR,WINE,BEER",9,0,0,0,0
2017-08-16,3,MAGAZINES,0,0,0,0,0
2017-08-16,3,MEATS,0,0,0,0,0
2017-08-16,3,PERSONAL CARE,18,0,0,0,0
2017-08-16,3,PET SUPPLIES,0,0,0,0,0
2017-08-16,3,PLAYERS AND ELECTRONICS,0,0,0,0,0
2017-08-16,3,POULTRY,0,0,0,0,0
2017-08-16,3,PREPARED FOODS,0,0,0,0,0
2017-08-16,3,PRODUCE,254,0,0,0,0
2017-08-16,3,SCHOOL AND OFFICE SUPPLIES,12,0,0,0,0
2017-08-16,3,SEAFOOD,0,0,0,0,0
2017-08-16,4,AUTOMOTIVE,0,0,0,0,0
2017-08-16,4,BABY CARE,0,0,0,0,0
2017-08-16,4,BEAUTY,2,0,0,0,0
2017-08-16,4,BEVERAGES,21,0,0,0,0
2017-08-16,4,BOOKS,0,0,0,0,0
2017-08-16,4,BREAD/BAKERY,12,0,0,0,0
2017-08-16,4,CELEBRATION,0,0,0,0,0
2017-08-16,4,CLEANING,23,0,0,0,0
2017-08-16,4,DAIRY,43,0,0,0,0
2017-08-16,4,DELI,18,0,0,0,0
2017-08-16,4,EGGS,1,0,0,0,0
2017-08-16,4,FROZEN FOODS,1,0,0,0,0
2017-08-16,4,GROCERY I,61,0,0,0,0
2017-08-16,4,GROCERY II,0,0,0,0,0
2017-08-16,4,HARDWARE,0,0,0,0,0
2017-08-16,4,HOME AND KITCHEN I,2,0,0,0,0
2017-08-16,4,HOME AND KITCHEN II,6,0,0,0,0
2017-08-16,4,HOME APPLIANCES,0,0,0,0,0
2017-08-16,4,HOME CARE,14,0,0,0,0
2017-08-16,4,LADIESWEAR,0,0,0,0,0
2017-08-16,4,LAWN AND GARDEN,16,0,0,0,0
2017-08-16,4,LINGERIE,5,0,0,0,0
2017-08-16,4,"LIQUOR,WINE,BEER",10,0,0,0,0
2017-08-16,4,MAGAZINES,0,0,0,0,0
2017-08-16,4,MEATS,0,0,0,0,0
2017-08-16,4,PERSONAL CARE,19,0,0,0,0
2017-08-16,4,PET SUPPLIES,0,0,0,0,0
2017-08-16,4,PLAYERS AND ELECTRONICS,0,0,0,0,0
2017-08-16,4,POULTRY,0,0,0,0,0
2017-08-16,4,PREPARED FOODS,0,0,0,0,0
2017-08-16,4,PRODUCE,253,0,0,0,0
2017-08-16,4,SCHOOL AND OFFICE SUPPLIES,14,0,0,0,0
2017-08-16,4,SEAFOOD,0,0,0,0,0
2017-08-16,5,AUTOMOTIVE,0,0,0,0,0
2017-08-16,5,BABY CARE,0,0,0,0,0
2017-08-16,5,BEAUTY,2,0,0,0,0
2017-08-16,5,BEVERAGES,20,0,0,0,0
2017-08-16,5,BOOKS,0,0,0,0,0
2017-08-16,5,BREAD/BAKERY,12,0,0,0,0
2017-08-16,5,CELEBRATION,0,0,0,0,0
2017-08-16,5,CLEANING,24,0,0,0,0
2017-08-16,5,DAIRY,42,0,0,0,0
2017-08-16,5,DELI,18,0,0,0,0
2017-08-16,5,EGGS,1,0,0,0,0
2017-08-16,5,FROZEN FOODS,1,0,0,0,0
2017-08-16,5,GROCERY I,64,0,0,0,0
2017-08-16,5,GROCERY II,0,0,0,0,0
2017-08-16,5,HARDWARE,0,0,0,0,0
2017-08-16,5,HOME AND KITCHEN I,2,0,0,0,0
2017-08-16,5,HOME AND KITCHEN II,6,0,0,0,0
2017-08-16,5,HOME APPLIANCES,0,0,0,0,0
2017-08-16,5,HOME CARE,11,0,0,0,0
2017-08-16,5,LADIESWEAR,0,0,0,0,0
2017-08-16,5,LAWN AND GARDEN,16,0,0,0,0
2017-08-16,5,LINGERIE,4,0,0,0,0
2017-08-16,5,"LIQUOR,WINE,BEER",9,0,0,0,0
2017-08-16,5,MAGAZINES,0,0,0,0,0
2017-08-16,5,MEATS,0,0,0,0,0
2017-08-16,5,PERSONAL CARE,17,0,0,0,0
2017-08-16,5,PET SUPPLIES,0,0,0,0,0
2017-08-16,5,PLAYERS AND ELECTRONICS,0,0,0,0,0
2017-08-16,5,POULTRY,0,0,0,0,0
2017-08-16,5,PREPARED FOODS,0,0,0,0,0
2017-08-16,5,PRODUCE,255,0,0,0,0
2017-08-16,5,SCHOOL AND OFFICE SUPPLIES,12,0,0,0,0
2017-08-16,5,SEAFOOD,0,0,0,0,0
2017-08-16,6,AUTOMOTIVE,0,0,0,0,0
2017-08-16,6,BABY CARE,0,0,0,0,0
2017-08-16,6,BEAUTY,2,0,0,0,0
2017-08-16,6,BEVERAGES,21,0,0,0,0
2017-08-16,6,BOOKS,0,0,0,0,0
2017-08-16,6,BREAD/BAKERY,12,0,0,0,0
2017-08-16,6,CELEBRATION,0,0,0,0,0
2017-08-16,6,CLEANING,23,0,0,0,0
2017-08-16,6,DAIRY,38,0,0,0,0
2017-08-16,6,DELI,18,0,0,0,0
2017-08-16,6,EGGS,1,0,0,0,0
2017-08-16,6,FROZEN FOODS,1,0,0,0,0
2017-08-16,6,GROCERY I,60,0,0,0,0
2017-08-16,6,GROCERY II,0,0,0,0,0
2017-08-16,6,HARDWARE,0,0,0,0,0
2017-08-16,6,HOME AND KITCHEN I,3,0,0,0,0
2017-08-16,6,HOME AND KITCHEN II,5,0,0,0,0
2017-08-16,6,HOME APPLIANCES,0,0,0,0,0
2017-08-16,6,HOME CARE,10,0,0,0,0
2017-08-16,6,LADIESWEAR,0,0,0,0,0
2017-08-16,6,LAWN AND GARDEN,16,0,0,0,0
2017-08-16,6,LINGERIE,5,0,0,0,0
2017-08-16,6,"LIQUOR,WINE,BEER",10,0,0,0,0
2017-08-16,6,MAGAZINES,0,0,0,0,0
2017-08-16,6,MEATS,0,0,0,0,0
2017-08-16,6,PERSONAL CARE,18,0,0,0,0
2017-08-16,6,PET SUPPLIES,0,0,0,0,0
2017-08-16,6,PLAYERS AND ELECTRONICS,0,0,0,0,0
2017-08-16,6,POULTRY,0,0,0,0,0
2017-08-16,6,PREPARED FOODS,0,0,0,0,0
2017-08-16,6,PRODUCE,252,0,0,0,0
2017-08-16,6,SCHOOL AND OFFICE SUPPLIES,14,0,0,0,0
2017-08-16,6,SEAFOOD,0,0,0,0,0
2017-08-16,7,AUTOMOTIVE,0,0,0,0,0
2017-08-16,7,BABY CARE,0,0,0,0,0
2017-08-16,7,BEAUTY,2,0,0,0,0
2017-08-16,7,BEVERAGES,23,0,0,0,0
2017-08-16,7,BOOKS,0,0,0,0,0
2017-08-16,7,BREAD/BAKERY,12,0,0,0,0
2017-08-16,7,CELEBRATION,0,0,0,0,0
2017-08-16,7,CLEANING,22,0,0,0,0
2017-08-16,7,DAIRY,46,0,0,0,0
2017-08-16,7,DELI,18,0,0,0,0
2017-08-16,7,EGGS,1,0,0,0,0
2017-08-16,7,FROZEN FOODS,1,0,0,0,0
2017-08-16,7,GROCERY I,64,0,0,0,0
2017-08-16,7,GROCERY II,0,0,0,0,0
2017-08-16,7,HARDWARE,0,0,0,0,0
2017-08-16,7,HOME AND KITCHEN I,2,0,0,0,0
2017-08-16,7,HOME AND KITCHEN II,6,0,0,0,0
2017-08-16,7,HOME APPLIANCES,0,0,0,0,0
2017-08-16,7,HOME CARE,12,0,0,0,0
2017-08-16,7,LADIESWEAR,0,0,0,0,0
2017-08-16,7,LAWN AND GARDEN,16,0,0,0,0
2017-08-16,7,LINGERIE,5,0,0,0,0
2017-08-16,7,"LIQUOR,WINE,BEER",10,0,0,0,0
2017-08-16,7,MAGAZINES,0,0,0,0,0
2017-08-16,7,MEATS,0,0,0,0,0
2017-08-16,7,PERSONAL CARE,18,0,0,0,0
2017-08-16,7,PET SUPPLIES,0,0,0,0,0
2017-08-16,7,PLAYERS AND ELECTRONICS,0,0,0,0,0
2017-08-16,7,POULTRY,0,0,0,0,0
2017-08-16,7,PREPARED FOODS,0,0,0,0,0
2017-08-16,7,PRODUCE,254,0,0,0,0
2017-08-16,7,SCHOOL AND OFFICE SUPPLIES,14,0,0,0,0
2017-08-16,7,SEAFOOD,0,0,0,0,0
2017-08-16,8,AUTOMOTIVE,0,0,0,0,0
2017-08-16,8,BABY CARE,0,0,0,0,0
2017-08-16,8,BEAUTY,2,0,0,0,0
2017-08-16,8,BEVERAGES,24,0,0,0,0
2017-08-16,8,BOOKS,0,0,0,0,0
2017-08-16,8,BREAD/BAKERY,12,0,0,0,0
2017-08-16,8,CELEBRATION,0,0,0,0,0
2017-08-16,8,CLEANING,23,0,0,0,0
2017-08-16,8,DAIRY,37,0,0,0,0
2017-08-16,8,DELI,18,0,0,0,0
2017-08-16,8,EGGS,1,0,0,0,0
2017-08-16,8,FROZEN FOODS,1,0,0,0,0
2017-08-16,8,GROCERY I,60,0,0,0,0
2017-08-16,8,GROCERY II,0,0,0,0,0
2017-08-16,8,HARDWARE,0,0,0,0,0
2017-08-16,8,HOME AND KITCHEN I,2,0,0,0,0
2017-08-16,8,HOME AND KITCHEN II,5,0,0,0,0
2017-08-16,8,HOME APPLIANCES,0,0,0,0,0
2017-08-16,8,HOME CARE,12,0,0,0,0
2017-08-16,8,LADIESWEAR,0,0,0,0,0
2017-08-16,8,LAWN AND GARDEN,16,0,0,0,0
2017-08-16,8,LINGERIE,5,0,0,0,0
2017-08-16,8,"LIQUOR,WINE,BEER",11,0,0,0,0
2017-08-16,8,MAGAZINES,0,0,0,0,0
2017-08-16,8,MEATS,0,0,0,0,0
2017-08-16,8,PERSONAL CARE,18,0,0,0,0
2017-08-16,8,PET SUPPLIES,0,0,0,0,0
2017-08-16,8,PLAYERS AND ELECTRONICS,0,0,0,0,0
2017-08-16,8,POULTRY,0,0,0,0,0
2017-08-16,8,PREPARED FOODS,0,0,0,0,0
2017-08-16,8,PRODUCE,252,0,0,0,0
2017-08-16,8,SCHOOL AND OFFICE SUPPLIES,13,0,0,0,0
2017-08-16,8,SEAFOOD,0,0,0,0,0
2017-08-16,9,AUTOMOTIVE,0,0,0,0,0
2017-08-16,9,BABY CARE,0,0,0,0,0
2017-08-16,9,BEAUTY,2,0,0,0,0
2017-08-16,9,BEVERAGES,42,0,0,0,0
2017-08-16,9,BOOKS,0,0,0,0,0
2017-08-16,9,BREAD/BAKERY,13,0,0,0,0
2017-08-16,9,CELEBRATION,0,0,0,0,0
2017-08-16,9,CLEANING,32,0,0,0,0
2017-08-16,9,DAIRY,154,0,0,0,0
2017-08-16,9,DELI,18,0,0,0,0
2017-08-16,9,EGGS,1,0,0,0,0
2017-08-16,9,FROZEN FOODS,1,0,0,0,0
2017-08-16,9,GROCERY I,94,0,0,0,0
2017-08-16,9,GROCERY II,0,0,0,0,0
2017-08-16,9,HARDWARE,0,0,0,0,0
2017-08-16,9,HOME AND KITCHEN I,2,0,0,0,0
2017-08-16,9,HOME AND KITCHEN II,6,0,0,0,0
2017-08-16,9,HOME APPLIANCES,0,0,0,0,0
2017-08-16,9,HOME CARE,15,0,0,0,0
2017-08-16,9,LADIESWEAR,0,0,0,0,0
2017-08-16,9,LAWN AND GARDEN,14,0,0,0,0
2017-08-16,9,LINGERIE,5,0,0,0,0
2017-08-16,9,"LIQUOR,WINE,BEER",8,0,0,0,0
2017-08-16,9,MAGAZINES,0,0,0,0,0
2017-08-16,9,MEATS,0,0,0,0,0
2017-08-16,9,PERSONAL CARE,19,0,0,0,0
2017-08-16,9,PET SUPPLIES,0,0,0,0,0
2017-08-16,9,PLAYERS AND ELECTRONICS,0,0,0,0,0
2017-08-16,9,POULTRY,0,0,0,0,0
2017-08-16,9,PREPARED FOODS,1,0,0,0,0
2017-08-16,9,PRODUCE,158,0,0,0,0
2017-08-16,9,SCHOOL AND OFFICE SUPPLIES,14,0,0,0,0
2017-08-16,9,SEAFOOD,0,0,0,0,0
2017-08-16,10,AUTOMOTIVE,0,0,0,0,0
2017-08-16,10,BABY CARE,0,0,0,0,0
2017-08-16,10,BEAUTY,2,0,0,0,0
2017-08-16,10,BEVERAGES,43,0,0,0,0
2017-08-16,10,BOOKS,0,0,0,0,0
2017-08-16,10,BREAD/BAKERY,15,0,0,0,0
2017-08-16,10,CELEBRATION,0,0,0,0,0
2017-08-16,10,CLEANING,30,0,0,0,0
2017-08-16,10,DAIRY,106,0,0,0,0
2017-08-16,10,DELI,18,0,0,0,0
2017-08-16,10,EGGS,1,0,0,0,0
2017-08-16,10,FROZEN FOODS,1,0,0,0,0
2017-08-16,10,GROCERY I,96,0,0,0,0
2017-08-16,10,GROCERY II,0,0,0,0,0
2017-08-16,10,HARDWARE,0,0,0,0,0
2017-08-16,10,HOME AND KITCHEN I,2,0,0,0,0
2017-08-16,10,HOME AND KITCHEN II,6,0,0,0,0
2017-08-16,10,HOME APPLIANCES,0,0,0,0,0
2017-08-16,10,HOME CARE,15,0,0,0,0
2017-08-16,10,LADIESWEAR,0,0,0,0,0
2017-08-16,10,LAWN AND GARDEN,16,0,0,0,0
2017-08-16,10,LINGERIE,5,0,0,0,0
2017-08-16,10,"LIQUOR,WINE,BEER",10,0,0,0,0
2017-08-16,10,MAGAZINES,0,0,0,0,0
2017-08-16,10,MEATS,0,0,0,0,0
2017-08-16,10,PERSONAL CARE,19,0,0,0,0
2017-08-16,10,PET SUPPLIES,0,0,0,0,0
2017-08-16,10,PLAYERS AND ELECTRONICS,0,0,0,0,0
2017-08-16,10,POULTRY,0,0,0,0,0
2017-08-16,10,PREPARED FOODS,0,0,0,0,0
2017-08-16,10,PRODUCE,230,0,0,0,0
2017-08-16,10,SCHOOL AND OFFICE SUPPLIES,14,0,0,0,0
2017-08-16,10,SEAFOOD,0,0,0,0,0
2017-08-16,11,AUTOMOTIVE,0,0,0,0,0
2017-08-16,11,BABY CARE,0,0,0,0,0
2017-08-16,11,BEAUTY,2,0,0,0,0
2017-08-16,11,BEVERAGES,52,0,0,0,0
2017-08-16,11,BOOKS,0,0,0,0,0
2017-08-16,11,BREAD/BAKERY,16,0,0,0,0
2017-08-16,11,CELEBRATION,0,0,0,0,0
2017-08-16,11,CLEANING,35,0,0,0,0
2017-08-16,11,DAIRY,145,0,0,0,0
2017-08-16,11,DELI,18,0,0,0,0
2017-08-16,11,EGGS,1,0,0,0,0
2017-08-16,11,FROZEN FOODS,1,0,0,0,0
2017-08-16,11,GROCERY I,102,0,0,0,0
2017-08-16,11,GROCERY II,0,0,0,0,0
2017-08-16,11,HARDWARE,0,0,0,0,0
2017-08-16,11,HOME AND KITCHEN I,4,0,0,0,0
2017-08-16,11,HOME AND KITCHEN II,6,0,0,0,0
2017-08-16,11,HOME APPLIANCES,0,0,0,0,0
2017-08-16,11,HOME CARE,14,0,0,0,0
2017-08-16,11,LADIESWEAR,0,0,0,0,0
2017-08-16,11,LAWN AND GARDEN,16,0,0,0,0
2017-08-16,11,LINGERIE,3,0,0,0,0
2017-08-16,11,"LIQUOR,WINE,BEER",8,0,0,0,0
2017-08-16,11,MAGAZINES,0,0,0,0,0
2017-08-16,11,MEATS,0,0,0,0,0
2017-08-16,11,PERSONAL CARE,18,0,0,0,0
2017-08-16,11,PET SUPPLIES,0,0,0,0,0
2017-08-16,11,PLAYERS AND ELECTRONICS,1,0,0,0,0
2017-08-16,11,POULTRY,0,0,0,0,0
2017-08-16,11,PREPARED FOODS,0,0,0,0,0
2017-08-16,11,PRODUCE,163,0,0,0,0
2017-08-16,11,SCHOOL AND OFFICE SUPPLIES,14,0,0,0,0
2017-08-16,11,SEAFOOD,0,0,0,0,0
2017-08-16,12,AUTOMOTIVE,0,0,0,0,0
2017-08-16,12,BABY CARE,0,0,0,0,0
2017-08-16,12,BEAUTY,2,0,0,0,0
2017-08-16,12,BEVERAGES,38,0,0,0,0
2017-08-16,12,BOOKS,0,0,0,0,0
2017-08-16,12,BREAD/BAKERY,17,0,0,0,0
2017-08-16,12,CELEBRATION,0,0,0,0,0
2017-08-16,12,CLEANING,29,0,0,0,0
2017-08-16,12,DAIRY,115,0,0,0,0
2017-08-16,12,DELI,18,0,0,0,0
2017-08-16,12,EGGS,1,0,0,0,0
2017-08-16,12,FROZEN FOODS,1,0,0,0,0
2017-08-16,12,GROCERY I,87,0,0,0,0
2017-08-16,12,GROCERY II,0,0,0,0,0
2017-08-16,12,HARDWARE,0,0,0,0,0
2017-08-16,12,HOME AND KITCHEN I,2,0,0,0,0
2017-08-16,12,HOME AND KITCHEN II,6,0,0,0,0
2017-08-16,12,HOME APPLIANCES,0,0,0,0,0
2017-08-16,12,HOME CARE,15,0,0,0,0
2017-08-16,12,LADIESWEAR,0,0,0,0,0
2017-08-16,12,LAWN AND GARDEN,16,0,0,0,0
2017-08-16,12,LINGERIE,5,0,0,0,0
2017-08-16,12,"LIQUOR,WINE,BEER",9,0,0,0,0
2017-08-16,12,MAGAZINES,0,0,0,0,0
2017-08-16,12,MEATS,0,0,0,0,0
2017-08-16,12,PERSONAL CARE,15,0,0,0,0
2017-08-16,12,PET SUPPLIES,0,0,0,0,0
2017-08-16,12,PLAYERS AND ELECTRONICS,0,0,0,0,0
2017-08-16,12,POULTRY,1,0,0,0,0
2017-08-16,12,PREPARED FOODS,0,0,0,0,0
2017-08-16,12,PRODUCE,219,0,0,0,0
2017-08-16,12,SCHOOL AND OFFICE SUPPLIES,14,0,0,0,0
2017-08-16,12,SEAFOOD,0,0,0,0,0
2017-08-16,13,AUTOMOTIVE,0,0,0,0,0
2017-08-16,13,BABY CARE,0,0,0,0,0
2017-08-16,13,BEAUTY,2,0,0,0,0
2017-08-16,13,BEVERAGES,33,0,0,0,0
2017-08-16,13,BOOKS,0,0,0,0,0
2017-08-16,13,BREAD/BAKERY,16,0,0,0,0
2017-08-16,13,CELEBRATION,0,0,0,0,0
2017-08-16,13,CLEANING,29,0,0,0,0
2017-08-16,13,DAIRY,107,0,0,0,0
2017-08-16,13,DELI,18,0,0,0,0
2017-08-16,13,EGGS,1,0,0,0,0
2017-08-16,13,FROZEN FOODS,1,0,0,0,0
2017-08-16,13,GROCERY I,90,0,0,0,0
2017-08-16,13,GROCERY II,0,0,0,0,0
2017-08-16,13,HARDWARE,0,0,0,0,0
2017-08-16,13,HOME AND KITCHEN I,2,0,0,0,0
2017-08-16,13,HOME AND KITCHEN II,6,0,0,0,0
2017-08-16,13,HOME APPLIANCES,0,0,0,0,0
2017-08-16,13,HOME CARE,14,0,0,0,0
2017-08-16,13,LADIESWEAR,0,0,0,0,0
2017-08-16,13,LAWN AND GARDEN,16,0,0,0,0
2017-08-16,13,LINGERIE,3,0,0,0,0
2017-08-16,13,"LIQUOR,WINE,BEER",10,0,0,0,0
2017-08-16,13,MAGAZINES,0,0,0,0,0
2017-08-16,13,MEATS,0,0,0,0,0
2017-08-16,13,PERSONAL CARE,20,0,0,0,0
2017-08-16,13,PET SUPPLIES,0,0,0,0,0
2017-08-16,13,PLAYERS AND ELECTRONICS,0,0,0,0,0
2017-08-16,13,POULTRY,0,0,0,0,0
2017-08-16,13,PREPARED FOODS,0,0,0,0,0
2017-08-16,13,PRODUCE,244,0,0,0,0
2017-08-16,13,SCHOOL AND OFFICE SUPPLIES,14,0,0,0,0
2017-08-16,13,SEAFOOD,0,0,0,0,0
2017-08-16,14,AUTOMOTIVE,0,0,0,0,0
2017-08-16,14,BABY CARE,0,0,0,0,0
2017-08-16,14,BEAUTY,2,0,0,0,0
2017-08-16,14,BEVERAGES,38,0,0,0,0
2017-08-16,14,BOOKS,0,0,0,0,0
2017-08-16,14,BREAD/BAKERY,15,0,0,0,0
2017-08-16,14,CELEBRATION,0,0,0,0,0
2017-08-16,14,CLEANING,31,0,0,0,0
2017-08-16,14,DAIRY,114,0,0,0,0
2017-08-16,14,DELI,18,0,0,0,0
2017-08-16,14,EGGS,1,0,0,0,0
2017-08-16,14,FROZEN FOODS,1,0,0,0,0
2017-08-16,14,GROCERY I,88,0,0,0,0
2017-08-16,14,GROCERY II,0,0,0,0,0
2017-08-16,14,HARDWARE,0,0,0,0,0
2017-08-16,14,HOME AND KITCHEN I,2,0,0,0,0
2017-08-16,14,HOME AND KITCHEN II,6,0,0,0,0
2017-08-16,14,HOME APPLIANCES,0,0,0,0,0
2017-08-16,14,HOME CARE,14,0,0,0,0
2017-08-16,14,LADIESWEAR,0,0,0,0,0
2017-08-16,14,LAWN AND GARDEN,16,0,0,0,0
2017-08-16,14,LINGERIE,4,0,0,0,0
2017-08-16,14,"LIQUOR,WINE,BEER",9,0,0,0,0
2017-08-16,14,MAGAZINES,0,0,0,0,0
2017-08-16,14,MEATS,0,0,0,0,0
2017-08-16,14,PERSONAL CARE,17,0,0,0,0
2017-08-16,14,PET SUPPLIES,0,0,0,0,0
2017-08-16,14,PLAYERS AND ELECTRONICS,0,0,0,0,0
2017-08-16,14,POULTRY,0,0,0,0,0
2017-08-16,14,PREPARED FOODS,0,0,0,0,0
2017-08-16,14,PRODUCE,223,0,0,0,0
2017-08-16,14,SCHOOL AND OFFICE SUPPLIES,14,0,0,0,0
2017-08-16,14,SEAFOOD,0,0,0,0,0
2017-08-16,15,AUTOMOTIVE,0,0,0,0,0
2017-08-16,15,BABY CARE,0,0,0,0,0
2017-08-16,15,BEAUTY,2,0,0,0,0
2017-08-16,15,BEVERAGES,45,0,0,0,0
2017-08-16,15,BOOKS,0,0,0,0,0
2017-08-16,15,BREAD/BAKERY,17,0,0,0,0
2017-08-16,15,CELEBRATION,0,0,0,0,0
2017-08-16,15,CLEANING,32,0,0,0,0
2017-08-16,15,DAIRY,114,0,0,0,0
2017-08-16,15,DELI,19,0,0,0,0
2017-08-16,15,EGGS,2,0,0,0,0
2017-08-16,15,FROZEN FOODS,1,0,0,0,0
2017-08-16,15,GROCERY I,105,0,0,0,0
2017-08-16,15,GROCERY II,0,0,0,0,0
2017-08-16,15,HARDWARE,0,0,0,0,0
2017-08-16,15,HOME AND KITCHEN I,2,0,0,0,0
2017-08-16,15,HOME AND KITCHEN II,6,0,0,0,0
2017-08-16,15,HOME APPLIANCES,0,0,0,0,0
2017-08-16,15,HOME CARE,15,0,0,0,0
2017-08-16,15,LADIESWEAR,0,0,0,0,0
2017-08-16,15,LAWN AND GARDEN,16,0,0,0,0
2017-08-16,15,LINGERIE,5,0,0,0,0
2017-08-16,15,"LIQUOR,WINE,BEER",8,0,0,0,0
2017-08-16,15,MAGAZINES,0,0,0,0,0
2017-08-16,15,MEATS,0,0,0,0,0
2017-08-16,15,PERSONAL CARE,16,0,0,0,0
2017-08-16,15,PET SUPPLIES,0,0,0,0,0
2017-08-16,15,PLAYERS AND ELECTRONICS,0,0,0,0,0
2017-08-16,15,POULTRY,0,0,0,0,0
2017-08-16,15,PREPARED FOODS,0,0,0,0,0
2017-08-16,15,PRODUCE,208,0,0,0,0
2017-08-16,15,SCHOOL AND OFFICE SUPPLIES,14,0,0,0,0
2017-08-16,15,SEAFOOD,0,0,0,0,0
2017-08-16,16,AUTOMOTIVE,0,0,0,0,0
2017-08-16,16,BABY CARE,0,0,0,0,0
2017-08-16,16,BEAUTY,2,0,0,0,0
2017-08-16,16,BEVERAGES,34,0,0,0,0
2017-08-16,16,BOOKS,0,0,0,0,0
2017-08-16,16,BREAD/BAKERY,15,0,0,0,0
2017-08-16,16,CELEBRATION,0,0,0,0,0
2017-08-16,16,CLEANING,31,0,0,0,0
2017-08-16,16,DAIRY,108,0,0,0,0
2017-08-16,16,DELI,18,0,0,0,0
2017-08-16,16,EGGS,1,0,0,0,0
2017-08-16,16,FROZEN FOODS,1,0,0,0,0
2017-08-16,16,GROCERY I,97,0,0,0,0
2017-08-16,16,GROCERY II,0,0,0,0,0
2017-08-16,16,HARDWARE,0,0,0,0,0
2017-08-16,16,HOME AND KITCHEN I,2,0,0,0,0
2017-08-16,16,HOME AND KITCHEN II,6,0,0,0,0
2017-08-16,16,HOME APPLIANCES,0,0,0,0,0
2017-08-16,16,HOME CARE,14,0,0,0,0
2017-08-16,16,LADIESWEAR,0,0,0,0,0
2017-08-16,16,LAWN AND GARDEN,16,0,0,0,0
2017-08-16,16,LINGERIE,5,0,0,0,0
2017-08-16,16,"LIQUOR,WINE,BEER",9,0,0,0,0
2017-08-16,16,MAGAZINES,0,0,0,0,0
2017-08-16,16,MEATS,0,0,0,0,0
2017-08-16,16,PERSONAL CARE,19,0,0,0,0
2017-08-16,16,PET SUPPLIES,0,0,0,0,0
2017-08-16,16,PLAYERS AND ELECTRONICS,0,0,0,0,0
2017-08-16,16,POULTRY,1,0,0,0,0
2017-08-16,16,PREPARED FOODS,1,0,0,0,0
2017-08-16,16,PRODUCE,211,0,0,0,0
2017-08-16,16,SCHOOL AND OFFICE SUPPLIES,14,0,0,0,0
2017-08-16,16,SEAFOOD,0,0,0,0,0
2017-08-16,17,AUTOMOTIVE,0,0,0,0,0
2017-08-16,17,BABY CARE,0,0,0,0,0
2017-08-16,17,BEAUTY,2,0,0,0,0
2017-08-16,17,BEVERAGES,34,0,0,0,0
2017-08-16,17,BOOKS,0,0,0,0,0
2017-08-16,17,BREAD/BAKERY,15,0,0,0,0
2017-08-16,17,CELEBRATION,0,0,0,0,0
2017-08-16,17,CLEANING,30,0,0,0,0
2017-08-16,17,DAIRY,139,0,0,0,0
2017-08-16,17,DELI,18,0,0,0,0
2017-08-16,17,EGGS,1,0,0,0,0
2017-08-16,17,FROZEN FOODS,1,0,0,0,0
2017-08-16,17,GROCERY I,91,0,0,0,0
2017-08-16,17,GROCERY II,0,0,0,0,0
2017-08-16,17,HARDWARE,0,0,0,0,0
2017-08-16,17,HOME AND KITCHEN I,2,0,0,0,0
2017-08-16,17,HOME AND KITCHEN II,6,0,0,0,0
2017-08-16,17,HOME APPLIANCES,0,0,0,0,0
2017-08-16,17,HOME CARE,16,0,0,0,0
2017-08-16,17,LADIESWEAR,0,0,0,0,0
2017-08-16,17,LAWN AND GARDEN,16,0,0,0,0
2017-08-16,17,LINGERIE,5,0,0,0,0
2017-08-16,17,"LIQUOR,WINE,BEER",9,0,0,0,0
2017-08-16,17,MAGAZINES,0,0,0,0,0
2017-08-16,17,MEATS,0,0,0,0,0
2017-08-16,17,PERSONAL CARE,16,0,0,0,0
2017-08-16,17,PET SUPPLIES,0,0,0,0,0
2017-08-16,17,PLAYERS AND ELECTRONICS,0,0,0,0,0
2017-08-16,17,POULTRY,0,0,0,0,0
2017-08-16,17,PREPARED FOODS,0,0,0,0,0
2017-08-16,17,PRODUCE,177,0,0,0,0
2017-08-16,17,SCHOOL AND OFFICE SUPPLIES,14,0,0,0,0
2017-08-16,17,SEAFOOD,0,0,0,0,0
2017-08-16,18,AUTOMOTIVE,0,0,0,0,0
2017-08-16,18,BABY CARE,0,0,0,0,0
2017-08-16,18,BEAUTY,2,0,0,0,0
2017-08-16,18,BEVERAGES,40,0,0,0,0
2017-08-16,18,BOOKS,0,0,0,0,0
2017-08-16,18,BREAD/BAKERY,17,0,0,0,0
2017-08-16,18,CELEBRATION,0,0,0,0,0
2017-08-16,18,CLEANING,34,0,0,0,0
2017-08-16,18,DAIRY,161,0,0,0,0
2017-08-16,18,DELI,18,0,0,0,0
2017-08-16,18,EGGS,1,0,0,0,0
2017-08-16,18,FROZEN FOODS,1,0,0,0,0
2017-08-16,18,GROCERY I,97,0,0,0,0
2017-08-16,18,GROCERY II,0,0,0,0,0
2017-08-16,18,HARDWARE,0,0,0,0,0
2017-08-16,18,HOME AND KITCHEN I,2,0,0,0,0
2017-08-16,18,HOME AND KITCHEN II,6,0,0,0,0
2017-08-16,18,HOME APPLIANCES,0,0,0,0,0
2017-08-16,18,HOME CARE,16,0,0,0,0
2017-08-16,18,LADIESWEAR,0,0,0,0,0
2017-08-16,18,LAWN AND GARDEN,15,0,0,0,0
2017-08-16,18,LINGERIE,6,0,0,0,0
2017-08-16,18,"LIQUOR,WINE,BEER",9,0,0,0,0
2017-08-16,18,MAGAZINES,0,0,0,0,0
2017-08-16,18,MEATS,0,0,0,0,0
2017-08-16,18,PERSONAL CARE,21,0,0,0,0
2017-08-16,18,PET SUPPLIES,0,0,0,0,0
2017-08-16,18,PLAYERS AND ELECTRONICS,0,0,0,0,0
2017-08-16,18,POULTRY,1,0,0,0,0
2017-08-16,18,PREPARED FOODS,1,0,0,0,0
2017-08-16,18,PRODUCE,156,0,0,0,0
2017-08-16,18,SCHOOL AND OFFICE SUPPLIES,14,0,0,0,0
2017-08-16,18,SEAFOOD,0,0,0,0,0
2017-08-16,19,AUTOMOTIVE,0,0,0,0,0
2017-08-16,19,BABY CARE,0,0,0,0,0
2017-08-16,19,BEAUTY,2,0,0,0,0
2017-08-16,19,BEVERAGES,39,0,0,0,0
2017-08-16,19,BOOKS,0,0,0,0,0
2017-08-16,19,BREAD/BAKERY,15,0,0,0,0
2017-08-16,19,CELEBRATION,0,0,0,0,0
2017-08-16,19,CLEANING,28,0,0,0,0
2017-08-16,19,DAIRY,116,0,0,0,0
2017-08-16,19,DELI,18,0,0,0,0
2017-08-16,19,EGGS,1,0,0,0,0
2017-08-16,19,FROZEN FOODS,1,0,0,0,0
2017-08-16,19,GROCERY I,89,0,0,0,0
2017-08-16,19,GROCERY II,0,0,0,0,0
2017-08-16,19,HARDWARE,0,0,0,0,0
2017-08-16,19,HOME AND KITCHEN I,2,0,0,0,0
2017-08-16,19,HOME AND KITCHEN II,6,0,0,0,0
2017-08-16,19,HOME APPLIANCES,0,0,0,0,0
2017-08-16,19,HOME CARE,14,0,0,0,0
2017-08-16,19,LADIESWEAR,0,0,0,0,0
2017-08-16,19,LAWN AND GARDEN,16,0,0,0,0
2017-08-16,19,LINGERIE,4,0,0,0,0
2017-08-16,19,"LIQUOR,WINE,BEER",10,0,0,0,0
2017-08-16,19,MAGAZINES,0,0,0,0,0
2017-08-16,19,MEATS,0,0,0,0,0
2017-08-16,19,PERSONAL CARE,15,0,0,0,0
2017-08-16,19,PET SUPPLIES,0,0,0,0,0
2017-08-16,19,PLAYERS AND ELECTRONICS,0,0,0,0,0
2017-08-16,19,POULTRY,0,0,0,0,0
2017-08-16,19,PREPARED FOODS,0,0,0,0,0
2017-08-16,19,PRODUCE,220,0,0,0,0
2017-08-16,19,SCHOOL AND OFFICE SUPPLIES,14,0,0,0,0
2017-08-16,19,SEAFOOD,0,0,0,0,0
2017-08-16,20,AUTOMOTIVE,0,0,0,0,0
2017-08-16,20,BABY CARE,0,0,0,0,0
2017-08-16,20,BEAUTY,2,0,0,0,0
2017-08-16,20,BEVERAGES,39,0,0,0,0
2017-08-16,20,BOOKS,0,0,0,0,0
2017-08-16,20,BREAD/BAKERY,16,0,0,0,0
2017-08-16,20,CELEBRATION,0,0,0,0,0
2017-08-16,20,CLEANING,30,0,0,0,0
2017-08-16,20,DAIRY,150,0,0,0,0
2017-08-16,20,DELI,18,0,0,0,0
2017-08-16,20,EGGS,1,0,0,0,0
2017-08-16,20,FROZEN FOODS,1,0,0,0,0
2017-08-16,20,GROCERY I,92,0,0,0,0
2017-08-16,20,GROCERY II,0,0,0,0,0
2017-08-16,20,HARDWARE,0,0,0,0,0
2017-08-16,20,HOME AND KITCHEN I,2,0,0,0,0
2017-08-16,20,HOME AND KITCHEN II,6,0,0,0,0
2017-08-16,20,HOME APPLIANCES,0,0,0,0,0
2017-08-16,20,HOME CARE,14,0,0,0,0
2017-08-16,20,LADIESWEAR,0,0,0,0,0
2017-08-16,20,LAWN AND GARDEN,12,0,0,0,0
2017-08-16,20,LINGERIE,5,0,0,0,0
2017-08-16,20,"LIQUOR,WINE,BEER",9,0,0,0,0
2017-08-16,20,MAGAZINES,0,0,0,0,0
2017-08-16,20,MEATS,0,0,0,0,0
2017-08-16,20,PERSONAL CARE,19,0,0,0,0
2017-08-16,20,PET SUPPLIES,0,0,0,0,0
2017-08-16,20,PLAYERS AND ELECTRONICS,0,0,0,0,0
2017-08-16,20,POULTRY,0,0,0,0,0
2017-08-16,20,PREPARED FOODS,0,0,0,0,0
2017-08-16,20,PRODUCE,178,0,0,0,0
2017-08-16,20,SCHOOL AND OFFICE SUPPLIES,13,0,0,0,0
2017-08-16,20,SEAFOOD,0,0,0,0,0
2017-08-16,21,AUTOMOTIVE,0,0,0,0,0
2017-08-16,21,BABY CARE,0,0,0,0,0
2017-08-16,21,BEAUTY,2,0,0,0,0
2017-08-16,21,BEVERAGES,46,0,0,0,0
2017-08-16,21,BOOKS,0,0,0,0,0
2017-08-16,21,BREAD/BAKERY,16,0,0,0,0
2017-08-16,21,CELEBRATION,0,0,0,0,0
2017-08-16,21,CLEANING,32,0,0,0,0
2017-08-16,21,DAIRY,148,0,0,0,0
2017-08-16,21,DELI,18,0,0,0,0
2017-08-16,21,EGGS,1,0,0,0,0
2017-08-16,21,FROZEN FOODS,1,0,0,0,0
2017-08-16,21,GROCERY I,98,0,0,0,0
2017-08-16,21,GROCERY II,0,0,0,0,0
2017-08-16,21,HARDWARE,0,0,0,0,0
2017-08-16,21,HOME AND KITCHEN I,2,0,0,0,0
2017-08-16,21,HOME AND KITCHEN II,6,0,0,0,0
2017-08-16,21,HOME APPLIANCES,0,0,0,0,0
2017-08-16,21,HOME CARE,15,0,0,0,0
2017-08-16,21,LADIESWEAR,0,0,0,0,0
2017-08-16,21,LAWN AND GARDEN,16,0,0,0,0
2017-08-16,21,LINGERIE,5,0,0,0,0
2017-08-16,21,"LIQUOR,WINE,BEER",9,0,0,0,0
2017-08-16,21,MAGAZINES,0,0,0,0,0
2017-08-16,21,MEATS,0,0,0,0,0
2017-08-16,21,PERSONAL CARE,18,0,0,0,0
2017-08-16,21,PET SUPPLIES,0,0,0,0,0
2017-08-16,21,PLAYERS AND ELECTRONICS,1,0,0,0,0
2017-08-16,21,POULTRY,0,0,0,0,0
2017-08-16,21,PREPARED FOODS,0,0,0,0,0
2017-08-16,21,PRODUCE,170,0,0,0,0
2017-08-16,21,SCHOOL AND OFFICE SUPPLIES,14,0,0,0,0
2017-08-16,21,SEAFOOD,0,0,0,0,0
2017-08-16,22,AUTOMOTIVE,0,0,0,0,0
2017-08-16,22,BABY CARE,0,0,0,0,0
2017-08-16,22,BEAUTY,2,0,0,0,0
2017-08-16,22,BEVERAGES,37,0,0,0,0
2017-08-16,22,BOOKS,0,0,0,0,0
2017-08-16,22,BREAD/BAKERY,15,0,0,0,0
2017-08-16,22,CELEBRATION,0,0,0,0,0
2017-08-16,22,CLEANING,32,0,0,0,0
2017-08-16,22,DAIRY,122,0,0,0,0
2017-08-16,22,DELI,18,0,0,0,0
2017-08-16,22,EGGS,1,0,0,0,0
2017-08-16,22,FROZEN FOODS,1,0,0,0,0
2017-08-16,22,GROCERY I,89,0,0,0,0
2017-08-16,22,GROCERY II,0,0,0,0,0
2017-08-16,22,HARDWARE,0,0,0,0,0
2017-08-16,22,HOME AND KITCHEN I,2,0,0,0,0
2017-08-16,22,HOME AND KITCHEN II,6,0,0,0,0
2017-08-16,22,HOME APPLIANCES,0,0,0,0,0
2017-08-16,22,HOME CARE,15,0,0,0,0
2017-08-16,22,LADIESWEAR,0,0,0,0,0
2017-08-16,22,LAWN AND GARDEN,16,0,0,0,0
2017-08-16,22,LINGERIE,2,0,0,0,0
2017-08-16,22,"LIQUOR,WINE,BEER",10,0,0,0,0
2017-08-16,22,MAGAZINES,0,0,0,0,0
2017-08-16,22,MEATS,0,0,0,0,0
2017-08-16,22,PERSONAL CARE,17,0,0,0,0
2017-08-16,22,PET SUPPLIES,0,0,0,0,0
2017-08-16,22,PLAYERS AND ELECTRONICS,0,0,0,0,0
2017-08-16,22,POULTRY,0,0,0,0,0
2017-08-16,22,PREPARED FOODS,1,0,0,0,0
2017-08-16,22,PRODUCE,203,0,0,0,0
2017-08-16,22,SCHOOL AND OFFICE SUPPLIES,12,0,0,0,0
2017-08-16,22,SEAFOOD,0,0,0,0,0
2017-08-16,23,AUTOMOTIVE,0,0,0,0,0
2017-08-16,23,BABY CARE,0,0,0,0,0
2017-08-16,23,BEAUTY,2,0,0,0,0
2017-08-16,23,BEVERAGES,21,0,0,0,0
2017-08-16,23,BOOKS,0,0,0,0,0
2017-08-16,23,BREAD/BAKERY,12,0,0,0,0
2017-08-16,23,CELEBRATION,0,0,0,0,0
2017-08-16,23,CLEANING,24,0,0,0,0
2017-08-16,23,DAIRY,45,0,0,0,0
2017-08-16,23,DELI,18,0,0,0,0
2017-08-16,23,EGGS,1,0,0,0,0
2017-08-16,23,FROZEN FOODS,1,0,0,0,0
2017-08-16,23,GROCERY I,70,0,0,0,0
2017-08-16,23,GROCERY II,0,0,0,0,0
2017-08-16,23,HARDWARE,0,0,0,0,0
2017-08-16,23,HOME AND KITCHEN I,2,0,0,0,0
2017-08-16,23,HOME AND KITCHEN II,6,0,0,0,0
2017-08-16,23,HOME APPLIANCES,0,0,0,0,0
2017-08-16,23,HOME CARE,12,0,0,0,0
2017-08-16,23,LADIESWEAR,0,0,0,0,0
2017-08-16,23,LAWN AND GARDEN,16,0,0,0,0
2017-08-16,23,LINGERIE,5,0,0,0,0
2017-08-16,23,"LIQUOR,WINE,BEER",9,0,0,0,0
2017-08-16,23,MAGAZINES,0,0,0,0,0
2017-08-16,23,MEATS,0,0,0,0,0
2017-08-16,23,PERSONAL CARE,19,0,0,0,0
2017-08-16,23,PET SUPPLIES,0,0,0,0,0
2017-08-16,23,PLAYERS AND ELECTRONICS,0,0,0,0,0
2017-08-16,23,POULTRY,0,0,0,0,0
2017-08-16,23,PREPARED FOODS,0,0,0,0,0
2017-08-16,23,PRODUCE,253,0,0,0,0
2017-08-16,23,SCHOOL AND OFFICE SUPPLIES,14,0,0,0,0
2017-08-16,23,SEAFOOD,0,0,0,0,0
2017-08-16,24,AUTOMOTIVE,0,0,0,0,0
2017-08-16,24,BABY CARE,0,0,0,0,0
2017-08-16,24,BEAUTY,2,0,0,0,0
2017-08-16,24,BEVERAGES,24,0,0,0,0
2017-08-16,24,BOOKS,0,0,0,0,0
2017-08-16,24,BREAD/BAKERY,12,0,0,0,0
2017-08-16,24,CELEBRATION,0,0,0,0,0
2017-08-16,24,CLEANING,23,0,0,0,0
2017-08-16,24,DAIRY,41,0,0,0,0
2017-08-16,24,DELI,18,0,0,0,0
2017-08-16,24,EGGS,1,0,0,0,0
2017-08-16,24,FROZEN FOODS,1,0,0,0,0
2017-08-16,24,GROCERY I,63,0,0,0,0
2017-08-16,24,GROCERY II,0,0,0,0,0
2017-08-16,24,HARDWARE,0,0,0,0,0
2017-08-16,24,HOME AND KITCHEN I,2,0,0,0,0
2017-08-16,24,HOME AND KITCHEN II,6,0,0,0,0
2017-08-16,24,HOME APPLIANCES,0,0,0,0,0
2017-08-16,24,HOME CARE,11,0,0,0,0
2017-08-16,24,LADIESWEAR,0,0,0,0,0
2017-08-16,24,LAWN AND GARDEN,16,0,0,0,0
2017-08-16,24,LINGERIE,5,0,0,0,0
2017-08-16,24,"LIQUOR,WINE,BEER",9,0,0,0,0
2017-08-16,24,MAGAZINES,0,0,0,0,0
2017-08-16,24,MEATS,0,0,0,0,0
2017-08-16,24,PERSONAL CARE,16,0,0,0,0
2017-08-16,24,PET SUPPLIES,0,0,0,0,0
2017-08-16,24,PLAYERS AND ELECTRONICS,0,0,0,0,0
2017-08-16,24,POULTRY,0,0,0,0,0
2017-08-16,24,PREPARED FOODS,0,0,0,0,0
2017-08-16,24,PRODUCE,254,0,0,0,0
2017-08-16,24,SCHOOL AND OFFICE SUPPLIES,14,0,0,0,0
2017-08-16,24,SEAFOOD,0,0,0,0,0
2017-08-16,25,AUTOMOTIVE,0,0,0,0,0
2017-08-16,25,BABY CARE,0,0,0,0,0
2017-08-16,25,BEAUTY,2,0,0,0,0
2017-08-16,25,BEVERAGES,22,0,0,0,0
2017-08-16,25,BOOKS,0,0,0,0,0
2017-08-16,25,BREAD/BAKERY,12,0,0,0,0
2017-08-16,25,CELEBRATION,0,0,0,0,0
2017-08-16,25,CLEANING,23,0,0,0,0
2017-08-16,25,DAIRY,44,0,0,0,0
2017-08-16,25,DELI,18,0,0,0,0
2017-08-16,25,EGGS,1,0,0,0,0
2017-08-16,25,FROZEN FOODS,1,0,0,0,0
2017-08-16,25,GROCERY I,63,0,0,0,0
2017-08-16,25,GROCERY II,0,0,0,0,0
2017-08-16,25,HARDWARE,0,0,0,0,0
2017-08-16,25,HOME AND KITCHEN I,2,0,0,0,0
2017-08-16,25,HOME AND KITCHEN II,6,0,0,0,0
2017-08-16,25,HOME APPLIANCES,0,0,0,0,0
2017-08-16,25,HOME CARE,12,0,0,0,0
2017-08-16,25,LADIESWEAR,0,0,0,0,0
2017-08-16,25,LAWN AND GARDEN,16,0,0,0,0
2017-08-16,25,LINGERIE,5,0,0,0,0
2017-08-16,25,"LIQUOR,WINE,BEER",9,0,0,0,0
2017-08-16,25,MAGAZINES,0,0,0,0,0
2017-08-16,25,MEATS,0,0,0,0,0
2017-08-16,25,PERSONAL CARE,18,0,0,0,0
2017-08-16,25,PET SUPPLIES,0,0,0,0,0
2017-08-16,25,PLAYERS AND ELECTRONICS,0,0,0,0,0
2017-08-16,25,POULTRY,0,0,0,0,0
2017-08-16,25,PREPARED FOODS,0,0,0,0,0
2017-08-16,25,PRODUCE,253,0,0,0,0
2017-08-16,25,SCHOOL AND OFFICE SUPPLIES,13,0,0,0,0
2017-08-16,25,SEAFOOD,0,0,0,0,0
2017-08-16,26,AUTOMOTIVE,0,0,0,0,0
2017-08-16,26,BABY CARE,0,0,0,0,0
2017-08-16,26,BEAUTY,2,0,0,0,0
2017-08-16,26,BEVERAGES,23,0,0,0,0
2017-08-16,26,BOOKS,0,0,0,0,0
2017-08-16,26,BREAD/BAKERY,12,0,0,0,0
2017-08-16,26,CELEBRATION,0,0,0,0,0
2017-08-16,26,CLEANING,22,0,0,0,0
2017-08-16,26,DAIRY,42,0,0,0,0
2017-08-16,26,DELI,18,0,0,0,0
2017-08-16,26,EGGS,1,0,0,0,0
2017-08-16,26,FROZEN FOODS,1,0,0,0,0
2017-08-16,26,GROCERY I,65,0,0,0,0
2017-08-16,26,GROCERY II,0,0,0,0,0
2017-08-16,26,HARDWARE,0,0,0,0,0
2017-08-16,26,HOME AND KITCHEN I,2,0,0,0,0
2017-08-16,26,HOME AND KITCHEN II,5,0,0,0,0
2017-08-16,26,HOME APPLIANCES,0,0,0,0,0
2017-08-16,26,HOME CARE,13,0,0,0,0
2017-08-16,26,LADIESWEAR,0,0,0,0,0
2017-08-16,26,LAWN AND GARDEN,16,0,0,0,0
2017-08-16,26,LINGERIE,5,0,0,0,0
2017-08-16,26,"LIQUOR,WINE,BEER",10,0,0,0,0
2017-08-16,26,MAGAZINES,0,0,0,0,0
2017-08-16,26,MEATS,0,0,0,0,0
2017-08-16,26,PERSONAL CARE,19,0,0,0,0
2017-08-16,26,PET SUPPLIES,0,0,0,0,0
2017-08-16,26,PLAYERS AND ELECTRONICS,0,0,0,0,0
2017-08-16,26,POULTRY,1,0,0,0,0
2017-08-16,26,PREPARED FOODS,0,0,0,0,0
2017-08-16,26,PRODUCE,252,0,0,0,0
2017-08-16,26,SCHOOL AND OFFICE SUPPLIES,13,0,0,0,0
2017-08-16,26,SEAFOOD,0,0,0,0,0
2017-08-16,27,AUTOMOTIVE,0,0,0,0,0
2017-08-16,27,BABY CARE,0,0,0,0,0
2017-08-16,27,BEAUTY,2,0,0,0,0
2017-08-16,27,BEVERAGES,24,0,0,0,0
2017-08-16,27,BOOKS,0,0,0,0,0
2017-08-16,27,BREAD/BAKERY,13,0,0,0,0
2017-08-16,27,CELEBRATION,0,0,0,0,0
2017-08-16,27,CLEANING,20,0,0,0,0
2017-08-16,27,DAIRY,41,0,0,0,0
2017-08-16,27,DELI,18,0,0,0,0
2017-08-16,27,EGGS,1,0,0,0,0
2017-08-16,27,FROZEN FOODS,1,0,0,0,0
2017-08-16,27,GROCERY I,65,0,0,0,0
2017-08-16,27,GROCERY II,0,0,0,0,0
2017-08-16,27,HARDWARE,0,0,0,0,0
2017-08-16,27,HOME AND KITCHEN I,2,0,0,0,0
2017-08-16,27,HOME AND KITCHEN II,6,0,0,0,0
2017-08-16,27,HOME APPLIANCES,0,0,0,0,0
2017-08-16,27,HOME CARE,12,0,0,0,0
2017-08-16,27,LADIESWEAR,0,0,0,0,0
2017-08-16,27,LAWN AND GARDEN,16,0,0,0,0
2017-08-16,27,LINGERIE,5,0,0,0,0
2017-08-16,27,"LIQUOR,WINE,BEER",10,0,0,0,0
2017-08-16,27,MAGAZINES,0,0,0,0,0
2017-08-16,27,MEATS,0,0,0,0,0
2017-08-16,27,PERSONAL CARE,19,0,0,0,0
2017-08-16,27,PET SUPPLIES,0,0,0,0,0
2017-08-16,27,PLAYERS AND ELECTRONICS,0,0,0,0,0
2017-08-16,27,POULTRY,0,0,0,0,0
2017-08-16,27,PREPARED FOODS,0,0,0,0,0
2017-08-16,27,PRODUCE,255,0,0,0,0
2017-08-16,27,SCHOOL AND OFFICE SUPPLIES,13,0,0,0,0
2017-08-16,27,SEAFOOD,0,0,0,0,0
2017-08-16,28,AUTOMOTIVE,0,0,0,0,0
2017-08-16,28,BABY CARE,0,0,0,0,0
2017-08-16,28,BEAUTY,2,0,0,0,0
2017-08-16,28,BEVERAGES,47,0,0,0,0
2017-08-16,28,BOOKS,0,0,0,0,0
2017-08-16,28,BREAD/BAKERY,18,0,0,0,0
2017-08-16,28,CELEBRATION,0,0,0,0,0
2017-08-16,28,CLEANING,32,0,0,0,0
2017-08-16,28,DAIRY,151,0,0,0,0
2017-08-16,28,DELI,18,0,0,0,0
2017-08-16,28,EGGS,1,0,0,0,0
2017-08-16,28,FROZEN FOODS,1,0,0,0,0
2017-08-16,28,GROCERY I,101,0,0,0,0
2017-08-16,28,GROCERY II,0,0,0,0,0
2017-08-16,28,HARDWARE,0,0,0,0,0
2017-08-16,28,HOME AND KITCHEN I,2,0,0,0,0
2017-08-16,28,HOME AND KITCHEN II,6,0,0,0,0
2017-08-16,28,HOME APPLIANCES,0,0,0,0,0
2017-08-16,28,HOME CARE,16,0,0,0,0
2017-08-16,28,LADIESWEAR,0,0,0,0,0
2017-08-16,28,LAWN AND GARDEN,14,0,0,0,0
2017-08-16,28,LINGERIE,3,0,0,0,0
2017-08-16,28,"LIQUOR,WINE,BEER",10,0,0,0,0
2017-08-16,28,MAGAZINES,0,0,0,0,0
2017-08-16,28,MEATS,0,0,0,0,0
2017-08-16,28,PERSONAL CARE,18,0,0,0,0
2017-08-16,28,PET SUPPLIES,0,0,0,0,0
2017-08-16,28,PLAYERS AND ELECTRONICS,0,0,0,0,0
2017-08-16,28,POULTRY,0,0,0,0,0
2017-08-16,28,PREPARED FOODS,0,0,0,0,0
2017-08-16,28,PRODUCE,175,0,0,0,0
2017-08-16,28,SCHOOL AND OFFICE SUPPLIES,13,0,0,0,0
2017-08-16,28,SEAFOOD,0,0,0,0,0
2017-08-16,29,AUTOMOTIVE,0,0,0,0,0
2017-08-16,29,BABY CARE,0,0,0,0,0
2017-08-16,29,BEAUTY,2,0,0,0,0
2017-08-16,29,BEVERAGES,47,0,0,0,0
2017-08-16,29,BOOKS,0,0,0,0,0
2017-08-16,29,BREAD/BAKERY,18,0,0,0,0
2017-08-16,29,CELEBRATION,0,0,0,0,0
2017-08-16,29,CLEANING,36,0,0,0,0
2017-08-16,29,DAIRY,152,0,0,0,0
2017-08-16,29,DELI,18,0,0,0,0
2017-08-16,29,EGGS,1,0,0,0,0
2017-08-16,29,FROZEN FOODS,1,0,0,0,0
2017-08-16,29,GROCERY I,104,0,0,0,0
2017-08-16,29,GROCERY II,0,0,0,0,0
2017-08-16,29,HARDWARE,0,0,0,0,0
2017-08-16,29,HOME AND KITCHEN I,2,0,0,0,0
2017-08-16,29,HOME AND KITCHEN II,6,0,0,0,0
2017-08-16,29,HOME APPLIANCES,0,0,0,0,0
2017-08-16,29,HOME CARE,14,0,0,0,0
2017-08-16,29,LADIESWEAR,0,0,0,0,0
2017-08-16,29,LAWN AND GARDEN,15,0,0,0,0
2017-08-16,29,LINGERIE,4,0,0,0,0
2017-08-16,29,"LIQUOR,WINE,BEER",9,0,0,0,0
2017-08-16,29,MAGAZINES,0,0,0,0,0
2017-08-16,29,MEATS,0,0,0,0,0
2017-08-16,29,PERSONAL CARE,20,0,0,0,0
2017-08-16,29,PET SUPPLIES,0,0,0,0,0
2017-08-16,29,PLAYERS AND ELECTRONICS,0,0,0,0,0
2017-08-16,29,POULTRY,0,0,0,0,0
2017-08-16,29,PREPARED FOODS,1,0,0,0,0
2017-08-16,29,PRODUCE,168,0,0,0,0
2017-08-16,29,SCHOOL AND OFFICE SUPPLIES,14,0,0,0,0
2017-08-16,29,SEAFOOD,0,0,0,0,0
2017-08-16,30,AUTOMOTIVE,0,0,0,0,0
2017-08-16,30,BABY CARE,0,0,0,0,0
2017-08-16,30,BEAUTY,2,0,0,0,0
2017-08-16,30,BEVERAGES,45,0,0,0,0
2017-08-16,30,BOOKS,0,0,0,0,0
2017-08-16,30,BREAD/BAKERY,14,0,0,0,0
2017-08-16,30,CELEBRATION,0,0,0,0,0
2017-08-16,30,CLEANING,30,0,0,0,0
2017-08-16,30,DAIRY,110,0,0,0,0
2017-08-16,30,DELI,18,0,0,0,0
2017-08-16,30,EGGS,1,0,0,0,0
2017-08-16,30,FROZEN FOODS,1,0,0,0,0
2017-08-16,30,GROCERY I,93,0,0,0,0
2017-08-16,30,GROCERY II,0,0,0,0,0
2017-08-16,30,HARDWARE,0,0,0,0,0
2017-08-16,30,HOME AND KITCHEN I,2,0,0,0,0
2017-08-16,30,HOME AND KITCHEN II,6,0,0,0,0
2017-08-16,30,HOME APPLIANCES,0,0,0,0,0
2017-08-16,30,HOME CARE,15,0,0,0,0
2017-08-16,30,LADIESWEAR,0,0,0,0,0
2017-08-16,30,LAWN AND GARDEN,16,0,0,0,0
2017-08-16,30,LINGERIE,4,0,0,0,0
2017-08-16,30,"LIQUOR,WINE,BEER",9,0,0,0,0
2017-08-16,30,MAGAZINES,0,0,0,0,0
2017-08-16,30,MEATS,0,0,0,0,0
2017-08-16,30,PERSONAL CARE,16,0,0,0,0
2017-08-16,30,PET SUPPLIES,0,0,0,0,0
2017-08-16,30,PLAYERS AND ELECTRONICS,0,0,0,0,0
2017-08-16,30,POULTRY,0,0,0,0,0
2017-08-16,30,PREPARED FOODS,0,0,0,0,0
2017-08-16,30,PRODUCE,205,0,0,0,0
2017-08-16,30,SCHOOL AND OFFICE SUPPLIES,14,0,0,0,0
2017-08-16,30,SEAFOOD,0,0,0,0,0
2017-08-16,31,AUTOMOTIVE,0,0,0,0,0
2017-08-16,31,BABY CARE,0,0,0,0,0
2017-08-16,31,BEAUTY,2,0,0,0,0
2017-08-16,31,BEVERAGES,42,0,0,0,0
2017-08-16,31,BOOKS,0,0,0,0,0
2017-08-16,31,BREAD/BAKERY,17,0,0,0,0
2017-08-16,31,CELEBRATION,0,0,0,0,0
2017-08-16,31,CLEANING,32,0,0,0,0
2017-08-16,31,DAIRY,141,0,0,0,0
2017-08-16,31,DELI,18,0,0,0,0
2017-08-16,31,EGGS,1,0,0,0,0
2017-08-16,31,FROZEN FOODS,1,0,0,0,0
2017-08-16,31,GROCERY I,97,0,0,0,0
2017-08-16,31,GROCERY II,0,0,0,0,0
2017-08-16,31,HARDWARE,0,0,0,0,0
2017-08-16,31,HOME AND KITCHEN I,2,0,0,0,0
2017-08-16,31,HOME AND KITCHEN II,6,0,0,0,0
2017-08-16,31,HOME APPLIANCES,0,0,0,0,0
2017-08-16,31,HOME CARE,15,0,0,0,0
2017-08-16,31,LADIESWEAR,0,0,0,0,0
2017-08-16,31,LAWN AND GARDEN,15,0,0,0,0
2017-08-16,31,LINGERIE,4,0,0,0,0
2017-08-16,31,"LIQUOR,WINE,BEER",10,0,0,0,0
2017-08-16,31,MAGAZINES,0,0,0,0,0
2017-08-16,31,MEATS,0,0,0,0,0
2017-08-16,31,PERSONAL CARE,19,0,0,0,0
2017-08-16,31,PET SUPPLIES,0,0,0,0,0
2017-08-16,31,PLAYERS AND ELECTRONICS,0,0,0,0,0
2017-08-16,31,POULTRY,1,0,0,0,0
2017-08-16,31,PREPARED FOODS,1,0,0,0,0
2017-08-16,31,PRODUCE,172,0,0,0,0
2017-08-16,31,SCHOOL AND OFFICE SUPPLIES,14,0,0,0,0
2017-08-16,31,SEAFOOD,0,0,0,0,0
2017-08-16,32,AUTOMOTIVE,0,0,0,0,0
2017-08-16,32,BABY CARE,0,0,0,0,0
2017-08-16,32,BEAUTY,2,0,0,0,0
2017-08-16,32,BEVERAGES,33,0,0,0,0
2017-08-16,32,BOOKS,0,0,0,0,0
2017-08-16,32,BREAD/BAKERY,15,0,0,0,0
2017-08-16,32,CELEBRATION,0,0,0,0,0
2017-08-16,32,CLEANING,32,0,0,0,0
2017-08-16,32,DAIRY,98,0,0,0,0
2017-08-16,32,DELI,18,0,0,0,0
2017-08-16,32,EGGS,1,0,0,0,0
2017-08-16,32,FROZEN FOODS,1,0,0,0,0
2017-08-16,32,GROCERY I,94,0,0,0,0
2017-08-16,32,GROCERY II,0,0,0,0,0
2017-08-16,32,HARDWARE,0,0,0,0,0
2017-08-16,32,HOME AND KITCHEN I,2,0,0,0,0
2017-08-16,32,HOME AND KITCHEN II,6,0,0,0,0
2017-08-16,32,HOME APPLIANCES,0,0,0,0,0
2017-08-16,32,HOME CARE,14,0,0,0,0
2017-08-16,32,LADIESWEAR,0,0,0,0,0
2017-08-16,32,LAWN AND GARDEN,16,0,0,0,0
2017-08-16,32,LINGERIE,5,0,0,0,0
2017-08-16,32,"LIQUOR,WINE,BEER",10,0,0,0,0
2017-08-16,32,MAGAZINES,0,0,0,0,0
2017-08-16,32,MEATS,0,0,0,0,0
2017-08-16,32,PERSONAL CARE,19,0,0,0,0
2017-08-16,32,PET SUPPLIES,0,0,0,0,0
2017-08-16,32,PLAYERS AND ELECTRONICS,0,0,0,0,0
2017-08-16,32,POULTRY,0,0,0,0,0
2017-08-16,32,PREPARED FOODS,0,0,0,0,0
2017-08-16,32,PRODUCE,225,0,0,0,0
2017-08-16,32,SCHOOL AND OFFICE SUPPLIES,14,0,0,0,0
2017-08-16,32,SEAFOOD,0,0,0,0,0
2017-08-16,33,AUTOMOTIVE,0,0,0,0,0
2017-08-16,33,BABY CARE,0,0,0,0,0
2017-08-16,33,BEAUTY,2,0,0,0,0
2017-08-16,33,BEVERAGES,40,0,0,0,0
2017-08-16,33,BOOKS,0,0,0,0,0
2017-08-16,33,BREAD/BAKERY,15,0,0,0,0
2017-08-16,33,CELEBRATION,0,0,0,0,0
2017-08-16,33,CLEANING,28,0,0,0,0
2017-08-16,33,DAIRY,126,0,0,0,0
2017-08-16,33,DELI,18,0,0,0,0
2017-08-16,33,EGGS,1,0,0,0,0
2017-08-16,33,FROZEN FOODS,1,0,0,0,0
2017-08-16,33,GROCERY I,95,0,0,0,0
2017-08-16,33,GROCERY II,0,0,0,0,0
2017-08-16,33,HARDWARE,0,0,0,0,0
2017-08-16,33,HOME AND KITCHEN I,2,0,0,0,0
2017-08-16,33,HOME AND KITCHEN II,6,0,0,0,0
2017-08-16,33,HOME APPLIANCES,0,0,0,0,0
2017-08-16,33,HOME CARE,15,0,0,0,0
2017-08-16,33,LADIESWEAR,0,0,0,0,0
2017-08-16,33,LAWN AND GARDEN,16,0,0,0,0
2017-08-16,33,LINGERIE,3,0,0,0,0
2017-08-16,33,"LIQUOR,WINE,BEER",10,0,0,0,0
2017-08-16,33,MAGAZINES,0,0,0,0,0
2017-08-16,33,MEATS,0,0,0,0,0
2017-08-16,33,PERSONAL CARE,15,0,0,0,0
2017-08-16,33,PET SUPPLIES,0,0,0,0,0
2017-08-16,33,PLAYERS AND ELECTRONICS,0,0,0,0,0
2017-08-16,33,POULTRY,0,0,0,0,0
2017-08-16,33,PREPARED FOODS,1,0,0,0,0
2017-08-16,33,PRODUCE,197,0,0,0,0
2017-08-16,33,SCHOOL AND OFFICE SUPPLIES,14,0,0,0,0
2017-08-16,33,SEAFOOD,0,0,0,0,0
2017-08-16,34,AUTOMOTIVE,0,0,0,0,0
2017-08-16,34,BABY CARE,0,0,0,0,0
2017-08-16,34,BEAUTY,2,0,0,0,0
2017-08-16,34,BEVERAGES,41,0,0,0,0
2017-08-16,34,BOOKS,0,0,0,0,0
2017-08-16,34,BREAD/BAKERY,17,0,0,0,0
2017-08-16,34,CELEBRATION,0,0,0,0,0
2017-08-16,34,CLEANING,33,0,0,0,0
2017-08-16,34,DAIRY,138,0,0,0,0
2017-08-16,34,DELI,18,0,0,0,0
2017-08-16,34,EGGS,1,0,0,0,0
2017-08-16,34,FROZEN FOODS,1,0,0,0,0
2017-08-16,34,GROCERY I,102,0,0,0,0
2017-08-16,34,GROCERY II,0,0,0,0,0
2017-08-16,34,HARDWARE,0,0,0,0,0
2017-08-16,34,HOME AND KITCHEN I,2,0,0,0,0
2017-08-16,34,HOME AND KITCHEN II,6,0,0,0,0
2017-08-16,34,HOME APPLIANCES,0,0,0,0,0
2017-08-16,34,HOME CARE,14,0,0,0,0
2017-08-16,34,LADIESWEAR,0,0,0,0,0
2017-08-16,34,LAWN AND GARDEN,14,0,0,0,0
2017-08-16,34,LINGERIE,5,0,0,0,0
2017-08-16,34,"LIQUOR,WINE,BEER",10,0,0,0,0
2017-08-16,34,MAGAZINES,0,0,0,0,0
2017-08-16,34,MEATS,0,0,0,0,0
2017-08-16,34,PERSONAL CARE,20,0,0,0,0
2017-08-16,34,PET SUPPLIES,0,0,0,0,0
2017-08-16,34,PLAYERS AND ELECTRONICS,0,0,0,0,0
2017-08-16,34,POULTRY,0,0,0,0,0
2017-08-16,34,PREPARED FOODS,1,0,0,0,0
2017-08-16,34,PRODUCE,203,0,0,0,0
2017-08-16,34,SCHOOL AND OFFICE SUPPLIES,11,0,0,0,0
2017-08-16,34,SEAFOOD,0,0,0,0,0
2017-08-16,35,AUTOMOTIVE,0,0,0,0,0
2017-08-16,35,BABY CARE,0,0,0,0,0
2017-08-16,35,BEAUTY,2,0,0,0,0
2017-08-16,35,BEVERAGES,40,0,0,0,0
2017-08-16,35,BOOKS,0,0,0,0,0
2017-08-16,35,BREAD/BAKERY,16,0,0,0,0
2017-08-16,35,CELEBRATION,0,0,0,0,0
2017-08-16,35,CLEANING,28,0,0,0,0
2017-08-16,35,DAIRY,101,0,0,0,0
2017-08-16,35,DELI,18,0,0,0,0
2017-08-16,35,EGGS,2,0,0,0,0
2017-08-16,35,FROZEN FOODS,1,0,0,0,0
2017-08-16,35,GROCERY I,92,0,0,0,0
2017-08-16,35,GROCERY II,0,0,0,0,0
2017-08-16,35,HARDWARE,0,0,0,0,0
2017-08-16,35,HOME AND KITCHEN I,2,0,0,0,0
2017-08-16,35,HOME AND KITCHEN II,6,0,0,0,0
2017-08-16,35,HOME APPLIANCES,0,0,0,0,0
2017-08-16,35,HOME CARE,14,0,0,0,0
2017-08-16,35,LADIESWEAR,0,0,0,0,0
2017-08-16,35,LAWN AND GARDEN,16,0,0,0,0
2017-08-16,35,LINGERIE,5,0,0,0,0
2017-08-16,35,"LIQUOR,WINE,BEER",9,0,0,0,0
2017-08-16,35,MAGAZINES,0,0,0,0,0
2017-08-16,35,MEATS,0,0,0,0,0
2017-08-16,35,PERSONAL CARE,19,0,0,0,0
2017-08-16,35,PET SUPPLIES,0,0,0,0,0
2017-08-16,35,PLAYERS AND ELECTRONICS,0,0,0,0,0
2017-08-16,35,POULTRY,0,0,0,0,0
2017-08-16,35,PREPARED FOODS,0,0,0,0,0
2017-08-16,35,PRODUCE,212,0,0,0,0
2017-08-16,35,SCHOOL AND OFFICE SUPPLIES,14,0,0,0,0
2017-08-16,35,SEAFOOD,0,0,0,0,0
2017-08-16,36,AUTOMOTIVE,0,0,0,0,0
2017-08-16,36,BABY CARE,0,0,0,0,0
2017-08-16,36,BEAUTY,2,0,0,0,0
2017-08-16,36,BEVERAGES,40,0,0,0,0
2017-08-16,36,BOOKS,0,0,0,0,0
2017-08-16,36,BREAD/BAKERY,16,0,0,0,0
2017-08-16,36,CELEBRATION,0,0,0,0,0
2017-08-16,36,CLEANING,33,0,0,0,0
2017-08-16,36,DAIRY,142,0,0,0,0
2017-08-16,36,DELI,18,0,0,0,0
2017-08-16,36,EGGS,1,0,0,0,0
2017-08-16,36,FROZEN FOODS,1,0,0,0,0
2017-08-16,36,GROCERY I,99,0,0,0,0
2017-08-16,36,GROCERY II,0,0,0,0,0
2017-08-16,36,HARDWARE,0,0,0,0,0
2017-08-16,36,HOME AND KITCHEN I,2,0,0,0,0
2017-08-16,36,HOME AND KITCHEN II,6,0,0,0,0
2017-08-16,36,HOME APPLIANCES,0,0,0,0,0
2017-08-16,36,HOME CARE,16,0,0,0,0
2017-08-16,36,LADIESWEAR,0,0,0,0,0
2017-08-16,36,LAWN AND GARDEN,12,0,0,0,0
2017-08-16,36,LINGERIE,5,0,0,0,0
2017-08-16,36,"LIQUOR,WINE,BEER",10,0,0,0,0
2017-08-16,36,MAGAZINES,0,0,0,0,0
2017-08-16,36,MEATS,0,0,0,0,0
2017-08-16,36,PERSONAL CARE,19,0,0,0,0
2017-08-16,36,PET SUPPLIES,0,0,0,0,0
2017-08-16,36,PLAYERS AND ELECTRONICS,0,0,0,0,0
2017-08-16,36,POULTRY,0,0,0,0,0
2017-08-16,36,PREPARED FOODS,0,0,0,0,0
2017-08-16,36,PRODUCE,173,0,0,0,0
2017-08-16,36,SCHOOL AND OFFICE SUPPLIES,14,0,0,0,0
2017-08-16,36,SEAFOOD,0,0,0,0,0
2017-08-16,37,AUTOMOTIVE,0,0,0,0,0
2017-08-16,37,BABY CARE,0,0,0,0,0
2017-08-16,37,BEAUTY,2,0,0,0,0
2017-08-16,37,BEVERAGES,26,0,0,0,0
2017-08-16,37,BOOKS,0,0,0,0,0
2017-08-16,37,BREAD/BAKERY,12,0,0,0,0
2017-08-16,37,CELEBRATION,0,0,0,0,0
2017-08-16,37,CLEANING,24,0,0,0,0
2017-08-16,37,DAIRY,47,0,0,0,0
2017-08-16,37,DELI,18,0,0,0,0
2017-08-16,37,EGGS,1,0,0,0,0
2017-08-16,37,FROZEN FOODS,1,0,0,0,0
2017-08-16,37,GROCERY I,65,0,0,0,0
2017-08-16,37,GROCERY II,0,0,0,0,0
2017-08-16,37,HARDWARE,0,0,0,0,0
2017-08-16,37,HOME AND KITCHEN I,2,0,0,0,0
2017-08-16,37,HOME AND KITCHEN II,6,0,0,0,0
2017-08-16,37,HOME APPLIANCES,0,0,0,0,0
2017-08-16,37,HOME CARE,13,0,0,0,0
2017-08-16,37,LADIESWEAR,0,0,0,0,0
2017-08-16,37,LAWN AND GARDEN,16,0,0,0,0
2017-08-16,37,LINGERIE,5,0,0,0,0
2017-08-16,37,"LIQUOR,WINE,BEER",9,0,0,0,0
2017-08-16,37,MAGAZINES,0,0,0,0,0
2017-08-16,37,MEATS,0,0,0,0,0
2017-08-16,37,PERSONAL CARE,18,0,0,0,0
2017-08-16,37,PET SUPPLIES,0,0,0,0,0
2017-08-16,37,PLAYERS AND ELECTRONICS,0,0,0,0,0
2017-08-16,37,POULTRY,0,0,0,0,0
2017-08-16,37,PREPARED FOODS,0,0,0,0,0
2017-08-16,37,PRODUCE,253,0,0,0,0
2017-08-16,37,SCHOOL AND OFFICE SUPPLIES,14,0,0,0,0
2017-08-16,37,SEAFOOD,0,0,0,0,0
2017-08-16,38,AUTOMOTIVE,0,0,0,0,0
2017-08-16,38,BABY CARE,0,0,0,0,0
2017-08-16,38,BEAUTY,2,0,0,0,0
2017-08-16,38,BEVERAGES,23,0,0,0,0
2017-08-16,38,BOOKS,0,0,0,0,0
2017-08-16,38,BREAD/BAKERY,12,0,0,0,0
2017-08-16,38,CELEBRATION,0,0,0,0,0
2017-08-16,38,CLEANING,20,0,0,0,0
2017-08-16,38,DAIRY,45,0,0,0,0
2017-08-16,38,DELI,19,0,0,0,0
2017-08-16,38,EGGS,1,0,0,0,0
2017-08-16,38,FROZEN FOODS,1,0,0,0,0
2017-08-16,38,GROCERY I,57,0,0,0,0
2017-08-16,38,GROCERY II,0,0,0,0,0
2017-08-16,38,HARDWARE,0,0,0,0,0
2017-08-16,38,HOME AND KITCHEN I,2,0,0,0,0
2017-08-16,38,HOME AND KITCHEN II,6,0,0,0,0
2017-08-16,38,HOME APPLIANCES,0,0,0,0,0
2017-08-16,38,HOME CARE,11,0,0,0,0
2017-08-16,38,LADIESWEAR,0,0,0,0,0
2017-08-16,38,LAWN AND GARDEN,16,0,0,0,0
2017-08-16,38,LINGERIE,5,0,0,0,0
2017-08-16,38,"LIQUOR,WINE,BEER",10,0,0,0,0
2017-08-16,38,MAGAZINES,0,0,0,0,0
2017-08-16,38,MEATS,0,0,0,0,0
2017-08-16,38,PERSONAL CARE,17,0,0,0,0
2017-08-16,38,PET SUPPLIES,0,0,0,0,0
2017-08-16,38,PLAYERS AND ELECTRONICS,1,0,0,0,0
2017-08-16,38,POULTRY,0,0,0,0,0
2017-08-16,38,PREPARED FOODS,0,0,0,0,0
2017-08-16,38,PRODUCE,253,0,0,0,0
2017-08-16,38,SCHOOL AND OFFICE SUPPLIES,14,0,0,0,0
2017-08-16,38,SEAFOOD,0,0,0,0,0
2017-08-16,39,AUTOMOTIVE,0,0,0,0,0
2017-08-16,39,BABY CARE,0,0,0,0,0
2017-08-16,39,BEAUTY,2,0,0,0,0
2017-08-16,39,BEVERAGES,51,0,0,0,0
2017-08-16,39,BOOKS,0,0,0,0,0
2017-08-16,39,BREAD/BAKERY,15,0,0,0,0
2017-08-16,39,CELEBRATION,0,0,0,0,0
2017-08-16,39,CLEANING,34,0,0,0,0
2017-08-16,39,DAIRY,155,0,0,0,0
2017-08-16,39,DELI,18,0,0,0,0
2017-08-16,39,EGGS,1,0,0,0,0
2017-08-16,39,FROZEN FOODS,1,0,0,0,0
2017-08-16,39,GROCERY I,107,0,0,0,0
2017-08-16,39,GROCERY II,0,0,0,0,0
2017-08-16,39,HARDWARE,0,0,0,0,0
2017-08-16,39,HOME AND KITCHEN I,2,0,0,0,0
2017-08-16,39,HOME AND KITCHEN II,6,0,0,0,0
2017-08-16,39,HOME APPLIANCES,0,0,0,0,0
2017-08-16,39,HOME CARE,16,0,0,0,0
2017-08-16,39,LADIESWEAR,0,0,0,0,0
2017-08-16,39,LAWN AND GARDEN,13,0,0,0,0
2017-08-16,39,LINGERIE,5,0,0,0,0
2017-08-16,39,"LIQUOR,WINE,BEER",10,0,0,0,0
2017-08-16,39,MAGAZINES,0,0,0,0,0
2017-08-16,39,MEATS,0,0,0,0,0
2017-08-16,39,PERSONAL CARE,19,0,0,0,0
2017-08-16,39,PET SUPPLIES,0,0,0,0,0
2017-08-16,39,PLAYERS AND ELECTRONICS,0,0,0,0,0
2017-08-16,39,POULTRY,1,0,0,0,0
2017-08-16,39,PREPARED FOODS,0,0,0,0,0
2017-08-16,39,PRODUCE,142,0,0,0,0
2017-08-16,39,SCHOOL AND OFFICE SUPPLIES,14,0,0,0,0
2017-08-16,39,SEAFOOD,0,0,0,0,0
2017-08-16,40,AUTOMOTIVE,0,0,0,0,0
2017-08-16,40,BABY CARE,0,0,0,0,0
2017-08-16,40,BEAUTY,2,0,0,0,0
2017-08-16,40,BEVERAGES,46,0,0,0,0
2017-08-16,40,BOOKS,0,0,0,0,0
2017-08-16,40,BREAD/BAKERY,18,0,0,0,0
2017-08-16,40,CELEBRATION,0,0,0,0,0
2017-08-16,40,CLEANING,31,0,0,0,0
2017-08-16,40,DAIRY,129,0,0,0,0
2017-08-16,40,DELI,18,0,0,0,0
2017-08-16,40,EGGS,1,0,0,0,0
2017-08-16,40,FROZEN FOODS,1,0,0,0,0
2017-08-16,40,GROCERY I,106,0,0,0,0
2017-08-16,40,GROCERY II,0,0,0,0,0
2017-08-16,40,HARDWARE,0,0,0,0,0
2017-08-16,40,HOME AND KITCHEN I,2,0,0,0,0
2017-08-16,40,HOME AND KITCHEN II,6,0,0,0,0
2017-08-16,40,HOME APPLIANCES,0,0,0,0,0
2017-08-16,40,HOME CARE,14,0,0,0,0
2017-08-16,40,LADIESWEAR,0,0,0,0,0
2017-08-16,40,LAWN AND GARDEN,16,0,0,0,0
2017-08-16,40,LINGERIE,4,0,0,0,0
2017-08-16,40,"LIQUOR,WINE,BEER",9,0,0,0,0
2017-08-16,40,MAGAZINES,0,0,0,0,0
2017-08-16,40,MEATS,0,0,0,0,0
2017-08-16,40,PERSONAL CARE,18,0,0,0,0
2017-08-16,40,PET SUPPLIES,0,0,0,0,0
2017-08-16,40,PLAYERS AND ELECTRONICS,0,0,0,0,0
2017-08-16,40,POULTRY,0,0,0,0,0
2017-08-16,40,PREPARED FOODS,0,0,0,0,0
2017-08-16,40,PRODUCE,182,0,0,0,0
2017-08-16,40,SCHOOL AND OFFICE SUPPLIES,14,0,0,0,0
2017-08-16,40,SEAFOOD,0,0,0,0,0
2017-08-16,41,AUTOMOTIVE,0,0,0,0,0
2017-08-16,41,BABY CARE,0,0,0,0,0
2017-08-16,41,BEAUTY,2,0,0,0,0
2017-08-16,41,BEVERAGES,21,0,0,0,0
2017-08-16,41,BOOKS,0,0,0,0,0
2017-08-16,41,BREAD/BAKERY,12,0,0,0,0
2017-08-16,41,CELEBRATION,0,0,0,0,0
2017-08-16,41,CLEANING,24,0,0,0,0
2017-08-16,41,DAIRY,42,0,0,0,0
2017-08-16,41,DELI,18,0,0,0,0
2017-08-16,41,EGGS,1,0,0,0,0
2017-08-16,41,FROZEN FOODS,1,0,0,0,0
2017-08-16,41,GROCERY I,62,0,0,0,0
2017-08-16,41,GROCERY II,0,0,0,0,0
2017-08-16,41,HARDWARE,0,0,0,0,0
2017-08-16,41,HOME AND KITCHEN I,2,0,0,0,0
2017-08-16,41,HOME AND KITCHEN II,6,0,0,0,0
2017-08-16,41,HOME APPLIANCES,0,0,0,0,0
2017-08-16,41,HOME CARE,11,0,0,0,0
2017-08-16,41,LADIESWEAR,0,0,0,0,0
2017-08-16,41,LAWN AND GARDEN,16,0,0,0,0
2017-08-16,41,LINGERIE,5,0,0,0,0
2017-08-16,41,"LIQUOR,WINE,BEER",8,0,0,0,0
2017-08-16,41,MAGAZINES,0,0,0,0,0
2017-08-16,41,MEATS,0,0,0,0,0
2017-08-16,41,PERSONAL CARE,17,0,0,0,0
2017-08-16,41,PET SUPPLIES,0,0,0,0,0
2017-08-16,41,PLAYERS AND ELECTRONICS,1,0,0,0,0
2017-08-16,41,POULTRY,1,0,0,0,0
2017-08-16,41,PREPARED FOODS,0,0,0,0,0
2017-08-16,41,PRODUCE,252,0,0,0,0
2017-08-16,41,SCHOOL AND OFFICE SUPPLIES,13,0,0,0,0
2017-08-16,41,SEAFOOD,0,0,0,0,0
2017-08-16,42,AUTOMOTIVE,0,0,0,0,0
2017-08-16,42,BABY CARE,0,0,0,0,0
2017-08-16,42,BEAUTY,2,0,0,0,0
2017-08-16,42,BEVERAGES,19,0,0,0,0
2017-08-16,42,BOOKS,0,0,0,0,0
2017-08-16,42,BREAD/BAKERY,12,0,0,0,0
2017-08-16,42,CELEBRATION,0,0,0,0,0
2017-08-16,42,CLEANING,25,0,0,0,0
2017-08-16,42,DAIRY,41,0,0,0,0
2017-08-16,42,DELI,18,0,0,0,0
2017-08-16,42,EGGS,1,0,0,0,0
2017-08-16,42,FROZEN FOODS,1,0,0,0,0
2017-08-16,42,GROCERY I,65,0,0,0,0
2017-08-16,42,GROCERY II,0,0,0,0,0
2017-08-16,42,HARDWARE,0,0,0,0,0
2017-08-16,42,HOME AND KITCHEN I,2,0,0,0,0
2017-08-16,42,HOME AND KITCHEN II,6,0,0,0,0
2017-08-16,42,HOME APPLIANCES,0,0,0,0,0
2017-08-16,42,HOME CARE,11,0,0,0,0
2017-08-16,42,LADIESWEAR,0,0,0,0,0
2017-08-16,42,LAWN AND GARDEN,16,0,0,0,0
2017-08-16,42,LINGERIE,5,0,0,0,0
2017-08-16,42,"LIQUOR,WINE,BEER",10,0,0,0,0
2017-08-16,42,MAGAZINES,0,0,0,0,0
2017-08-16,42,MEATS,0,0,0,0,0
2017-08-16,42,PERSONAL CARE,17,0,0,0,0
2017-08-16,42,PET SUPPLIES,0,0,0,0,0
2017-08-16,42,PLAYERS AND ELECTRONICS,0,0,0,0,0
2017-08-16,42,POULTRY,0,0,0,0,0
2017-08-16,42,PREPARED FOODS,0,0,0,0,0
2017-08-16,42,PRODUCE,255,0,0,0,0
2017-08-16,42,SCHOOL AND OFFICE SUPPLIES,14,0,0,0,0
2017-08-16,42,SEAFOOD,0,0,0,0,0
2017-08-16,43,AUTOMOTIVE,0,0,0,0,0
2017-08-16,43,BABY CARE,0,0,0,0,0
2017-08-16,43,BEAUTY,2,0,0,0,0
2017-08-16,43,BEVERAGES,41,0,0,0,0
2017-08-16,43,BOOKS,0,0,0,0,0
2017-08-16,43,BREAD/BAKERY,16,0,0,0,0
2017-08-16,43,CELEBRATION,0,0,0,0,0
2017-08-16,43,CLEANING,30,0,0,0,0
2017-08-16,43,DAIRY,146,0,0,0,0
2017-08-16,43,DELI,18,0,0,0,0
2017-08-16,43,EGGS,1,0,0,0,0
2017-08-16,43,FROZEN FOODS,1,0,0,0,0
2017-08-16,43,GROCERY I,92,0,0,0,0
2017-08-16,43,GROCERY II,0,0,0,0,0
2017-08-16,43,HARDWARE,0,0,0,0,0
2017-08-16,43,HOME AND KITCHEN I,2,0,0,0,0
2017-08-16,43,HOME AND KITCHEN II,6,0,0,0,0
2017-08-16,43,HOME APPLIANCES,0,0,0,0,0
2017-08-16,43,HOME CARE,13,0,0,0,0
2017-08-16,43,LADIESWEAR,0,0,0,0,0
2017-08-16,43,LAWN AND GARDEN,14,0,0,0,0
2017-08-16,43,LINGERIE,5,0,0,0,0
2017-08-16,43,"LIQUOR,WINE,BEER",10,0,0,0,0
2017-08-16,43,MAGAZINES,0,0,0,0,0
2017-08-16,43,MEATS,0,0,0,0,0
2017-08-16,43,PERSONAL CARE,18,0,0,0,0
2017-08-16,43,PET SUPPLIES,0,0,0,0,0
2017-08-16,43,PLAYERS AND ELECTRONICS,0,0,0,0,0
2017-08-16,43,POULTRY,0,0,0,0,0
2017-08-16,43,PREPARED FOODS,0,0,0,0,0
2017-08-16,43,PRODUCE,159,0,0,0,0
2017-08-16,43,SCHOOL AND OFFICE SUPPLIES,11,0,0,0,0
2017-08-16,43,SEAFOOD,0,0,0,0,0
2017-08-16,44,AUTOMOTIVE,0,0,0,0,0
2017-08-16,44,BABY CARE,0,0,0,0,0
2017-08-16,44,BEAUTY,2,0,0,0,0
2017-08-16,44,BEVERAGES,23,0,0,0,0
2017-08-16,44,BOOKS,0,0,0,0,0
2017-08-16,44,BREAD/BAKERY,13,0,0,0,0
2017-08-16,44,CELEBRATION,0,0,0,0,0
2017-08-16,44,CLEANING,21,0,0,0,0
2017-08-16,44,DAIRY,38,0,0,0,0
2017-08-16,44,DELI,18,0,0,0,0
2017-08-16,44,EGGS,1,0,0,0,0
2017-08-16,44,FROZEN FOODS,1,0,0,0,0
2017-08-16,44,GROCERY I,56,0,0,0,0
2017-08-16,44,GROCERY II,0,0,0,0,0
2017-08-16,44,HARDWARE,0,0,0,0,0
2017-08-16,44,HOME AND KITCHEN I,2,0,0,0,0
2017-08-16,44,HOME AND KITCHEN II,6,0,0,0,0
2017-08-16,44,HOME APPLIANCES,0,0,0,0,0
2017-08-16,44,HOME CARE,11,0,0,0,0
2017-08-16,44,LADIESWEAR,6,0,0,0,0
2017-08-16,44,LAWN AND GARDEN,16,0,0,0,0
2017-08-16,44,LINGERIE,6,0,0,0,0
2017-08-16,44,"LIQUOR,WINE,BEER",11,0,0,0,0
2017-08-16,44,MAGAZINES,0,0,0,0,0
2017-08-16,44,MEATS,0,0,0,0,0
2017-08-16,44,PERSONAL CARE,19,0,0,0,0
2017-08-16,44,PET SUPPLIES,0,0,0,0,0
2017-08-16,44,PLAYERS AND ELECTRONICS,0,0,0,0,0
2017-08-16,44,POULTRY,0,0,0,0,0
2017-08-16,44,PREPARED FOODS,0,0,0,0,0
2017-08-16,44,PRODUCE,255,0,0,0,0
2017-08-16,44,SCHOOL AND OFFICE SUPPLIES,14,0,0,0,0
2017-08-16,44,SEAFOOD,0,0,0,0,0
2017-08-16,45,AUTOMOTIVE,0,0,0,0,0
2017-08-16,45,BABY CARE,0,0,0,0,0
2017-08-16,45,BEAUTY,2,0,0,0,0
2017-08-16,45,BEVERAGES,24,0,0,0,0
2017-08-16,45,BOOKS,0,0,0,0,0
2017-08-16,45,BREAD/BAKERY,12,0,0,0,0
2017-08-16,45,CELEBRATION,0,0,0,0,0
2017-08-16,45,CLEANING,22,0,0,0,0
2017-08-16,45,DAIRY,40,0,0,0,0
2017-08-16,45,DELI,18,0,0,0,0
2017-08-16,45,EGGS,1,0,0,0,0
2017-08-16,45,FROZEN FOODS,1,0,0,0,0
2017-08-16,45,GROCERY I,59,0,0,0,0
2017-08-16,45,GROCERY II,0,0,0,0,0
2017-08-16,45,HARDWARE,0,0,0,0,0
2017-08-16,45,HOME AND KITCHEN I,2,0,0,0,0
2017-08-16,45,HOME AND KITCHEN II,6,0,0,0,0
2017-08-16,45,HOME APPLIANCES,0,0,0,0,0
2017-08-16,45,HOME CARE,11,0,0,0,0
2017-08-16,45,LADIESWEAR,9,0,0,0,0
2017-08-16,45,LAWN AND GARDEN,16,0,0,0,0
2017-08-16,45,LINGERIE,6,0,0,0,0
2017-08-16,45,"LIQUOR,WINE,BEER",8,0,0,0,0
2017-08-16,45,MAGAZINES,0,0,0,0,0
2017-08-16,45,MEATS,0,0,0,0,0
2017-08-16,45,PERSONAL CARE,19,0,0,0,0
2017-08-16,45,PET SUPPLIES,0,0,0,0,0
2017-08-16,45,PLAYERS AND ELECTRONICS,1,0,0,0,0
2017-08-16,45,POULTRY,0,0,0,0,0
2017-08-16,45,PREPARED FOODS,0,0,0,0,0
2017-08-16,45,PRODUCE,256,0,0,0,0
2017-08-16,45,SCHOOL AND OFFICE SUPPLIES,14,0,0,0,0
2017-08-16,45,SEAFOOD,0,0,0,0,0
2017-08-16,46,AUTOMOTIVE,0,0,0,0,0
2017-08-16,46,BABY CARE,0,0,0,0,0
2017-08-16,46,BEAUTY,2,0,0,0,0
2017-08-16,46,BEVERAGES,19,0,0,0,0
2017-08-16,46,BOOKS,0,0,0,0,0
2017-08-16,46,BREAD/BAKERY,12,0,0,0,0
2017-08-16,46,CELEBRATION,0,0,0,0,0
2017-08-16,46,CLEANING,23,0,0,0,0
2017-08-16,46,DAIRY,35,0,0,0,0
2017-08-16,46,DELI,18,0,0,0,0
2017-08-16,46,EGGS,1,0,0,0,0
2017-08-16,46,FROZEN FOODS,1,0,0,0,0
2017-08-16,46,GROCERY I,60,0,0,0,0
2017-08-16,46,GROCERY II,0,0,0,0,0
2017-08-16,46,HARDWARE,0,0,0,0,0
2017-08-16,46,HOME AND KITCHEN I,2,0,0,0,0
2017-08-16,46,HOME AND KITCHEN II,6,0,0,0,0
2017-08-16,46,HOME APPLIANCES,0,0,0,0,0
2017-08-16,46,HOME CARE,11,0,0,0,0
2017-08-16,46,LADIESWEAR,4,0,0,0,0
2017-08-16,46,LAWN AND GARDEN,16,0,0,0,0
2017-08-16,46,LINGERIE,5,0,0,0,0
2017-08-16,46,"LIQUOR,WINE,BEER",9,0,0,0,0
2017-08-16,46,MAGAZINES,0,0,0,0,0
2017-08-16,46,MEATS,0,0,0,0,0
2017-08-16,46,PERSONAL CARE,18,0,0,0,0
2017-08-16,46,PET SUPPLIES,0,0,0,0,0
2017-08-16,46,PLAYERS AND ELECTRONICS,1,0,0,0,0
2017-08-16,46,POULTRY,0,0,0,0,0
2017-08-16,46,PREPARED FOODS,0,0,0,0,0
2017-08-16,46,PRODUCE,255,0,0,0,0
2017-08-16,46,SCHOOL AND OFFICE SUPPLIES,14,0,0,0,0
2017-08-16,46,SEAFOOD,0,0,0,0,0
2017-08-16,47,AUTOMOTIVE,0,0,0,0,0
2017-08-16,47,BABY CARE,0,0,0,0,0
2017-08-16,47,BEAUTY,2,0,0,0,0
2017-08-16,47,BEVERAGES,22,0,0,0,0
2017-08-16,47,BOOKS,0,0,0,0,0
2017-08-16,47,BREAD/BAKERY,12,0,0,0,0
2017-08-16,47,CELEBRATION,0,0,0,0,0
2017-08-16,47,CLEANING,20,0,0,0,0
2017-08-16,47,DAIRY,36,0,0,0,0
2017-08-16,47,DELI,18,0,0,0,0
2017-08-16,47,EGGS,1,0,0,0,0
2017-08-16,47,FROZEN FOODS,1,0,0,0,0
2017-08-16,47,GROCERY I,56,0,0,0,0
2017-08-16,47,GROCERY II,0,0,0,0,0
2017-08-16,47,HARDWARE,0,0,0,0,0
2017-08-16,47,HOME AND KITCHEN I,2,0,0,0,0
2017-08-16,47,HOME AND KITCHEN II,6,0,0,0,0
2017-08-16,47,HOME APPLIANCES,0,0,0,0,0
2017-08-16,47,HOME CARE,12,0,0,0,0
2017-08-16,47,LADIESWEAR,11,0,0,0,0
2017-08-16,47,LAWN AND GARDEN,16,0,0,0,0
2017-08-16,47,LINGERIE,6,0,0,0,0
2017-08-16,47,"LIQUOR,WINE,BEER",10,0,0,0,0
2017-08-16,47,MAGAZINES,0,0,0,0,0
2017-08-16,47,MEATS,0,0,0,0,0
2017-08-16,47,PERSONAL CARE,19,0,0,0,0
2017-08-16,47,PET SUPPLIES,0,0,0,0,0
2017-08-16,47,PLAYERS AND ELECTRONICS,0,0,0,0,0
2017-08-16,47,POULTRY,1,0,0,0,0
2017-08-16,47,PREPARED FOODS,0,0,0,0,0
2017-08-16,47,PRODUCE,256,0,0,0,0
2017-08-16,47,SCHOOL AND OFFICE SUPPLIES,14,0,0,0,0
2017-08-16,47,SEAFOOD,0,0,0,0,0
2017-08-16,48,AUTOMOTIVE,0,0,0,0,0
2017-08-16,48,BABY CARE,0,0,0,0,0
2017-08-16,48,BEAUTY,2,0,0,0,0
2017-08-16,48,BEVERAGES,22,0,0,0,0
2017-08-16,48,BOOKS,0,0,0,0,0
2017-08-16,48,BREAD/BAKERY,13,0,0,0,0
2017-08-16,48,CELEBRATION,0,0,0,0,0
2017-08-16,48,CLEANING,21,0,0,0,0
2017-08-16,48,DAIRY,35,0,0,0,0
2017-08-16,48,DELI,18,0,0,0,0
2017-08-16,48,EGGS,1,0,0,0,0
2017-08-16,48,FROZEN FOODS,1,0,0,0,0
2017-08-16,48,GROCERY I,63,0,0,0,0
2017-08-16,48,GROCERY II,0,0,0,0,0
2017-08-16,48,HARDWARE,0,0,0,0,0
2017-08-16,48,HOME AND KITCHEN I,2,0,0,0,0
2017-08-16,48,HOME AND KITCHEN II,6,0,0,0,0
2017-08-16,48,HOME APPLIANCES,0,0,0,0,0
2017-08-16,48,HOME CARE,11,0,0,0,0
2017-08-16,48,LADIESWEAR,8,0,0,0,0
2017-08-16,48,LAWN AND GARDEN,16,0,0,0,0
2017-08-16,48,LINGERIE,5,0,0,0,0
2017-08-16,48,"LIQUOR,WINE,BEER",10,0,0,0,0
2017-08-16,48,MAGAZINES,0,0,0,0,0
2017-08-16,48,MEATS,0,0,0,0,0
2017-08-16,48,PERSONAL CARE,17,0,0,0,0
2017-08-16,48,PET SUPPLIES,0,0,0,0,0
2017-08-16,48,PLAYERS AND ELECTRONICS,2,0,0,0,0
2017-08-16,48,POULTRY,1,0,0,0,0
2017-08-16,48,PREPARED FOODS,0,0,0,0,0
2017-08-16,48,PRODUCE,254,0,0,0,0
2017-08-16,48,SCHOOL AND OFFICE SUPPLIES,14,0,0,0,0
2017-08-16,48,SEAFOOD,0,0,0,0,0
2017-08-16,49,AUTOMOTIVE,0,0,0,0,0
2017-08-16,49,BABY CARE,0,0,0,0,0
2017-08-16,49,BEAUTY,2,0,0,0,0
2017-08-16,49,BEVERAGES,22,0,0,0,0
2017-08-16,49,BOOKS,0,0,0,0,0
2017-08-16,49,BREAD/BAKERY,12,0,0,0,0
2017-08-16,49,CELEBRATION,0,0,0,0,0
2017-08-16,49,CLEANING,22,0,0,0,0
2017-08-16,49,DAIRY,38,0,0,0,0
2017-08-16,49,DELI,18,0,0,0,0
2017-08-16,49,EGGS,1,0,0,0,0
2017-08-16,49,FROZEN FOODS,1,0,0,0,0
2017-08-16,49,GROCERY I,60,0,0,0,0
2017-08-16,49,GROCERY II,0,0,0,0,0
2017-08-16,49,HARDWARE,0,0,0,0,0
2017-08-16,49,HOME AND KITCHEN I,2,0,0,0,0
2017-08-16,49,HOME AND KITCHEN II,6,0,0,0,0
2017-08-16,49,HOME APPLIANCES,0,0,0,0,0
2017-08-16,49,HOME CARE,10,0,0,0,0
2017-08-16,49,LADIESWEAR,1,0,0,0,0
2017-08-16,49,LAWN AND GARDEN,16,0,0,0,0
2017-08-16,49,LINGERIE,5,0,0,0,0
2017-08-16,49,"LIQUOR,WINE,BEER",10,0,0,0,0
2017-08-16,49,MAGAZINES,0,0,0,0,0
2017-08-16,49,MEATS,0,0,0,0,0
2017-08-16,49,PERSONAL CARE,20,0,0,0,0
2017-08-16,49,PET SUPPLIES,0,0,0,0,0
2017-08-16,49,PLAYERS AND ELECTRONICS,0,0,0,0,0
2017-08-16,49,POULTRY,0,0,0,0,0
2017-08-16,49,PREPARED FOODS,0,0,0,0,0
2017-08-16,49,PRODUCE,255,0,0,0,0
2017-08-16,49,SCHOOL AND OFFICE SUPPLIES,14,0,0,0,0
2017-08-16,49,SEAFOOD,0,0,0,0,0
2017-08-16,50,AUTOMOTIVE,0,0,0,0,0
2017-08-16,50,BABY CARE,0,0,0,0,0
2017-08-16,50,BEAUTY,2,0,0,0,0
2017-08-16,50,BEVERAGES,23,0,0,0,0
2017-08-16,50,BOOKS,0,0,0,0,0
2017-08-16,50,BREAD/BAKERY,12,0,0,0,0
2017-08-16,50,CELEBRATION,0,0,0,0,0
2017-08-16,50,CLEANING,20,0,0,0,0
2017-08-16,50,DAIRY,39,0,0,0,0
2017-08-16,50,DELI,18,0,0,0,0
2017-08-16,50,EGGS,1,0,0,0,0
2017-08-16,50,FROZEN FOODS,1,0,0,0,0
2017-08-16,50,GROCERY I,60,0,0,0,0
2017-08-16,50,GROCERY II,0,0,0,0,0
2017-08-16,50,HARDWARE,0,0,0,0,0
2017-08-16,50,HOME AND KITCHEN I,2,0,0,0,0
2017-08-16,50,HOME AND KITCHEN II,6,0,0,0,0
2017-08-16,50,HOME APPLIANCES,0,0,0,0,0
2017-08-16,50,HOME CARE,11,0,0,0,0
2017-08-16,50,LADIESWEAR,2,0,0,0,0
2017-08-16,50,LAWN AND GARDEN,16,0,0,0,0
2017-08-16,50,LINGERIE,5,0,0,0,0
2017-08-16,50,"LIQUOR,WINE,BEER",10,0,0,0,0
2017-08-16,50,MAGAZINES,0,0,0,0,0
2017-08-16,50,MEATS,0,0,0,0,0
2017-08-16,50,PERSONAL CARE,17,0,0,0,0
2017-08-16,50,PET SUPPLIES,0,0,0,0,0
2017-08-16,50,PLAYERS AND ELECTRONICS,0,0,0,0,0
2017-08-16,50,POULTRY,1,0,0,0,0
2017-08-16,50,PREPARED FOODS,0,0,0,0,0
2017-08-16,50,PRODUCE,256,0,0,0,0
2017-08-16,50,SCHOOL AND OFFICE SUPPLIES,14,0,0,0,0
2017-08-16,50,SEAFOOD,0,0,0,0,0
2017-08-16,51,AUTOMOTIVE,0,0,0,0,0
2017-08-16,51,BABY CARE,0,0,0,0,0
2017-08-16,51,BEAUTY,2,0,0,0,0
2017-08-16,51,BEVERAGES,23,0,0,0,0
2017-08-16,51,BOOKS,0,0,0,0,0
2017-08-16,51,BREAD/BAKERY,12,0,0,0,0
2017-08-16,51,CELEBRATION,0,0,0,0,0
2017-08-16,51,CLEANING,25,0,0,0,0
2017-08-16,51,DAIRY,40,0,0,0,0
2017-08-16,51,DELI,18,0,0,0,0
2017-08-16,51,EGGS,1,0,0,0,0
2017-08-16,51,FROZEN FOODS,1,0,0,0,0
2017-08-16,51,GROCERY I,64,0,0,0,0
2017-08-16,51,GROCERY II,0,0,0,0,0
2017-08-16,51,HARDWARE,0,0,0,0,0
2017-08-16,51,HOME AND KITCHEN I,2,0,0,0,0
2017-08-16,51,HOME AND KITCHEN II,6,0,0,0,0
2017-08-16,51,HOME APPLIANCES,0,0,0,0,0
2017-08-16,51,HOME CARE,12,0,0,0,0
2017-08-16,51,LADIESWEAR,0,0,0,0,0
2017-08-16,51,LAWN AND GARDEN,16,0,0,0,0
2017-08-16,51,LINGERIE,5,0,0,0,0
2017-08-16,51,"LIQUOR,WINE,BEER",8,0,0,0,0
2017-08-16,51,MAGAZINES,0,0,0,0,0
2017-08-16,51,MEATS,0,0,0,0,0
2017-08-16,51,PERSONAL CARE,18,0,0,0,0
2017-08-16,51,PET SUPPLIES,0,0,0,0,0
2017-08-16,51,PLAYERS AND ELECTRONICS,0,0,0,0,0
2017-08-16,51,POULTRY,0,0,0,0,0
2017-08-16,51,PREPARED FOODS,0,0,0,0,0
2017-08-16,51,PRODUCE,254,0,0,0,0
2017-08-16,51,SCHOOL AND OFFICE SUPPLIES,14,0,0,0,0
2017-08-16,51,SEAFOOD,0,0,0,0,0
2017-08-16,52,AUTOMOTIVE,0,0,0,0,0
2017-08-16,52,BABY CARE,0,0,0,0,0
2017-08-16,52,BEAUTY,2,0,0,0,0
2017-08-16,52,BEVERAGES,21,0,0,0,0
2017-08-16,52,BOOKS,0,0,0,0,0
2017-08-16,52,BREAD/BAKERY,12,0,0,0,0
2017-08-16,52,CELEBRATION,0,0,0,0,0
2017-08-16,52,CLEANING,20,0,0,0,0
2017-08-16,52,DAIRY,37,0,0,0,0
2017-08-16,52,DELI,18,0,0,0,0
2017-08-16,52,EGGS,1,0,0,0,0
2017-08-16,52,FROZEN FOODS,1,0,0,0,0
2017-08-16,52,GROCERY I,60,0,0,0,0
2017-08-16,52,GROCERY II,0,0,0,0,0
2017-08-16,52,HARDWARE,0,0,0,0,0
2017-08-16,52,HOME AND KITCHEN I,2,0,0,0,0
2017-08-16,52,HOME AND KITCHEN II,5,0,0,0,0
2017-08-16,52,HOME APPLIANCES,0,0,0,0,0
2017-08-16,52,HOME CARE,11,0,0,0,0
2017-08-16,52,LADIESWEAR,0,0,0,0,0
2017-08-16,52,LAWN AND GARDEN,16,0,0,0,0
2017-08-16,52,LINGERIE,3,0,0,0,0
2017-08-16,52,"LIQUOR,WINE,BEER",10,0,0,0,0
2017-08-16,52,MAGAZINES,0,0,0,0,0
2017-08-16,52,MEATS,0,0,0,0,0
2017-08-16,52,PERSONAL CARE,17,0,0,0,0
2017-08-16,52,PET SUPPLIES,0,0,0,0,0
2017-08-16,52,PLAYERS AND ELECTRONICS,0,0,0,0,0
2017-08-16,52,POULTRY,0,0,0,0,0
2017-08-16,52,PREPARED FOODS,0,0,0,0,0
2017-08-16,52,PRODUCE,254,0,0,0,0
2017-08-16,52,SCHOOL AND OFFICE SUPPLIES,11,0,0,0,0
2017-08-16,52,SEAFOOD,0,0,0,0,0
2017-08-16,53,AUTOMOTIVE,0,0,0,0,0
2017-08-16,53,BABY CARE,0,0,0,0,0
2017-08-16,53,BEAUTY,2,0,0,0,0
2017-08-16,53,BEVERAGES,21,0,0,0,0
2017-08-16,53,BOOKS,0,0,0,0,0
2017-08-16,53,BREAD/BAKERY,12,0,0,0,0
2017-08-16,53,CELEBRATION,0,0,0,0,0
2017-08-16,53,CLEANING,21,0,0,0,0
2017-08-16,53,DAIRY,42,0,0,0,0
2017-08-16,53,DELI,18,0,0,0,0
2017-08-16,53,EGGS,1,0,0,0,0
2017-08-16,53,FROZEN FOODS,1,0,0,0,0
2017-08-16,53,GROCERY I,65,0,0,0,0
2017-08-16,53,GROCERY II,0,0,0,0,0
2017-08-16,53,HARDWARE,0,0,0,0,0
2017-08-16,53,HOME AND KITCHEN I,2,0,0,0,0
2017-08-16,53,HOME AND KITCHEN II,6,0,0,0,0
2017-08-16,53,HOME APPLIANCES,0,0,0,0,0
2017-08-16,53,HOME CARE,13,0,0,0,0
2017-08-16,53,LADIESWEAR,0,0,0,0,0
2017-08-16,53,LAWN AND GARDEN,16,0,0,0,0
2017-08-16,53,LINGERIE,5,0,0,0,0
2017-08-16,53,"LIQUOR,WINE,BEER",9,0,0,0,0
2017-08-16,53,MAGAZINES,0,0,0,0,0
2017-08-16,53,MEATS,0,0,0,0,0
2017-08-16,53,PERSONAL CARE,16,0,0,0,0
2017-08-16,53,PET SUPPLIES,0,0,0,0,0
2017-08-16,53,PLAYERS AND ELECTRONICS,0,0,0,0,0
2017-08-16,53,POULTRY,0,0,0,0,0
2017-08-16,53,PREPARED FOODS,0,0,0,0,0
2017-08-16,53,PRODUCE,255,0,0,0,0
2017-08-16,53,SCHOOL AND OFFICE SUPPLIES,14,0,0,0,0
2017-08-16,53,SEAFOOD,0,0,0,0,0
2017-08-16,54,AUTOMOTIVE,0,0,0,0,0
2017-08-16,54,BABY CARE,0,0,0,0,0
2017-08-16,54,BEAUTY,2,0,0,0,0
2017-08-16,54,BEVERAGES,37,0,0,0,0
2017-08-16,54,BOOKS,0,0,0,0,0
2017-08-16,54,BREAD/BAKERY,13,0,0,0,0
2017-08-16,54,CELEBRATION,0,0,0,0,0
2017-08-16,54,CLEANING,34,0,0,0,0
2017-08-16,54,DAIRY,92,0,0,0,0
2017-08-16,54,DELI,19,0,0,0,0
2017-08-16,54,EGGS,1,0,0,0,0
2017-08-16,54,FROZEN FOODS,1,0,0,0,0
2017-08-16,54,GROCERY I,106,0,0,0,0
2017-08-16,54,GROCERY II,0,0,0,0,0
2017-08-16,54,HARDWARE,0,0,0,0,0
2017-08-16,54,HOME AND KITCHEN I,2,0,0,0,0
2017-08-16,54,HOME AND KITCHEN II,6,0,0,0,0
2017-08-16,54,HOME APPLIANCES,0,0,0,0,0
2017-08-16,54,HOME CARE,15,0,0,0,0
2017-08-16,54,LADIESWEAR,0,0,0,0,0
2017-08-16,54,LAWN AND GARDEN,16,0,0,0,0
2017-08-16,54,LINGERIE,4,0,0,0,0
2017-08-16,54,"LIQUOR,WINE,BEER",9,0,0,0,0
2017-08-16,54,MAGAZINES,0,0,0,0,0
2017-08-16,54,MEATS,0,0,0,0,0
2017-08-16,54,PERSONAL CARE,17,0,0,0,0
2017-08-16,54,PET SUPPLIES,0,0,0,0,0
2017-08-16,54,PLAYERS AND ELECTRONICS,0,0,0,0,0
2017-08-16,54,POULTRY,0,0,0,0,0
2017-08-16,54,PREPARED FOODS,0,0,0,0,0
2017-08-16,54,PRODUCE,225,0,0,0,0
2017-08-16,54,SCHOOL AND OFFICE SUPPLIES,14,0,0,0,0
2017-08-16,54,SEAFOOD,0,0,0,0,0
2017-08-17,1,AUTOMOTIVE,0,0,0,0,0
2017-08-17,1,BABY CARE,0,0,0,0,0
2017-08-17,1,BEAUTY,1,0,0,0,0
2017-08-17,1,BEVERAGES,17,0,0,0,0
2017-08-17,1,BOOKS,0,0,0,0,0
2017-08-17,1,BREAD/BAKERY,7,0,0,0,0
2017-08-17,1,CELEBRATION,0,0,0,0,0
2017-08-17,1,CLEANING,7,0,0,0,0
2017-08-17,1,DAIRY,13,0,0,0,0
2017-08-17,1,DELI,7,0,0,0,0
2017-08-17,1,EGGS,0,0,0,0,0
2017-08-17,1,FROZEN FOODS,0,0,0,0,0
2017-08-17,1,GROCERY I,33,0,0,0,0
2017-08-17,1,GROCERY II,0,0,0,0,0
2017-08-17,1,HARDWARE,0,0,0,0,0
2017-08-17,1,HOME AND KITCHEN I,0,0,0,0,0
2017-08-17,1,HOME AND KITCHEN II,2,0,0,0,0
2017-08-17,1,HOME APPLIANCES,0,0,0,0,0
2017-08-17,1,HOME CARE,7,0,0,0,0
2017-08-17,1,LADIESWEAR,0,0,0,0,0
2017-08-17,1,LAWN AND GARDEN,0,0,0,0,0
2017-08-17,1,LINGERIE,0,0,0,0,0
2017-08-17,1,"LIQUOR,WINE,BEER",5,0,0,0,0
2017-08-17,1,MAGAZINES,0,0,0,0,0
2017-08-17,1,MEATS,0,0,0,0,0
2017-08-17,1,PERSONAL CARE,7,0,0,0,0
2017-08-17,1,PET SUPPLIES,0,0,0,0,0
2017-08-17,1,PLAYERS AND ELECTRONICS,0,0,0,0,0
2017-08-17,1,POULTRY,1,0,0,0,0
2017-08-17,1,PREPARED FOODS,0,0,0,0,0
2017-08-17,1,PRODUCE,6,0,0,0,0
2017-08-17,1,SCHOOL AND OFFICE SUPPLIES,0,0,0,0,0
2017-08-17,1,SEAFOOD,0,0,0,0,0
2017-08-17,2,AUTOMOTIVE,0,0,0,0,0
2017-08-17,2,BABY CARE,0,0,0,0,0
2017-08-17,2,BEAUTY,2,0,0,0,0
2017-08-17,2,BEVERAGES,13,0,0,0,0
2017-08-17,2,BOOKS,0,0,0,0,0
2017-08-17,2,BREAD/BAKERY,12,0,0,0,0
2017-08-17,2,CELEBRATION,0,0,0,0,0
2017-08-17,2,CLEANING,9,0,0,0,0
2017-08-17,2,DAIRY,15,0,0,0,0
2017-08-17,2,DELI,7,0,0,0,0
2017-08-17,2,EGGS,0,0,0,0,0
2017-08-17,2,FROZEN FOODS,0,0,0,0,0
2017-08-17,2,GROCERY I,36,0,0,0,0
2017-08-17,2,GROCERY II,0,0,0,0,0
2017-08-17,2,HARDWARE,0,0,0,0,0
2017-08-17,2,HOME AND KITCHEN I,0,0,0,0,0
2017-08-17,2,HOME AND KITCHEN II,1,0,0,0,0
2017-08-17,2,HOME APPLIANCES,0,0,0,0,0
2017-08-17,2,HOME CARE,5,0,0,0,0
2017-08-17,2,LADIESWEAR,0,0,0,0,0
2017-08-17,2,LAWN AND GARDEN,0,0,0,0,0
2017-08-17,2,LINGERIE,0,0,0,0,0
2017-08-17,2,"LIQUOR,WINE,BEER",7,0,0,0,0
2017-08-17,2,MAGAZINES,0,0,0,0,0
2017-08-17,2,MEATS,0,0,0,0,0
2017-08-17,2,PERSONAL CARE,8,0,0,0,0
2017-08-17,2,PET SUPPLIES,0,0,0,0,0
2017-08-17,2,PLAYERS AND ELECTRONICS,0,0,0,0,0
2017-08-17,2,POULTRY,0,0,0,0,0
2017-08-17,2,PREPARED FOODS,0,0,0,0,0
2017-08-17,2,PRODUCE,5,0,0,0,0
2017-08-17,2,SCHOOL AND OFFICE SUPPLIES,0,0,0,0,0
2017-08-17,2,SEAFOOD,0,0,0,0,0
2017-08-17,3,AUTOMOTIVE,0,0,0,0,0
2017-08-17,3,BABY CARE,0,0,0,0,0
2017-08-17,3,BEAUTY,2,0,0,0,0
2017-08-17,3,BEVERAGES,16,0,0,0,0
2017-08-17,3,BOOKS,0,0,0,0,0
2017-08-17,3,BREAD/BAKERY,12,0,0,0,0
2017-08-17,3,CELEBRATION,0,0,0,0,0
2017-08-17,3,CLEANING,12,0,0,0,0
2017-08-17,3,DAIRY,18,0,0,0,0
2017-08-17,3,DELI,10,0,0,0,0
2017-08-17,3,EGGS,0,0,0,0,0
2017-08-17,3,FROZEN FOODS,0,0,0,0,0
2017-08-17,3,GROCERY I,36,0,0,0,0
2017-08-17,3,GROCERY II,0,0,0,0,0
2017-08-17,3,HARDWARE,0,0,0,0,0
2017-08-17,3,HOME AND KITCHEN I,0,0,0,0,0
2017-08-17,3,HOME AND KITCHEN II,3,0,0,0,0
2017-08-17,3,HOME APPLIANCES,0,0,0,0,0
2017-08-17,3,HOME CARE,8,0,0,0,0
2017-08-17,3,LADIESWEAR,0,0,0,0,0
2017-08-17,3,LAWN AND GARDEN,0,0,0,0,0
2017-08-17,3,LINGERIE,2,0,0,0,0
2017-08-17,3,"LIQUOR,WINE,BEER",6,0,0,0,0
2017-08-17,3,MAGAZINES,0,0,0,0,0
2017-08-17,3,MEATS,0,0,0,0,0
2017-08-17,3,PERSONAL CARE,13,0,0,0,0
2017-08-17,3,PET SUPPLIES,0,0,0,0,0
2017-08-17,3,PLAYERS AND ELECTRONICS,0,0,0,0,0
2017-08-17,3,POULTRY,0,0,0,0,0
2017-08-17,3,PREPARED FOODS,0,0,0,0,0
2017-08-17,3,PRODUCE,4,0,0,0,0
2017-08-17,3,SCHOOL AND OFFICE SUPPLIES,0,0,0,0,0
2017-08-17,3,SEAFOOD,0,0,0,0,0
2017-08-17,4,AUTOMOTIVE,0,0,0,0,0
2017-08-17,4,BABY CARE,0,0,0,0,0
2017-08-17,4,BEAUTY,2,0,0,0,0
2017-08-17,4,BEVERAGES,12,0,0,0,0
2017-08-17,4,BOOKS,0,0,0,0,0
2017-08-17,4,BREAD/BAKERY,8,0,0,0,0
2017-08-17,4,CELEBRATION,0,0,0,0,0
2017-08-17,4,CLEANING,8,0,0,0,0
2017-08-17,4,DAIRY,17,0,0,0,0
2017-08-17,4,DELI,10,0,0,0,0
2017-08-17,4,EGGS,0,0,0,0,0
2017-08-17,4,FROZEN FOODS,0,0,0,0,0
2017-08-17,4,GROCERY I,34,0,0,0,0
2017-08-17,4,GROCERY II,0,0,0,0,0
2017-08-17,4,HARDWARE,0,0,0,0,0
2017-08-17,4,HOME AND KITCHEN I,0,0,0,0,0
2017-08-17,4,HOME AND KITCHEN II,0,0,0,0,0
2017-08-17,4,HOME APPLIANCES,0,0,0,0,0
2017-08-17,4,HOME CARE,7,0,0,0,0
2017-08-17,4,LADIESWEAR,0,0,0,0,0
2017-08-17,4,LAWN AND GARDEN,0,0,0,0,0
2017-08-17,4,LINGERIE,0,0,0,0,0
2017-08-17,4,"LIQUOR,WINE,BEER",3,0,0,0,0
2017-08-17,4,MAGAZINES,0,0,0,0,0
2017-08-17,4,MEATS,0,0,0,0,0
2017-08-17,4,PERSONAL CARE,8,0,0,0,0
2017-08-17,4,PET SUPPLIES,0,0,0,0,0
2017-08-17,4,PLAYERS AND ELECTRONICS,0,0,0,0,0
2017-08-17,4,POULTRY,0,0,0,0,0
2017-08-17,4,PREPARED FOODS,0,0,0,0,0
2017-08-17,4,PRODUCE,4,0,0,0,0
2017-08-17,4,SCHOOL AND OFFICE SUPPLIES,0,0,0,0,0
2017-08-17,4,SEAFOOD,0,0,0,0,0
2017-08-17,5,AUTOMOTIVE,0,0,0,0,0
2017-08-17,5,BABY CARE,0,0,0,0,0
2017-08-17,5,BEAUTY,2,0,0,0,0
2017-08-17,5,BEVERAGES,13,0,0,0,0
2017-08-17,5,BOOKS,0,0,0,0,0
2017-08-17,5,BREAD/BAKERY,8,0,0,0,0
2017-08-17,5,CELEBRATION,0,0,0,0,0
2017-08-17,5,CLEANING,8,0,0,0,0
2017-08-17,5,DAIRY,15,0,0,0,0
2017-08-17,5,DELI,7,0,0,0,0
2017-08-17,5,EGGS,0,0,0,0,0
2017-08-17,5,FROZEN FOODS,0,0,0,0,0
2017-08-17,5,GROCERY I,32,0,0,0,0
2017-08-17,5,GROCERY II,0,0,0,0,0
2017-08-17,5,HARDWARE,0,0,0,0,0
2017-08-17,5,HOME AND KITCHEN I,2,0,0,0,0
2017-08-17,5,HOME AND KITCHEN II,1,0,0,0,0
2017-08-17,5,HOME APPLIANCES,0,0,0,0,0
2017-08-17,5,HOME CARE,6,0,0,0,0
2017-08-17,5,LADIESWEAR,0,0,0,0,0
2017-08-17,5,LAWN AND GARDEN,0,0,0,0,0
2017-08-17,5,LINGERIE,0,0,0,0,0
2017-08-17,5,"LIQUOR,WINE,BEER",4,0,0,0,0
2017-08-17,5,MAGAZINES,0,0,0,0,0
2017-08-17,5,MEATS,0,0,0,0,0
2017-08-17,5,PERSONAL CARE,12,0,0,0,0
2017-08-17,5,PET SUPPLIES,0,0,0,0,0
2017-08-17,5,PLAYERS AND ELECTRONICS,0,0,0,0,0
2017-08-17,5,POULTRY,0,0,0,0,0
2017-08-17,5,PREPARED FOODS,0,0,0,0,0
2017-08-17,5,PRODUCE,3,0,0,0,0
2017-08-17,5,SCHOOL AND OFFICE SUPPLIES,0,0,0,0,0
2017-08-17,5,SEAFOOD,0,0,0,0,0
2017-08-17,6,AUTOMOTIVE,0,0,0,0,0
2017-08-17,6,BABY CARE,0,0,0,0,0
2017-08-17,6,BEAUTY,1,0,0,0,0
2017-08-17,6,BEVERAGES,19,0,0,0,0
2017-08-17,6,BOOKS,0,0,0,0,0
2017-08-17,6,BREAD/BAKERY,11,0,0,0,0
2017-08-17,6,CELEBRATION,0,0,0,0,0
2017-08-17,6,CLEANING,11,0,0,0,0
2017-08-17,6,DAIRY,18,0,0,0,0
2017-08-17,6,DELI,9,0,0,0,0
2017-08-17,6,EGGS,0,0,0,0,0
2017-08-17,6,FROZEN FOODS,0,0,0,0,0
2017-08-17,6,GROCERY I,32,0,0,0,0
2017-08-17,6,GROCERY II,0,0,0,0,0
2017-08-17,6,HARDWARE,0,0,0,0,0
2017-08-17,6,HOME AND KITCHEN I,1,0,0,0,0
2017-08-17,6,HOME AND KITCHEN II,2,0,0,0,0
2017-08-17,6,HOME APPLIANCES,0,0,0,0,0
2017-08-17,6,HOME CARE,6,0,0,0,0
2017-08-17,6,LADIESWEAR,0,0,0,0,0
2017-08-17,6,LAWN AND GARDEN,0,0,0,0,0
2017-08-17,6,LINGERIE,5,0,0,0,0
2017-08-17,6,"LIQUOR,WINE,BEER",3,0,0,0,0
2017-08-17,6,MAGAZINES,0,0,0,0,0
2017-08-17,6,MEATS,0,0,0,0,0
2017-08-17,6,PERSONAL CARE,13,0,0,0,0
2017-08-17,6,PET SUPPLIES,0,0,0,0,0
2017-08-17,6,PLAYERS AND ELECTRONICS,0,0,0,0,0
2017-08-17,6,POULTRY,0,0,0,0,0
2017-08-17,6,PREPARED FOODS,0,0,0,0,0
2017-08-17,6,PRODUCE,3,0,0,0,0
2017-08-17,6,SCHOOL AND OFFICE SUPPLIES,0,0,0,0,0
2017-08-17,6,SEAFOOD,0,0,0,0,0
2017-08-17,7,AUTOMOTIVE,0,0,0,0,0
2017-08-17,7,BABY CARE,0,0,0,0,0
2017-08-17,7,BEAUTY,0,0,0,0,0
2017-08-17,7,BEVERAGES,1,0,0,0,0
2017-08-17,7,BOOKS,0,0,0,0,0
2017-08-17,7,BREAD/BAKERY,0,0,0,0,0
2017-08-17,7,CELEBRATION,0,0,0,0,0
2017-08-17,7,CLEANING,0,0,0,0,0
2017-08-17,7,DAIRY,0,0,0,0,0
2017-08-17,7,DELI,0,0,0,0,0
2017-08-17,7,EGGS,0,0,0,0,0
2017-08-17,7,FROZEN FOODS,0,0,0,0,0
2017-08-17,7,GROCERY I,0,0,0,0,0
2017-08-17,7,GROCERY II,0,0,0,0,0
2017-08-17,7,HARDWARE,0,0,0,0,0
2017-08-17,7,HOME AND KITCHEN I,0,0,0,0,0
2017-08-17,7,HOME AND KITCHEN II,0,0,0,0,0
2017-08-17,7,HOME APPLIANCES,0,0,0,0,0
2017-08-17,7,HOME CARE,0,0,0,0,0
2017-08-17,7,LADIESWEAR,0,0,0,0,0
2017-08-17,7,LAWN AND GARDEN,0,0,0,0,0
2017-08-17,7,LINGERIE,0,0,0,0,0
2017-08-17,7,"LIQUOR,WINE,BEER",0,0,0,0,0
2017-08-17,7,MAGAZINES,0,0,0,0,0
2017-08-17,7,MEATS,0,0,0,0,0
2017-08-17,7,PERSONAL CARE,0,0,0,0,0
2017-08-17,7,PET SUPPLIES,0,0,0,0,0
2017-08-17,7,PLAYERS AND ELECTRONICS,0,0,0,0,0
2017-08-17,7,POULTRY,0,0,0,0,0
2017-08-17,7,PREPARED FOODS,0,0,0,0,0
2017-08-17,7,PRODUCE,0,0,0,0,0
2017-08-17,7,SCHOOL AND OFFICE SUPPLIES,0,0,0,0,0
2017-08-17,7,SEAFOOD,0,0,0,0,0
2017-08-17,8,AUTOMOTIVE,0,0,0,0,0
2017-08-17,8,BABY CARE,0,0,0,0,0
2017-08-17,8,BEAUTY,0,0,0,0,0
2017-08-17,8,BEVERAGES,1,0,0,0,0
2017-08-17,8,BOOKS,0,0,0,0,0
2017-08-17,8,BREAD/BAKERY,0,0,0,0,0
2017-08-17,8,CELEBRATION,0,0,0,0,0
2017-08-17,8,CLEANING,0,0,0,0,0
2017-08-17,8,DAIRY,0,0,0,0,0
2017-08-17,8,DELI,0,0,0,0,0
2017-08-17,8,EGGS,0,0,0,0,0
2017-08-17,8,FROZEN FOODS,0,0,0,0,0
2017-08-17,8,GROCERY I,0,0,0,0,0
2017-08-17,8,GROCERY II,0,0,0,0,0
2017-08-17,8,HARDWARE,0,0,0,0,0
2017-08-17,8,HOME AND KITCHEN I,0,0,0,0,0
2017-08-17,8,HOME AND KITCHEN II,0,0,0,0,0
2017-08-17,8,HOME APPLIANCES,0,0,0,0,0
2017-08-17,8,HOME CARE,0,0,0,0,0
2017-08-17,8,LADIESWEAR,0,0,0,0,0
2017-08-17,8,LAWN AND GARDEN,0,0,0,0,0
2017-08-17,8,LINGERIE,0,0,0,0,0
2017-08-17,8,"LIQUOR,WINE,BEER",0,0,0,0,0
2017-08-17,8,MAGAZINES,0,0,0,0,0
2017-08-17,8,MEATS,0,0,0,0,0
2017-08-17,8,PERSONAL CARE,0,0,0,0,0
2017-08-17,8,PET SUPPLIES,0,0,0,0,0
2017-08-17,8,PLAYERS AND ELECTRONICS,0,0,0,0,0
2017-08-17,8,POULTRY,0,0,0,0,0
2017-08-17,8,PREPARED FOODS,0,0,0,0,0
2017-08-17,8,PRODUCE,0,0,0,0,0
2017-08-17,8,SCHOOL AND OFFICE SUPPLIES,0,0,0,0,0
2017-08-17,8,SEAFOOD,0,0,0,0,0
2017-08-17,9,AUTOMOTIVE,0,0,0,0,0
2017-08-17,9,BABY CARE,0,0,0,0,0
2017-08-17,9,BEAUTY,1,0,0,0,0
2017-08-17,9,BEVERAGES,29,0,0,0,0
2017-08-17,9,BOOKS,0,0,0,0,0
2017-08-17,9,BREAD/BAKERY,7,0,0,0,0
2017-08-17,9,CELEBRATION,0,0,0,0,0
2017-08-17,9,CLEANING,27,0,0,0,0
2017-08-17,9,DAIRY,17,0,0,0,0
2017-08-17,9,DELI,8,0,0,0,0
2017-08-17,9,EGGS,1,0,0,0,0
2017-08-17,9,FROZEN FOODS,0,0,0,0,0
2017-08-17,9,GROCERY I,65,0,0,0,0
2017-08-17,9,GROCERY II,0,0,0,0,0
2017-08-17,9,HARDWARE,0,0,0,0,0
2017-08-17,9,HOME AND KITCHEN I,0,0,0,0,0
2017-08-17,9,HOME AND KITCHEN II,1,0,0,0,0
2017-08-17,9,HOME APPLIANCES,0,0,0,0,0
2017-08-17,9,HOME CARE,9,0,0,0,0
2017-08-17,9,LADIESWEAR,0,0,0,0,0
2017-08-17,9,LAWN AND GARDEN,0,0,0,0,0
2017-08-17,9,LINGERIE,2,0,0,0,0
2017-08-17,9,"LIQUOR,WINE,BEER",3,0,0,0,0
2017-08-17,9,MAGAZINES,0,0,0,0,0
2017-08-17,9,MEATS,21,0,0,0,0
2017-08-17,9,PERSONAL CARE,10,0,0,0,0
2017-08-17,9,PET SUPPLIES,0,0,0,0,0
2017-08-17,9,PLAYERS AND ELECTRONICS,0,0,0,0,0
2017-08-17,9,POULTRY,0,0,0,0,0
2017-08-17,9,PREPARED FOODS,0,0,0,0,0
2017-08-17,9,PRODUCE,1,0,0,0,0
2017-08-17,9,SCHOOL AND OFFICE SUPPLIES,10,0,0,0,0
2017-08-17,9,SEAFOOD,0,0,0,0,0
2017-08-17,10,AUTOMOTIVE,0,0,0,0,0
2017-08-17,10,BABY CARE,0,0,0,0,0
2017-08-17,10,BEAUTY,1,0,0,0,0
2017-08-17,10,BEVERAGES,16,0,0,0,0
2017-08-17,10,BOOKS,0,0,0,0,0
2017-08-17,10,BREAD/BAKERY,4,0,0,0,0
2017-08-17,10,CELEBRATION,0,0,0,0,0
2017-08-17,10,CLEANING,16,0,0,0,0
2017-08-17,10,DAIRY,3,0,0,0,0
2017-08-17,10,DELI,2,0,0,0,0
2017-08-17,10,EGGS,1,0,0,0,0
2017-08-17,10,FROZEN FOODS,0,0,0,0,0
2017-08-17,10,GROCERY I,52,0,0,0,0
2017-08-17,10,GROCERY II,0,0,0,0,0
2017-08-17,10,HARDWARE,0,0,0,0,0
2017-08-17,10,HOME AND KITCHEN I,0,0,0,0,0
2017-08-17,10,HOME AND KITCHEN II,0,0,0,0,0
2017-08-17,10,HOME APPLIANCES,0,0,0,0,0
2017-08-17,10,HOME CARE,6,0,0,0,0
2017-08-17,10,LADIESWEAR,0,0,0,0,0
2017-08-17,10,LAWN AND GARDEN,0,0,0,0,0
2017-08-17,10,LINGERIE,0,0,0,0,0
2017-08-17,10,"LIQUOR,WINE,BEER",1,0,0,0,0
2017-08-17,10,MAGAZINES,0,0,0,0,0
2017-08-17,10,MEATS,18,0,0,0,0
2017-08-17,10,PERSONAL CARE,9,0,0,0,0
2017-08-17,10,PET SUPPLIES,0,0,0,0,0
2017-08-17,10,PLAYERS AND ELECTRONICS,0,0,0,0,0
2017-08-17,10,POULTRY,0,0,0,0,0
2017-08-17,10,PREPARED FOODS,0,0,0,0,0
2017-08-17,10,PRODUCE,1,0,0,0,0
2017-08-17,10,SCHOOL AND OFFICE SUPPLIES,0,0,0,0,0
2017-08-17,10,SEAFOOD,0,0,0,0,0
2017-08-17,11,AUTOMOTIVE,0,0,0,0,0
2017-08-17,11,BABY CARE,0,0,0,0,0
2017-08-17,11,BEAUTY,1,0,0,0,0
2017-08-17,11,BEVERAGES,31,0,0,0,0
2017-08-17,11,BOOKS,0,0,0,0,0
2017-08-17,11,BREAD/BAKERY,8,0,0,0,0
2017-08-17,11,CELEBRATION,0,0,0,0,0
2017-08-17,11,CLEANING,25,0,0,0,0
2017-08-17,11,DAIRY,11,0,0,0,0
2017-08-17,11,DELI,10,0,0,0,0
2017-08-17,11,EGGS,1,0,0,0,0
2017-08-17,11,FROZEN FOODS,0,0,0,0,0
2017-08-17,11,GROCERY I,65,0,0,0,0
2017-08-17,11,GROCERY II,0,0,0,0,0
2017-08-17,11,HARDWARE,0,0,0,0,0
2017-08-17,11,HOME AND KITCHEN I,2,0,0,0,0
2017-08-17,11,HOME AND KITCHEN II,2,0,0,0,0
2017-08-17,11,HOME APPLIANCES,0,0,0,0,0
2017-08-17,11,HOME CARE,11,0,0,0,0
2017-08-17,11,LADIESWEAR,0,0,0,0,0
2017-08-17,11,LAWN AND GARDEN,0,0,0,0,0
2017-08-17,11,LINGERIE,0,0,0,0,0
2017-08-17,11,"LIQUOR,WINE,BEER",1,0,0,0,0
2017-08-17,11,MAGAZINES,0,0,0,0,0
2017-08-17,11,MEATS,20,0,0,0,0
2017-08-17,11,PERSONAL CARE,11,0,0,0,0
2017-08-17,11,PET SUPPLIES,0,0,0,0,0
2017-08-17,11,PLAYERS AND ELECTRONICS,0,0,0,0,0
2017-08-17,11,POULTRY,1,0,0,0,0
2017-08-17,11,PREPARED FOODS,0,0,0,0,0
2017-08-17,11,PRODUCE,1,0,0,0,0
2017-08-17,11,SCHOOL AND OFFICE SUPPLIES,4,0,0,0,0
2017-08-17,11,SEAFOOD,0,0,0,0,0
2017-08-17,12,AUTOMOTIVE,0,0,0,0,0
2017-08-17,12,BABY CARE,0,0,0,0,0
2017-08-17,12,BEAUTY,0,0,0,0,0
2017-08-17,12,BEVERAGES,22,0,0,0,0
2017-08-17,12,BOOKS,0,0,0,0,0
2017-08-17,12,BREAD/BAKERY,4,0,0,0,0
2017-08-17,12,CELEBRATION,0,0,0,0,0
2017-08-17,12,CLEANING,14,0,0,0,0
2017-08-17,12,DAIRY,12,0,0,0,0
2017-08-17,12,DELI,6,0,0,0,0
2017-08-17,12,EGGS,1,0,0,0,0
2017-08-17,12,FROZEN FOODS,0,0,0,0,0
2017-08-17,12,GROCERY I,53,0,0,0,0
2017-08-17,12,GROCERY II,0,0,0,0,0
2017-08-17,12,HARDWARE,0,0,0,0,0
2017-08-17,12,HOME AND KITCHEN I,0,0,0,0,0
2017-08-17,12,HOME AND KITCHEN II,1,0,0,0,0
2017-08-17,12,HOME APPLIANCES,0,0,0,0,0
2017-08-17,12,HOME CARE,9,0,0,0,0
2017-08-17,12,LADIESWEAR,0,0,0,0,0
2017-08-17,12,LAWN AND GARDEN,0,0,0,0,0
2017-08-17,12,LINGERIE,3,0,0,0,0
2017-08-17,12,"LIQUOR,WINE,BEER",2,0,0,0,0
2017-08-17,12,MAGAZINES,0,0,0,0,0
2017-08-17,12,MEATS,20,0,0,0,0
2017-08-17,12,PERSONAL CARE,6,0,0,0,0
2017-08-17,12,PET SUPPLIES,0,0,0,0,0
2017-08-17,12,PLAYERS AND ELECTRONICS,0,0,0,0,0
2017-08-17,12,POULTRY,0,0,0,0,0
2017-08-17,12,PREPARED FOODS,0,0,0,0,0
2017-08-17,12,PRODUCE,1,0,0,0,0
2017-08-17,12,SCHOOL AND OFFICE SUPPLIES,2,0,0,0,0
2017-08-17,12,SEAFOOD,0,0,0,0,0
2017-08-17,13,AUTOMOTIVE,0,0,0,0,0
2017-08-17,13,BABY CARE,0,0,0,0,0
2017-08-17,13,BEAUTY,0,0,0,0,0
2017-08-17,13,BEVERAGES,17,0,0,0,0
2017-08-17,13,BOOKS,0,0,0,0,0
2017-08-17,13,BREAD/BAKERY,7,0,0,0,0
2017-08-17,13,CELEBRATION,0,0,0,0,0
2017-08-17,13,CLEANING,14,0,0,0,0
2017-08-17,13,DAIRY,3,0,0,0,0
2017-08-17,13,DELI,2,0,0,0,0
2017-08-17,13,EGGS,1,0,0,0,0
2017-08-17,13,FROZEN FOODS,0,0,0,0,0
2017-08-17,13,GROCERY I,45,0,0,0,0
2017-08-17,13,GROCERY II,0,0,0,0,0
2017-08-17,13,HARDWARE,0,0,0,0,0
2017-08-17,13,HOME AND KITCHEN I,1,0,0,0,0
2017-08-17,13,HOME AND KITCHEN II,0,0,0,0,0
2017-08-17,13,HOME APPLIANCES,0,0,0,0,0
2017-08-17,13,HOME CARE,6,0,0,0,0
2017-08-17,13,LADIESWEAR,0,0,0,0,0
2017-08-17,13,LAWN AND GARDEN,0,0,0,0,0
2017-08-17,13,LINGERIE,0,0,0,0,0
2017-08-17,13,"LIQUOR,WINE,BEER",1,0,0,0,0
2017-08-17,13,MAGAZINES,0,0,0,0,0
2017-08-17,13,MEATS,16,0,0,0,0
2017-08-17,13,PERSONAL CARE,7,0,0,0,0
2017-08-17,13,PET SUPPLIES,0,0,0,0,0
2017-08-17,13,PLAYERS AND ELECTRONICS,0,0,0,0,0
2017-08-17,13,POULTRY,0,0,0,0,0
2017-08-17,13,PREPARED FOODS,0,0,0,0,0
2017-08-17,13,PRODUCE,1,0,0,0,0
2017-08-17,13,SCHOOL AND OFFICE SUPPLIES,1,0,0,0,0
2017-08-17,13,SEAFOOD,0,0,0,0,0
2017-08-17,14,AUTOMOTIVE,0,0,0,0,0
2017-08-17,14,BABY CARE,0,0,0,0,0
2017-08-17,14,BEAUTY,1,0,0,0,0
2017-08-17,14,BEVERAGES,21,0,0,0,0
2017-08-17,14,BOOKS,0,0,0,0,0
2017-08-17,14,BREAD/BAKERY,7,0,0,0,0
2017-08-17,14,CELEBRATION,0,0,0,0,0
2017-08-17,14,CLEANING,19,0,0,0,0
2017-08-17,14,DAIRY,8,0,0,0,0
2017-08-17,14,DELI,3,0,0,0,0
2017-08-17,14,EGGS,1,0,0,0,0
2017-08-17,14,FROZEN FOODS,1,0,0,0,0
2017-08-17,14,GROCERY I,52,0,0,0,0
2017-08-17,14,GROCERY II,0,0,0,0,0
2017-08-17,14,HARDWARE,0,0,0,0,0
2017-08-17,14,HOME AND KITCHEN I,0,0,0,0,0
2017-08-17,14,HOME AND KITCHEN II,1,0,0,0,0
2017-08-17,14,HOME APPLIANCES,0,0,0,0,0
2017-08-17,14,HOME CARE,8,0,0,0,0
2017-08-17,14,LADIESWEAR,0,0,0,0,0
2017-08-17,14,LAWN AND GARDEN,0,0,0,0,0
2017-08-17,14,LINGERIE,0,0,0,0,0
2017-08-17,14,"LIQUOR,WINE,BEER",0,0,0,0,0
2017-08-17,14,MAGAZINES,0,0,0,0,0
2017-08-17,14,MEATS,12,0,0,0,0
2017-08-17,14,PERSONAL CARE,8,0,0,0,0
2017-08-17,14,PET SUPPLIES,0,0,0,0,0
2017-08-17,14,PLAYERS AND ELECTRONICS,0,0,0,0,0
2017-08-17,14,POULTRY,0,0,0,0,0
2017-08-17,14,PREPARED FOODS,0,0,0,0,0
2017-08-17,14,PRODUCE,1,0,0,0,0
2017-08-17,14,SCHOOL AND OFFICE SUPPLIES,3,0,0,0,0
2017-08-17,14,SEAFOOD,0,0,0,0,0
2017-08-17,15,AUTOMOTIVE,0,0,0,0,0
2017-08-17,15,BABY CARE,0,0,0,0,0
2017-08-17,15,BEAUTY,1,0,0,0,0
2017-08-17,15,BEVERAGES,27,0,0,0,0
2017-08-17,15,BOOKS,0,0,0,0,0
2017-08-17,15,BREAD/BAKERY,7,0,0,0,0
2017-08-17,15,CELEBRATION,0,0,0,0,0
2017-08-17,15,CLEANING,19,0,0,0,0
2017-08-17,15,DAIRY,9,0,0,0,0
2017-08-17,15,DELI,9,0,0,0,0
2017-08-17,15,EGGS,1,0,0,0,0
2017-08-17,15,FROZEN FOODS,1,0,0,0,0
2017-08-17,15,GROCERY I,68,0,0,0,0
2017-08-17,15,GROCERY II,0,0,0,0,0
2017-08-17,15,HARDWARE,1,0,0,0,0
2017-08-17,15,HOME AND KITCHEN I,1,0,0,0,0
2017-08-17,15,HOME AND KITCHEN II,0,0,0,0,0
2017-08-17,15,HOME APPLIANCES,0,0,0,0,0
2017-08-17,15,HOME CARE,9,0,0,0,0
2017-08-17,15,LADIESWEAR,0,0,0,0,0
2017-08-17,15,LAWN AND GARDEN,0,0,0,0,0
2017-08-17,15,LINGERIE,0,0,0,0,0
2017-08-17,15,"LIQUOR,WINE,BEER",1,0,0,0,0
2017-08-17,15,MAGAZINES,0,0,0,0,0
2017-08-17,15,MEATS,15,0,0,0,0
2017-08-17,15,PERSONAL CARE,8,0,0,0,0
2017-08-17,15,PET SUPPLIES,0,0,0,0,0
2017-08-17,15,PLAYERS AND ELECTRONICS,0,0,0,0,0
2017-08-17,15,POULTRY,0,0,0,0,0
2017-08-17,15,PREPARED FOODS,1,0,0,0,0
2017-08-17,15,PRODUCE,0,0,0,0,0
2017-08-17,15,SCHOOL AND OFFICE SUPPLIES,4,0,0,0,0
2017-08-17,15,SEAFOOD,0,0,0,0,0
2017-08-17,16,AUTOMOTIVE,0,0,0,0,0
2017-08-17,16,BABY CARE,0,0,0,0,0
2017-08-17,16,BEAUTY,0,0,0,0,0
2017-08-17,16,BEVERAGES,19,0,0,0,0
2017-08-17,16,BOOKS,0,0,0,0,0
2017-08-17,16,BREAD/BAKERY,6,0,0,0,0
2017-08-17,16,CELEBRATION,0,0,0,0,0
2017-08-17,16,CLEANING,16,0,0,0,0
2017-08-17,16,DAIRY,7,0,0,0,0
2017-08-17,16,DELI,4,0,0,0,0
2017-08-17,16,EGGS,1,0,0,0,0
2017-08-17,16,FROZEN FOODS,0,0,0,0,0
2017-08-17,16,GROCERY I,46,0,0,0,0
2017-08-17,16,GROCERY II,0,0,0,0,0
2017-08-17,16,HARDWARE,0,0,0,0,0
2017-08-17,16,HOME AND KITCHEN I,0,0,0,0,0
2017-08-17,16,HOME AND KITCHEN II,0,0,0,0,0
2017-08-17,16,HOME APPLIANCES,0,0,0,0,0
2017-08-17,16,HOME CARE,8,0,0,0,0
2017-08-17,16,LADIESWEAR,0,0,0,0,0
2017-08-17,16,LAWN AND GARDEN,0,0,0,0,0
2017-08-17,16,LINGERIE,0,0,0,0,0
2017-08-17,16,"LIQUOR,WINE,BEER",0,0,0,0,0
2017-08-17,16,MAGAZINES,0,0,0,0,0
2017-08-17,16,MEATS,13,0,0,0,0
2017-08-17,16,PERSONAL CARE,6,0,0,0,0
2017-08-17,16,PET SUPPLIES,0,0,0,0,0
2017-08-17,16,PLAYERS AND ELECTRONICS,0,0,0,0,0
2017-08-17,16,POULTRY,0,0,0,0,0
2017-08-17,16,PREPARED FOODS,0,0,0,0,0
2017-08-17,16,PRODUCE,0,0,0,0,0
2017-08-17,16,SCHOOL AND OFFICE SUPPLIES,0,0,0,0,0
2017-08-17,16,SEAFOOD,0,0,0,0,0
2017-08-17,17,AUTOMOTIVE,0,0,0,0,0
2017-08-17,17,BABY CARE,0,0,0,0,0
2017-08-17,17,BEAUTY,1,0,0,0,0
2017-08-17,17,BEVERAGES,19,0,0,0,0
2017-08-17,17,BOOKS,0,0,0,0,0
2017-08-17,17,BREAD/BAKERY,6,0,0,0,0
2017-08-17,17,CELEBRATION,0,0,0,0,0
2017-08-17,17,CLEANING,14,0,0,0,0
2017-08-17,17,DAIRY,15,0,0,0,0
2017-08-17,17,DELI,7,0,0,0,0
2017-08-17,17,EGGS,1,0,0,0,0
2017-08-17,17,FROZEN FOODS,0,0,0,0,0
2017-08-17,17,GROCERY I,53,0,0,0,0
2017-08-17,17,GROCERY II,0,0,0,0,0
2017-08-17,17,HARDWARE,0,0,0,0,0
2017-08-17,17,HOME AND KITCHEN I,0,0,0,0,0
2017-08-17,17,HOME AND KITCHEN II,1,0,0,0,0
2017-08-17,17,HOME APPLIANCES,0,0,0,0,0
2017-08-17,17,HOME CARE,6,0,0,0,0
2017-08-17,17,LADIESWEAR,0,0,0,0,0
2017-08-17,17,LAWN AND GARDEN,0,0,0,0,0
2017-08-17,17,LINGERIE,0,0,0,0,0
2017-08-17,17,"LIQUOR,WINE,BEER",1,0,0,0,0
2017-08-17,17,MAGAZINES,0,0,0,0,0
2017-08-17,17,MEATS,19,0,0,0,0
2017-08-17,17,PERSONAL CARE,9,0,0,0,0
2017-08-17,17,PET SUPPLIES,0,0,0,0,0
2017-08-17,17,PLAYERS AND ELECTRONICS,0,0,0,0,0
2017-08-17,17,POULTRY,1,0,0,0,0
2017-08-17,17,PREPARED FOODS,0,0,0,0,0
2017-08-17,17,PRODUCE,0,0,0,0,0
2017-08-17,17,SCHOOL AND OFFICE SUPPLIES,2,0,0,0,0
2017-08-17,17,SEAFOOD,0,0,0,0,0
2017-08-17,18,AUTOMOTIVE,0,0,0,0,0
2017-08-17,18,BABY CARE,0,0,0,0,0
2017-08-17,18,BEAUTY,1,0,0,0,0
2017-08-17,18,BEVERAGES,24,0,0,0,0
2017-08-17,18,BOOKS,0,0,0,0,0
2017-08-17,18,BREAD/BAKERY,9,0,0,0,0
2017-08-17,18,CELEBRATION,0,0,0,0,0
2017-08-17,18,CLEANING,15,0,0,0,0
2017-08-17,18,DAIRY,20,0,0,0,0
2017-08-17,18,DELI,9,0,0,0,0
2017-08-17,18,EGGS,1,0,0,0,0
2017-08-17,18,FROZEN FOODS,0,0,0,0,0
2017-08-17,18,GROCERY I,61,0,0,0,0
2017-08-17,18,GROCERY II,0,0,0,0,0
2017-08-17,18,HARDWARE,0,0,0,0,0
2017-08-17,18,HOME AND KITCHEN I,0,0,0,0,0
2017-08-17,18,HOME AND KITCHEN II,1,0,0,0,0
2017-08-17,18,HOME APPLIANCES,0,0,0,0,0
2017-08-17,18,HOME CARE,12,0,0,0,0
2017-08-17,18,LADIESWEAR,0,0,0,0,0
2017-08-17,18,LAWN AND GARDEN,0,0,0,0,0
2017-08-17,18,LINGERIE,3,0,0,0,0
2017-08-17,18,"LIQUOR,WINE,BEER",3,0,0,0,0
2017-08-17,18,MAGAZINES,0,0,0,0,0
2017-08-17,18,MEATS,19,0,0,0,0
2017-08-17,18,PERSONAL CARE,8,0,0,0,0
2017-08-17,18,PET SUPPLIES,0,0,0,0,0
2017-08-17,18,PLAYERS AND ELECTRONICS,0,0,0,0,0
2017-08-17,18,POULTRY,0,0,0,0,0
2017-08-17,18,PREPARED FOODS,0,0,0,0,0
2017-08-17,18,PRODUCE,1,0,0,0,0
2017-08-17,18,SCHOOL AND OFFICE SUPPLIES,12,0,0,0,0
2017-08-17,18,SEAFOOD,0,0,0,0,0
2017-08-17,19,AUTOMOTIVE,0,0,0,0,0
2017-08-17,19,BABY CARE,0,0,0,0,0
2017-08-17,19,BEAUTY,1,0,0,0,0
2017-08-17,19,BEVERAGES,15,0,0,0,0
2017-08-17,19,BOOKS,0,0,0,0,0
2017-08-17,19,BREAD/BAKERY,6,0,0,0,0
2017-08-17,19,CELEBRATION,0,0,0,0,0
2017-08-17,19,CLEANING,17,0,0,0,0
2017-08-17,19,DAIRY,8,0,0,0,0
2017-08-17,19,DELI,3,0,0,0,0
2017-08-17,19,EGGS,1,0,0,0,0
2017-08-17,19,FROZEN FOODS,0,0,0,0,0
2017-08-17,19,GROCERY I,47,0,0,0,0
2017-08-17,19,GROCERY II,0,0,0,0,0
2017-08-17,19,HARDWARE,0,0,0,0,0
2017-08-17,19,HOME AND KITCHEN I,0,0,0,0,0
2017-08-17,19,HOME AND KITCHEN II,0,0,0,0,0
2017-08-17,19,HOME APPLIANCES,0,0,0,0,0
2017-08-17,19,HOME CARE,3,0,0,0,0
2017-08-17,19,LADIESWEAR,0,0,0,0,0
2017-08-17,19,LAWN AND GARDEN,0,0,0,0,0
2017-08-17,19,LINGERIE,0,0,0,0,0
2017-08-17,19,"LIQUOR,WINE,BEER",1,0,0,0,0
2017-08-17,19,MAGAZINES,0,0,0,0,0
2017-08-17,19,MEATS,13,0,0,0,0
2017-08-17,19,PERSONAL CARE,9,0,0,0,0
2017-08-17,19,PET SUPPLIES,0,0,0,0,0
2017-08-17,19,PLAYERS AND ELECTRONICS,0,0,0,0,0
2017-08-17,19,POULTRY,0,0,0,0,0
2017-08-17,19,PREPARED FOODS,0,0,0,0,0
2017-08-17,19,PRODUCE,1,0,0,0,0
2017-08-17,19,SCHOOL AND OFFICE SUPPLIES,4,0,0,0,0
2017-08-17,19,SEAFOOD,0,0,0,0,0
2017-08-17,20,AUTOMOTIVE,0,0,0,0,0
2017-08-17,20,BABY CARE,0,0,0,0,0
2017-08-17,20,BEAUTY,1,0,0,0,0
2017-08-17,20,BEVERAGES,27,0,0,0,0
2017-08-17,20,BOOKS,0,0,0,0,0
2017-08-17,20,BREAD/BAKERY,10,0,0,0,0
2017-08-17,20,CELEBRATION,0,0,0,0,0
2017-08-17,20,CLEANING,21,0,0,0,0
2017-08-17,20,DAIRY,16,0,0,0,0
2017-08-17,20,DELI,8,0,0,0,0
2017-08-17,20,EGGS,1,0,0,0,0
2017-08-17,20,FROZEN FOODS,0,0,0,0,0
2017-08-17,20,GROCERY I,63,0,0,0,0
2017-08-17,20,GROCERY II,0,0,0,0,0
2017-08-17,20,HARDWARE,0,0,0,0,0
2017-08-17,20,HOME AND KITCHEN I,0,0,0,0,0
2017-08-17,20,HOME AND KITCHEN II,2,0,0,0,0
2017-08-17,20,HOME APPLIANCES,0,0,0,0,0
2017-08-17,20,HOME CARE,11,0,0,0,0
2017-08-17,20,LADIESWEAR,0,0,0,0,0
2017-08-17,20,LAWN AND GARDEN,0,0,0,0,0
2017-08-17,20,LINGERIE,1,0,0,0,0
2017-08-17,20,"LIQUOR,WINE,BEER",1,0,0,0,0
2017-08-17,20,MAGAZINES,0,0,0,0,0
2017-08-17,20,MEATS,25,0,0,0,0
2017-08-17,20,PERSONAL CARE,9,0,0,0,0
2017-08-17,20,PET SUPPLIES,0,0,0,0,0
2017-08-17,20,PLAYERS AND ELECTRONICS,0,0,0,0,0
2017-08-17,20,POULTRY,0,0,0,0,0
2017-08-17,20,PREPARED FOODS,0,0,0,0,0
2017-08-17,20,PRODUCE,1,0,0,0,0
2017-08-17,20,SCHOOL AND OFFICE SUPPLIES,9,0,0,0,0
2017-08-17,20,SEAFOOD,0,0,0,0,0
2017-08-17,21,AUTOMOTIVE,0,0,0,0,0
2017-08-17,21,BABY CARE,0,0,0,0,0
2017-08-17,21,BEAUTY,0,0,0,0,0
2017-08-17,21,BEVERAGES,28,0,0,0,0
2017-08-17,21,BOOKS,0,0,0,0,0
2017-08-17,21,BREAD/BAKERY,8,0,0,0,0
2017-08-17,21,CELEBRATION,0,0,0,0,0
2017-08-17,21,CLEANING,31,0,0,0,0
2017-08-17,21,DAIRY,16,0,0,0,0
2017-08-17,21,DELI,11,0,0,0,0
2017-08-17,21,EGGS,1,0,0,0,0
2017-08-17,21,FROZEN FOODS,0,0,0,0,0
2017-08-17,21,GROCERY I,66,0,0,0,0
2017-08-17,21,GROCERY II,0,0,0,0,0
2017-08-17,21,HARDWARE,0,0,0,0,0
2017-08-17,21,HOME AND KITCHEN I,0,0,0,0,0
2017-08-17,21,HOME AND KITCHEN II,2,0,0,0,0
2017-08-17,21,HOME APPLIANCES,0,0,0,0,0
2017-08-17,21,HOME CARE,9,0,0,0,0
2017-08-17,21,LADIESWEAR,0,0,0,0,0
2017-08-17,21,LAWN AND GARDEN,0,0,0,0,0
2017-08-17,21,LINGERIE,0,0,0,0,0
2017-08-17,21,"LIQUOR,WINE,BEER",5,0,0,0,0
2017-08-17,21,MAGAZINES,0,0,0,0,0
2017-08-17,21,MEATS,19,0,0,0,0
2017-08-17,21,PERSONAL CARE,12,0,0,0,0
2017-08-17,21,PET SUPPLIES,0,0,0,0,0
2017-08-17,21,PLAYERS AND ELECTRONICS,1,0,0,0,0
2017-08-17,21,POULTRY,0,0,0,0,0
2017-08-17,21,PREPARED FOODS,0,0,0,0,0
2017-08-17,21,PRODUCE,0,0,0,0,0
2017-08-17,21,SCHOOL AND OFFICE SUPPLIES,0,0,0,0,0
2017-08-17,21,SEAFOOD,0,0,0,0,0
2017-08-17,22,AUTOMOTIVE,0,0,0,0,0
2017-08-17,22,BABY CARE,0,0,0,0,0
2017-08-17,22,BEAUTY,0,0,0,0,0
2017-08-17,22,BEVERAGES,21,0,0,0,0
2017-08-17,22,BOOKS,0,0,0,0,0
2017-08-17,22,BREAD/BAKERY,4,0,0,0,0
2017-08-17,22,CELEBRATION,0,0,0,0,0
2017-08-17,22,CLEANING,17,0,0,0,0
2017-08-17,22,DAIRY,8,0,0,0,0
2017-08-17,22,DELI,6,0,0,0,0
2017-08-17,22,EGGS,1,0,0,0,0
2017-08-17,22,FROZEN FOODS,0,0,0,0,0
2017-08-17,22,GROCERY I,51,0,0,0,0
2017-08-17,22,GROCERY II,0,0,0,0,0
2017-08-17,22,HARDWARE,0,0,0,0,0
2017-08-17,22,HOME AND KITCHEN I,2,0,0,0,0
2017-08-17,22,HOME AND KITCHEN II,0,0,0,0,0
2017-08-17,22,HOME APPLIANCES,0,0,0,0,0
2017-08-17,22,HOME CARE,7,0,0,0,0
2017-08-17,22,LADIESWEAR,0,0,0,0,0
2017-08-17,22,LAWN AND GARDEN,0,0,0,0,0
2017-08-17,22,LINGERIE,0,0,0,0,0
2017-08-17,22,"LIQUOR,WINE,BEER",2,0,0,0,0
2017-08-17,22,MAGAZINES,0,0,0,0,0
2017-08-17,22,MEATS,14,0,0,0,0
2017-08-17,22,PERSONAL CARE,7,0,0,0,0
2017-08-17,22,PET SUPPLIES,0,0,0,0,0
2017-08-17,22,PLAYERS AND ELECTRONICS,0,0,0,0,0
2017-08-17,22,POULTRY,0,0,0,0,0
2017-08-17,22,PREPARED FOODS,0,0,0,0,0
2017-08-17,22,PRODUCE,1,0,0,0,0
2017-08-17,22,SCHOOL AND OFFICE SUPPLIES,4,0,0,0,0
2017-08-17,22,SEAFOOD,0,0,0,0,0
2017-08-17,23,AUTOMOTIVE,0,0,0,0,0
2017-08-17,23,BABY CARE,0,0,0,0,0
2017-08-17,23,BEAUTY,1,0,0,0,0
2017-08-17,23,BEVERAGES,12,0,0,0,0
2017-08-17,23,BOOKS,0,0,0,0,0
2017-08-17,23,BREAD/BAKERY,10,0,0,0,0
2017-08-17,23,CELEBRATION,0,0,0,0,0
2017-08-17,23,CLEANING,8,0,0,0,0
2017-08-17,23,DAIRY,12,0,0,0,0
2017-08-17,23,DELI,7,0,0,0,0
2017-08-17,23,EGGS,0,0,0,0,0
2017-08-17,23,FROZEN FOODS,0,0,0,0,0
2017-08-17,23,GROCERY I,28,0,0,0,0
2017-08-17,23,GROCERY II,0,0,0,0,0
2017-08-17,23,HARDWARE,0,0,0,0,0
2017-08-17,23,HOME AND KITCHEN I,0,0,0,0,0
2017-08-17,23,HOME AND KITCHEN II,1,0,0,0,0
2017-08-17,23,HOME APPLIANCES,0,0,0,0,0
2017-08-17,23,HOME CARE,3,0,0,0,0
2017-08-17,23,LADIESWEAR,0,0,0,0,0
2017-08-17,23,LAWN AND GARDEN,0,0,0,0,0
2017-08-17,23,LINGERIE,1,0,0,0,0
2017-08-17,23,"LIQUOR,WINE,BEER",4,0,0,0,0
2017-08-17,23,MAGAZINES,0,0,0,0,0
2017-08-17,23,MEATS,0,0,0,0,0
2017-08-17,23,PERSONAL CARE,8,0,0,0,0
2017-08-17,23,PET SUPPLIES,0,0,0,0,0
2017-08-17,23,PLAYERS AND ELECTRONICS,0,0,0,0,0
2017-08-17,23,POULTRY,0,0,0,0,0
2017-08-17,23,PREPARED FOODS,0,0,0,0,0
2017-08-17,23,PRODUCE,5,0,0,0,0
2017-08-17,23,SCHOOL AND OFFICE SUPPLIES,0,0,0,0,0
2017-08-17,23,SEAFOOD,0,0,0,0,0
2017-08-17,24,AUTOMOTIVE,0,0,0,0,0
2017-08-17,24,BABY CARE,0,0,0,0,0
2017-08-17,24,BEAUTY,0,0,0,0,0
2017-08-17,24,BEVERAGES,1,0,0,0,0
2017-08-17,24,BOOKS,0,0,0,0,0
2017-08-17,24,BREAD/BAKERY,0,0,0,0,0
2017-08-17,24,CELEBRATION,0,0,0,0,0
2017-08-17,24,CLEANING,0,0,0,0,0
2017-08-17,24,DAIRY,0,0,0,0,0
2017-08-17,24,DELI,0,0,0,0,0
2017-08-17,24,EGGS,0,0,0,0,0
2017-08-17,24,FROZEN FOODS,0,0,0,0,0
2017-08-17,24,GROCERY I,0,0,0,0,0
2017-08-17,24,GROCERY II,0,0,0,0,0
2017-08-17,24,HARDWARE,0,0,0,0,0
2017-08-17,24,HOME AND KITCHEN I,0,0,0,0,0
2017-08-17,24,HOME AND KITCHEN II,0,0,0,0,0
2017-08-17,24,HOME APPLIANCES,0,0,0,0,0
2017-08-17,24,HOME CARE,0,0,0,0,0
2017-08-17,24,LADIESWEAR,0,0,0,0,0
2017-08-17,24,LAWN AND GARDEN,0,0,0,0,0
2017-08-17,24,LINGERIE,0,0,0,0,0
2017-08-17,24,"LIQUOR,WINE,BEER",0,0,0,0,0
2017-08-17,24,MAGAZINES,0,0,0,0,0
2017-08-17,24,MEATS,0,0,0,0,0
2017-08-17,24,PERSONAL CARE,0,0,0,0,0
2017-08-17,24,PET SUPPLIES,0,0,0,0,0
2017-08-17,24,PLAYERS AND ELECTRONICS,0,0,0,0,0
2017-08-17,24,POULTRY,0,0,0,0,0
2017-08-17,24,PREPARED FOODS,0,0,0,0,0
2017-08-17,24,PRODUCE,0,0,0,0,0
2017-08-17,24,SCHOOL AND OFFICE SUPPLIES,0,0,0,0,0
2017-08-17,24,SEAFOOD,0,0,0,0,0
2017-08-17,25,AUTOMOTIVE,0,0,0,0,0
2017-08-17,25,BABY CARE,0,0,0,0,0
2017-08-17,25,BEAUTY,0,0,0,0,0
2017-08-17,25,BEVERAGES,15,0,0,0,0
2017-08-17,25,BOOKS,0,0,0,0,0
2017-08-17,25,BREAD/BAKERY,10,0,0,0,0
2017-08-17,25,CELEBRATION,0,0,0,0,0
2017-08-17,25,CLEANING,6,0,0,0,0
2017-08-17,25,DAIRY,12,0,0,0,0
2017-08-17,25,DELI,6,0,0,0,0
2017-08-17,25,EGGS,0,0,0,0,0
2017-08-17,25,FROZEN FOODS,0,0,0,0,0
2017-08-17,25,GROCERY I,26,0,0,0,0
2017-08-17,25,GROCERY II,0,0,0,0,0
2017-08-17,25,HARDWARE,0,0,0,0,0
2017-08-17,25,HOME AND KITCHEN I,0,0,0,0,0
2017-08-17,25,HOME AND KITCHEN II,1,0,0,0,0
2017-08-17,25,HOME APPLIANCES,0,0,0,0,0
2017-08-17,25,HOME CARE,4,0,0,0,0
2017-08-17,25,LADIESWEAR,0,0,0,0,0
2017-08-17,25,LAWN AND GARDEN,0,0,0,0,0
2017-08-17,25,LINGERIE,0,0,0,0,0
2017-08-17,25,"LIQUOR,WINE,BEER",3,0,0,0,0
2017-08-17,25,MAGAZINES,0,0,0,0,0
2017-08-17,25,MEATS,0,0,0,0,0
2017-08-17,25,PERSONAL CARE,9,0,0,0,0
2017-08-17,25,PET SUPPLIES,0,0,0,0,0
2017-08-17,25,PLAYERS AND ELECTRONICS,1,0,0,0,0
2017-08-17,25,POULTRY,0,0,0,0,0
2017-08-17,25,PREPARED FOODS,0,0,0,0,0
2017-08-17,25,PRODUCE,1,0,0,0,0
2017-08-17,25,SCHOOL AND OFFICE SUPPLIES,0,0,0,0,0
2017-08-17,25,SEAFOOD,0,0,0,0,0
2017-08-17,26,AUTOMOTIVE,0,0,0,0,0
2017-08-17,26,BABY CARE,0,0,0,0,0
2017-08-17,26,BEAUTY,0,0,0,0,0
2017-08-17,26,BEVERAGES,14,0,0,0,0
2017-08-17,26,BOOKS,0,0,0,0,0
2017-08-17,26,BREAD/BAKERY,9,0,0,0,0
2017-08-17,26,CELEBRATION,0,0,0,0,0
2017-08-17,26,CLEANING,6,0,0,0,0
2017-08-17,26,DAIRY,8,0,0,0,0
2017-08-17,26,DELI,1,0,0,0,0
2017-08-17,26,EGGS,0,0,0,0,0
2017-08-17,26,FROZEN FOODS,0,0,0,0,0
2017-08-17,26,GROCERY I,21,0,0,0,0
2017-08-17,26,GROCERY II,0,0,0,0,0
2017-08-17,26,HARDWARE,0,0,0,0,0
2017-08-17,26,HOME AND KITCHEN I,1,0,0,0,0
2017-08-17,26,HOME AND KITCHEN II,0,0,0,0,0
2017-08-17,26,HOME APPLIANCES,0,0,0,0,0
2017-08-17,26,HOME CARE,2,0,0,0,0
2017-08-17,26,LADIESWEAR,0,0,0,0,0
2017-08-17,26,LAWN AND GARDEN,0,0,0,0,0
2017-08-17,26,LINGERIE,0,0,0,0,0
2017-08-17,26,"LIQUOR,WINE,BEER",4,0,0,0,0
2017-08-17,26,MAGAZINES,0,0,0,0,0
2017-08-17,26,MEATS,0,0,0,0,0
2017-08-17,26,PERSONAL CARE,8,0,0,0,0
2017-08-17,26,PET SUPPLIES,0,0,0,0,0
2017-08-17,26,PLAYERS AND ELECTRONICS,0,0,0,0,0
2017-08-17,26,POULTRY,0,0,0,0,0
2017-08-17,26,PREPARED FOODS,0,0,0,0,0
2017-08-17,26,PRODUCE,2,0,0,0,0
2017-08-17,26,SCHOOL AND OFFICE SUPPLIES,0,0,0,0,0
2017-08-17,26,SEAFOOD,0,0,0,0,0
2017-08-17,27,AUTOMOTIVE,0,0,0,0,0
2017-08-17,27,BABY CARE,0,0,0,0,0
2017-08-17,27,BEAUTY,1,0,0,0,0
2017-08-17,27,BEVERAGES,17,0,0,0,0
2017-08-17,27,BOOKS,0,0,0,0,0
2017-08-17,27,BREAD/BAKERY,9,0,0,0,0
2017-08-17,27,CELEBRATION,0,0,0,0,0
2017-08-17,27,CLEANING,9,0,0,0,0
2017-08-17,27,DAIRY,16,0,0,0,0
2017-08-17,27,DELI,9,0,0,0,0
2017-08-17,27,EGGS,0,0,0,0,0
2017-08-17,27,FROZEN FOODS,0,0,0,0,0
2017-08-17,27,GROCERY I,28,0,0,0,0
2017-08-17,27,GROCERY II,0,0,0,0,0
2017-08-17,27,HARDWARE,0,0,0,0,0
2017-08-17,27,HOME AND KITCHEN I,0,0,0,0,0
2017-08-17,27,HOME AND KITCHEN II,3,0,0,0,0
2017-08-17,27,HOME APPLIANCES,0,0,0,0,0
2017-08-17,27,HOME CARE,5,0,0,0,0
2017-08-17,27,LADIESWEAR,0,0,0,0,0
2017-08-17,27,LAWN AND GARDEN,0,0,0,0,0
2017-08-17,27,LINGERIE,0,0,0,0,0
2017-08-17,27,"LIQUOR,WINE,BEER",5,0,0,0,0
2017-08-17,27,MAGAZINES,0,0,0,0,0
2017-08-17,27,MEATS,0,0,0,0,0
2017-08-17,27,PERSONAL CARE,9,0,0,0,0
2017-08-17,27,PET SUPPLIES,0,0,0,0,0
2017-08-17,27,PLAYERS AND ELECTRONICS,0,0,0,0,0
2017-08-17,27,POULTRY,0,0,0,0,0
2017-08-17,27,PREPARED FOODS,0,0,0,0,0
2017-08-17,27,PRODUCE,4,0,0,0,0
2017-08-17,27,SCHOOL AND OFFICE SUPPLIES,0,0,0,0,0
2017-08-17,27,SEAFOOD,0,0,0,0,0
2017-08-17,28,AUTOMOTIVE,0,0,0,0,0
2017-08-17,28,BABY CARE,0,0,0,0,0
2017-08-17,28,BEAUTY,1,0,0,0,0
2017-08-17,28,BEVERAGES,31,0,0,0,0
2017-08-17,28,BOOKS,0,0,0,0,0
2017-08-17,28,BREAD/BAKERY,9,0,0,0,0
2017-08-17,28,CELEBRATION,0,0,0,0,0
2017-08-17,28,CLEANING,25,0,0,0,0
2017-08-17,28,DAIRY,20,0,0,0,0
2017-08-17,28,DELI,9,0,0,0,0
2017-08-17,28,EGGS,1,0,0,0,0
2017-08-17,28,FROZEN FOODS,0,0,0,0,0
2017-08-17,28,GROCERY I,63,0,0,0,0
2017-08-17,28,GROCERY II,0,0,0,0,0
2017-08-17,28,HARDWARE,0,0,0,0,0
2017-08-17,28,HOME AND KITCHEN I,1,0,0,0,0
2017-08-17,28,HOME AND KITCHEN II,1,0,0,0,0
2017-08-17,28,HOME APPLIANCES,0,0,0,0,0
2017-08-17,28,HOME CARE,8,0,0,0,0
2017-08-17,28,LADIESWEAR,0,0,0,0,0
2017-08-17,28,LAWN AND GARDEN,0,0,0,0,0
2017-08-17,28,LINGERIE,0,0,0,0,0
2017-08-17,28,"LIQUOR,WINE,BEER",2,0,0,0,0
2017-08-17,28,MAGAZINES,0,0,0,0,0
2017-08-17,28,MEATS,21,0,0,0,0
2017-08-17,28,PERSONAL CARE,10,0,0,0,0
2017-08-17,28,PET SUPPLIES,0,0,0,0,0
2017-08-17,28,PLAYERS AND ELECTRONICS,0,0,0,0,0
2017-08-17,28,POULTRY,1,0,0,0,0
2017-08-17,28,PREPARED FOODS,0,0,0,0,0
2017-08-17,28,PRODUCE,2,0,0,0,0
2017-08-17,28,SCHOOL AND OFFICE SUPPLIES,0,0,0,0,0
2017-08-17,28,SEAFOOD,0,0,0,0,0
2017-08-17,29,AUTOMOTIVE,0,0,0,0,0
2017-08-17,29,BABY CARE,0,0,0,0,0
2017-08-17,29,BEAUTY,1,0,0,0,0
2017-08-17,29,BEVERAGES,28,0,0,0,0
2017-08-17,29,BOOKS,0,0,0,0,0
2017-08-17,29,BREAD/BAKERY,11,0,0,0,0
2017-08-17,29,CELEBRATION,0,0,0,0,0
2017-08-17,29,CLEANING,25,0,0,0,0
2017-08-17,29,DAIRY,19,0,0,0,0
2017-08-17,29,DELI,8,0,0,0,0
2017-08-17,29,EGGS,1,0,0,0,0
2017-08-17,29,FROZEN FOODS,0,0,0,0,0
2017-08-17,29,GROCERY I,69,0,0,0,0
2017-08-17,29,GROCERY II,0,0,0,0,0
2017-08-17,29,HARDWARE,0,0,0,0,0
2017-08-17,29,HOME AND KITCHEN I,1,0,0,0,0
2017-08-17,29,HOME AND KITCHEN II,1,0,0,0,0
2017-08-17,29,HOME APPLIANCES,0,0,0,0,0
2017-08-17,29,HOME CARE,9,0,0,0,0
2017-08-17,29,LADIESWEAR,0,0,0,0,0
2017-08-17,29,LAWN AND GARDEN,0,0,0,0,0
2017-08-17,29,LINGERIE,0,0,0,0,0
2017-08-17,29,"LIQUOR,WINE,BEER",4,0,0,0,0
2017-08-17,29,MAGAZINES,0,0,0,0,0
2017-08-17,29,MEATS,17,0,0,0,0
2017-08-17,29,PERSONAL CARE,11,0,0,0,0
2017-08-17,29,PET SUPPLIES,0,0,0,0,0
2017-08-17,29,PLAYERS AND ELECTRONICS,0,0,0,0,0
2017-08-17,29,POULTRY,0,0,0,0,0
2017-08-17,29,PREPARED FOODS,0,0,0,0,0
2017-08-17,29,PRODUCE,2,0,0,0,0
2017-08-17,29,SCHOOL AND OFFICE SUPPLIES,0,0,0,0,0
2017-08-17,29,SEAFOOD,0,0,0,0,0
2017-08-17,30,AUTOMOTIVE,0,0,0,0,0
2017-08-17,30,BABY CARE,0,0,0,0,0
2017-08-17,30,BEAUTY,0,0,0,0,0
2017-08-17,30,BEVERAGES,20,0,0,0,0
2017-08-17,30,BOOKS,0,0,0,0,0
2017-08-17,30,BREAD/BAKERY,9,0,0,0,0
2017-08-17,30,CELEBRATION,0,0,0,0,0
2017-08-17,30,CLEANING,14,0,0,0,0
2017-08-17,30,DAIRY,11,0,0,0,0
2017-08-17,30,DELI,2,0,0,0,0
2017-08-17,30,EGGS,1,0,0,0,0
2017-08-17,30,FROZEN FOODS,0,0,0,0,0
2017-08-17,30,GROCERY I,49,0,0,0,0
2017-08-17,30,GROCERY II,0,0,0,0,0
2017-08-17,30,HARDWARE,0,0,0,0,0
2017-08-17,30,HOME AND KITCHEN I,1,0,0,0,0
2017-08-17,30,HOME AND KITCHEN II,1,0,0,0,0
2017-08-17,30,HOME APPLIANCES,0,0,0,0,0
2017-08-17,30,HOME CARE,6,0,0,0,0
2017-08-17,30,LADIESWEAR,0,0,0,0,0
2017-08-17,30,LAWN AND GARDEN,0,0,0,0,0
2017-08-17,30,LINGERIE,0,0,0,0,0
2017-08-17,30,"LIQUOR,WINE,BEER",2,0,0,0,0
2017-08-17,30,MAGAZINES,0,0,0,0,0
2017-08-17,30,MEATS,18,0,0,0,0
2017-08-17,30,PERSONAL CARE,8,0,0,0,0
2017-08-17,30,PET SUPPLIES,0,0,0,0,0
2017-08-17,30,PLAYERS AND ELECTRONICS,0,0,0,0,0
2017-08-17,30,POULTRY,0,0,0,0,0
2017-08-17,30,PREPARED FOODS,0,0,0,0,0
2017-08-17,30,PRODUCE,0,0,0,0,0
2017-08-17,30,SCHOOL AND OFFICE SUPPLIES,0,0,0,0,0
2017-08-17,30,SEAFOOD,0,0,0,0,0
2017-08-17,31,AUTOMOTIVE,0,0,0,0,0
2017-08-17,31,BABY CARE,0,0,0,0,0
2017-08-17,31,BEAUTY,0,0,0,0,0
2017-08-17,31,BEVERAGES,29,0,0,0,0
2017-08-17,31,BOOKS,0,0,0,0,0
2017-08-17,31,BREAD/BAKERY,5,0,0,0,0
2017-08-17,31,CELEBRATION,0,0,0,0,0
2017-08-17,31,CLEANING,25,0,0,0,0
2017-08-17,31,DAIRY,12,0,0,0,0
2017-08-17,31,DELI,5,0,0,0,0
2017-08-17,31,EGGS,1,0,0,0,0
2017-08-17,31,FROZEN FOODS,0,0,0,0,0
2017-08-17,31,GROCERY I,63,0,0,0,0
2017-08-17,31,GROCERY II,0,0,0,0,0
2017-08-17,31,HARDWARE,0,0,0,0,0
2017-08-17,31,HOME AND KITCHEN I,0,0,0,0,0
2017-08-17,31,HOME AND KITCHEN II,1,0,0,0,0
2017-08-17,31,HOME APPLIANCES,0,0,0,0,0
2017-08-17,31,HOME CARE,10,0,0,0,0
2017-08-17,31,LADIESWEAR,0,0,0,0,0
2017-08-17,31,LAWN AND GARDEN,0,0,0,0,0
2017-08-17,31,LINGERIE,0,0,0,0,0
2017-08-17,31,"LIQUOR,WINE,BEER",2,0,0,0,0
2017-08-17,31,MAGAZINES,0,0,0,0,0
2017-08-17,31,MEATS,21,0,0,0,0
2017-08-17,31,PERSONAL CARE,7,0,0,0,0
2017-08-17,31,PET SUPPLIES,0,0,0,0,0
2017-08-17,31,PLAYERS AND ELECTRONICS,0,0,0,0,0
2017-08-17,31,POULTRY,0,0,0,0,0
2017-08-17,31,PREPARED FOODS,0,0,0,0,0
2017-08-17,31,PRODUCE,1,0,0,0,0
2017-08-17,31,SCHOOL AND OFFICE SUPPLIES,0,0,0,0,0
2017-08-17,31,SEAFOOD,0,0,0,0,0
2017-08-17,32,AUTOMOTIVE,0,0,0,0,0
2017-08-17,32,BABY CARE,0,0,0,0,0
2017-08-17,32,BEAUTY,0,0,0,0,0
2017-08-17,32,BEVERAGES,19,0,0,0,0
2017-08-17,32,BOOKS,0,0,0,0,0
2017-08-17,32,BREAD/BAKERY,3,0,0,0,0
2017-08-17,32,CELEBRATION,0,0,0,0,0
2017-08-17,32,CLEANING,12,0,0,0,0
2017-08-17,32,DAIRY,2,0,0,0,0
2017-08-17,32,DELI,1,0,0,0,0
2017-08-17,32,EGGS,1,0,0,0,0
2017-08-17,32,FROZEN FOODS,0,0,0,0,0
2017-08-17,32,GROCERY I,50,0,0,0,0
2017-08-17,32,GROCERY II,0,0,0,0,0
2017-08-17,32,HARDWARE,0,0,0,0,0
2017-08-17,32,HOME AND KITCHEN I,0,0,0,0,0
2017-08-17,32,HOME AND KITCHEN II,0,0,0,0,0
2017-08-17,32,HOME APPLIANCES,0,0,0,0,0
2017-08-17,32,HOME CARE,5,0,0,0,0
2017-08-17,32,LADIESWEAR,0,0,0,0,0
2017-08-17,32,LAWN AND GARDEN,0,0,0,0,0
2017-08-17,32,LINGERIE,0,0,0,0,0
2017-08-17,32,"LIQUOR,WINE,BEER",1,0,0,0,0
2017-08-17,32,MAGAZINES,0,0,0,0,0
2017-08-17,32,MEATS,18,0,0,0,0
2017-08-17,32,PERSONAL CARE,5,0,0,0,0
2017-08-17,32,PET SUPPLIES,0,0,0,0,0
2017-08-17,32,PLAYERS AND ELECTRONICS,0,0,0,0,0
2017-08-17,32,POULTRY,0,0,0,0,0
2017-08-17,32,PREPARED FOODS,0,0,0,0,0
2017-08-17,32,PRODUCE,0,0,0,0,0
2017-08-17,32,SCHOOL AND OFFICE SUPPLIES,0,0,0,0,0
2017-08-17,32,SEAFOOD,0,0,0,0,0
2017-08-17,33,AUTOMOTIVE,0,0,0,0,0
2017-08-17,33,BABY CARE,0,0,0,0,0
2017-08-17,33,BEAUTY,1,0,0,0,0
2017-08-17,33,BEVERAGES,20,0,0,0,0
2017-08-17,33,BOOKS,0,0,0,0,0
2017-08-17,33,BREAD/BAKERY,11,0,0,0,0
2017-08-17,33,CELEBRATION,0,0,0,0,0
2017-08-17,33,CLEANING,12,0,0,0,0
2017-08-17,33,DAIRY,11,0,0,0,0
2017-08-17,33,DELI,8,0,0,0,0
2017-08-17,33,EGGS,1,0,0,0,0
2017-08-17,33,FROZEN FOODS,0,0,0,0,0
2017-08-17,33,GROCERY I,48,0,0,0,0
2017-08-17,33,GROCERY II,0,0,0,0,0
2017-08-17,33,HARDWARE,0,0,0,0,0
2017-08-17,33,HOME AND KITCHEN I,0,0,0,0,0
2017-08-17,33,HOME AND KITCHEN II,0,0,0,0,0
2017-08-17,33,HOME APPLIANCES,0,0,0,0,0
2017-08-17,33,HOME CARE,7,0,0,0,0
2017-08-17,33,LADIESWEAR,0,0,0,0,0
2017-08-17,33,LAWN AND GARDEN,0,0,0,0,0
2017-08-17,33,LINGERIE,0,0,0,0,0
2017-08-17,33,"LIQUOR,WINE,BEER",1,0,0,0,0
2017-08-17,33,MAGAZINES,0,0,0,0,0
2017-08-17,33,MEATS,16,0,0,0,0
2017-08-17,33,PERSONAL CARE,7,0,0,0,0
2017-08-17,33,PET SUPPLIES,0,0,0,0,0
2017-08-17,33,PLAYERS AND ELECTRONICS,0,0,0,0,0
2017-08-17,33,POULTRY,0,0,0,0,0
2017-08-17,33,PREPARED FOODS,0,0,0,0,0
2017-08-17,33,PRODUCE,1,0,0,0,0
2017-08-17,33,SCHOOL AND OFFICE SUPPLIES,0,0,0,0,0
2017-08-17,33,SEAFOOD,0,0,0,0,0
2017-08-17,34,AUTOMOTIVE,0,0,0,0,0
2017-08-17,34,BABY CARE,0,0,0,0,0
2017-08-17,34,BEAUTY,1,0,0,0,0
2017-08-17,34,BEVERAGES,28,0,0,0,0
2017-08-17,34,BOOKS,0,0,0,0,0
2017-08-17,34,BREAD/BAKERY,11,0,0,0,0
2017-08-17,34,CELEBRATION,0,0,0,0,0
2017-08-17,34,CLEANING,24,0,0,0,0
2017-08-17,34,DAIRY,12,0,0,0,0
2017-08-17,34,DELI,4,0,0,0,0
2017-08-17,34,EGGS,1,0,0,0,0
2017-08-17,34,FROZEN FOODS,0,0,0,0,0
2017-08-17,34,GROCERY I,57,0,0,0,0
2017-08-17,34,GROCERY II,0,0,0,0,0
2017-08-17,34,HARDWARE,0,0,0,0,0
2017-08-17,34,HOME AND KITCHEN I,1,0,0,0,0
2017-08-17,34,HOME AND KITCHEN II,1,0,0,0,0
2017-08-17,34,HOME APPLIANCES,0,0,0,0,0
2017-08-17,34,HOME CARE,6,0,0,0,0
2017-08-17,34,LADIESWEAR,0,0,0,0,0
2017-08-17,34,LAWN AND GARDEN,0,0,0,0,0
2017-08-17,34,LINGERIE,0,0,0,0,0
2017-08-17,34,"LIQUOR,WINE,BEER",2,0,0,0,0
2017-08-17,34,MAGAZINES,0,0,0,0,0
2017-08-17,34,MEATS,22,0,0,0,0
2017-08-17,34,PERSONAL CARE,6,0,0,0,0
2017-08-17,34,PET SUPPLIES,0,0,0,0,0
2017-08-17,34,PLAYERS AND ELECTRONICS,0,0,0,0,0
2017-08-17,34,POULTRY,0,0,0,0,0
2017-08-17,34,PREPARED FOODS,0,0,0,0,0
2017-08-17,34,PRODUCE,0,0,0,0,0
2017-08-17,34,SCHOOL AND OFFICE SUPPLIES,0,0,0,0,0
2017-08-17,34,SEAFOOD,0,0,0,0,0
2017-08-17,35,AUTOMOTIVE,0,0,0,0,0
2017-08-17,35,BABY CARE,0,0,0,0,0
2017-08-17,35,BEAUTY,0,0,0,0,0
2017-08-17,35,BEVERAGES,30,0,0,0,0
2017-08-17,35,BOOKS,0,0,0,0,0
2017-08-17,35,BREAD/BAKERY,5,0,0,0,0
2017-08-17,35,CELEBRATION,0,0,0,0,0
2017-08-17,35,CLEANING,19,0,0,0,0
2017-08-17,35,DAIRY,4,0,0,0,0
2017-08-17,35,DELI,4,0,0,0,0
2017-08-17,35,EGGS,1,0,0,0,0
2017-08-17,35,FROZEN FOODS,0,0,0,0,0
2017-08-17,35,GROCERY I,55,0,0,0,0
2017-08-17,35,GROCERY II,0,0,0,0,0
2017-08-17,35,HARDWARE,0,0,0,0,0
2017-08-17,35,HOME AND KITCHEN I,1,0,0,0,0
2017-08-17,35,HOME AND KITCHEN II,0,0,0,0,0
2017-08-17,35,HOME APPLIANCES,0,0,0,0,0
2017-08-17,35,HOME CARE,7,0,0,0,0
2017-08-17,35,LADIESWEAR,0,0,0,0,0
2017-08-17,35,LAWN AND GARDEN,0,0,0,0,0
2017-08-17,35,LINGERIE,0,0,0,0,0
2017-08-17,35,"LIQUOR,WINE,BEER",2,0,0,0,0
2017-08-17,35,MAGAZINES,0,0,0,0,0
2017-08-17,35,MEATS,20,0,0,0,0
2017-08-17,35,PERSONAL CARE,4,0,0,0,0
2017-08-17,35,PET SUPPLIES,0,0,0,0,0
2017-08-17,35,PLAYERS AND ELECTRONICS,0,0,0,0,0
2017-08-17,35,POULTRY,0,0,0,0,0
2017-08-17,35,PREPARED FOODS,0,0,0,0,0
2017-08-17,35,PRODUCE,1,0,0,0,0
2017-08-17,35,SCHOOL AND OFFICE SUPPLIES,0,0,0,0,0
2017-08-17,35,SEAFOOD,0,0,0,0,0
2017-08-17,36,AUTOMOTIVE,0,0,0,0,0
2017-08-17,36,BABY CARE,0,0,0,0,0
2017-08-17,36,BEAUTY,1,0,0,0,0
2017-08-17,36,BEVERAGES,28,0,0,0,0
2017-08-17,36,BOOKS,0,0,0,0,0
2017-08-17,36,BREAD/BAKERY,11,0,0,0,0
2017-08-17,36,CELEBRATION,0,0,0,0,0
2017-08-17,36,CLEANING,19,0,0,0,0
2017-08-17,36,DAIRY,14,0,0,0,0
2017-08-17,36,DELI,5,0,0,0,0
2017-08-17,36,EGGS,1,0,0,0,0
2017-08-17,36,FROZEN FOODS,0,0,0,0,0
2017-08-17,36,GROCERY I,63,0,0,0,0
2017-08-17,36,GROCERY II,0,0,0,0,0
2017-08-17,36,HARDWARE,0,0,0,0,0
2017-08-17,36,HOME AND KITCHEN I,0,0,0,0,0
2017-08-17,36,HOME AND KITCHEN II,1,0,0,0,0
2017-08-17,36,HOME APPLIANCES,0,0,0,0,0
2017-08-17,36,HOME CARE,6,0,0,0,0
2017-08-17,36,LADIESWEAR,0,0,0,0,0
2017-08-17,36,LAWN AND GARDEN,0,0,0,0,0
2017-08-17,36,LINGERIE,0,0,0,0,0
2017-08-17,36,"LIQUOR,WINE,BEER",3,0,0,0,0
2017-08-17,36,MAGAZINES,0,0,0,0,0
2017-08-17,36,MEATS,21,0,0,0,0
2017-08-17,36,PERSONAL CARE,9,0,0,0,0
2017-08-17,36,PET SUPPLIES,0,0,0,0,0
2017-08-17,36,PLAYERS AND ELECTRONICS,0,0,0,0,0
2017-08-17,36,POULTRY,0,0,0,0,0
2017-08-17,36,PREPARED FOODS,0,0,0,0,0
2017-08-17,36,PRODUCE,2,0,0,0,0
2017-08-17,36,SCHOOL AND OFFICE SUPPLIES,0,0,0,0,0
2017-08-17,36,SEAFOOD,0,0,0,0,0
2017-08-17,37,AUTOMOTIVE,0,0,0,0,0
2017-08-17,37,BABY CARE,0,0,0,0,0
2017-08-17,37,BEAUTY,2,0,0,0,0
2017-08-17,37,BEVERAGES,15,0,0,0,0
2017-08-17,37,BOOKS,0,0,0,0,0
2017-08-17,37,BREAD/BAKERY,11,0,0,0,0
2017-08-17,37,CELEBRATION,0,0,0,0,0
2017-08-17,37,CLEANING,8,0,0,0,0
2017-08-17,37,DAIRY,15,0,0,0,0
2017-08-17,37,DELI,9,0,0,0,0
2017-08-17,37,EGGS,0,0,0,0,0
2017-08-17,37,FROZEN FOODS,0,0,0,0,0
2017-08-17,37,GROCERY I,37,0,0,0,0
2017-08-17,37,GROCERY II,0,0,0,0,0
2017-08-17,37,HARDWARE,0,0,0,0,0
2017-08-17,37,HOME AND KITCHEN I,1,0,0,0,0
2017-08-17,37,HOME AND KITCHEN II,2,0,0,0,0
2017-08-17,37,HOME APPLIANCES,0,0,0,0,0
2017-08-17,37,HOME CARE,7,0,0,0,0
2017-08-17,37,LADIESWEAR,0,0,0,0,0
2017-08-17,37,LAWN AND GARDEN,0,0,0,0,0
2017-08-17,37,LINGERIE,0,0,0,0,0
2017-08-17,37,"LIQUOR,WINE,BEER",7,0,0,0,0
2017-08-17,37,MAGAZINES,0,0,0,0,0
2017-08-17,37,MEATS,0,0,0,0,0
2017-08-17,37,PERSONAL CARE,13,0,0,0,0
2017-08-17,37,PET SUPPLIES,0,0,0,0,0
2017-08-17,37,PLAYERS AND ELECTRONICS,0,0,0,0,0
2017-08-17,37,POULTRY,0,0,0,0,0
2017-08-17,37,PREPARED FOODS,0,0,0,0,0
2017-08-17,37,PRODUCE,5,0,0,0,0
2017-08-17,37,SCHOOL AND OFFICE SUPPLIES,0,0,0,0,0
2017-08-17,37,SEAFOOD,0,0,0,0,0
2017-08-17,38,AUTOMOTIVE,0,0,0,0,0
2017-08-17,38,BABY CARE,0,0,0,0,0
2017-08-17,38,BEAUTY,2,0,0,0,0
2017-08-17,38,BEVERAGES,15,0,0,0,0
2017-08-17,38,BOOKS,0,0,0,0,0
2017-08-17,38,BREAD/BAKERY,10,0,0,0,0
2017-08-17,38,CELEBRATION,0,0,0,0,0
2017-08-17,38,CLEANING,10,0,0,0,0
2017-08-17,38,DAIRY,11,0,0,0,0
2017-08-17,38,DELI,8,0,0,0,0
2017-08-17,38,EGGS,0,0,0,0,0
2017-08-17,38,FROZEN FOODS,0,0,0,0,0
2017-08-17,38,GROCERY I,36,0,0,0,0
2017-08-17,38,GROCERY II,0,0,0,0,0
2017-08-17,38,HARDWARE,0,0,0,0,0
2017-08-17,38,HOME AND KITCHEN I,1,0,0,0,0
2017-08-17,38,HOME AND KITCHEN II,1,0,0,0,0
2017-08-17,38,HOME APPLIANCES,0,0,0,0,0
2017-08-17,38,HOME CARE,8,0,0,0,0
2017-08-17,38,LADIESWEAR,0,0,0,0,0
2017-08-17,38,LAWN AND GARDEN,1,0,0,0,0
2017-08-17,38,LINGERIE,0,0,0,0,0
2017-08-17,38,"LIQUOR,WINE,BEER",6,0,0,0,0
2017-08-17,38,MAGAZINES,0,0,0,0,0
2017-08-17,38,MEATS,0,0,0,0,0
2017-08-17,38,PERSONAL CARE,12,0,0,0,0
2017-08-17,38,PET SUPPLIES,0,0,0,0,0
2017-08-17,38,PLAYERS AND ELECTRONICS,0,0,0,0,0
2017-08-17,38,POULTRY,0,0,0,0,0
2017-08-17,38,PREPARED FOODS,0,0,0,0,0
2017-08-17,38,PRODUCE,3,0,0,0,0
2017-08-17,38,SCHOOL AND OFFICE SUPPLIES,0,0,0,0,0
2017-08-17,38,SEAFOOD,0,0,0,0,0
2017-08-17,39,AUTOMOTIVE,0,0,0,0,0
2017-08-17,39,BABY CARE,0,0,0,0,0
2017-08-17,39,BEAUTY,1,0,0,0,0
2017-08-17,39,BEVERAGES,28,0,0,0,0
2017-08-17,39,BOOKS,0,0,0,0,0
2017-08-17,39,BREAD/BAKERY,11,0,0,0,0
2017-08-17,39,CELEBRATION,0,0,0,0,0
2017-08-17,39,CLEANING,22,0,0,0,0
2017-08-17,39,DAIRY,19,0,0,0,0
2017-08-17,39,DELI,8,0,0,0,0
2017-08-17,39,EGGS,1,0,0,0,0
2017-08-17,39,FROZEN FOODS,0,0,0,0,0
2017-08-17,39,GROCERY I,65,0,0,0,0
2017-08-17,39,GROCERY II,0,0,0,0,0
2017-08-17,39,HARDWARE,0,0,0,0,0
2017-08-17,39,HOME AND KITCHEN I,0,0,0,0,0
2017-08-17,39,HOME AND KITCHEN II,1,0,0,0,0
2017-08-17,39,HOME APPLIANCES,0,0,0,0,0
2017-08-17,39,HOME CARE,11,0,0,0,0
2017-08-17,39,LADIESWEAR,0,0,0,0,0
2017-08-17,39,LAWN AND GARDEN,0,0,0,0,0
2017-08-17,39,LINGERIE,0,0,0,0,0
2017-08-17,39,"LIQUOR,WINE,BEER",5,0,0,0,0
2017-08-17,39,MAGAZINES,0,0,0,0,0
2017-08-17,39,MEATS,19,0,0,0,0
2017-08-17,39,PERSONAL CARE,10,0,0,0,0
2017-08-17,39,PET SUPPLIES,0,0,0,0,0
2017-08-17,39,PLAYERS AND ELECTRONICS,0,0,0,0,0
2017-08-17,39,POULTRY,1,0,0,0,0
2017-08-17,39,PREPARED FOODS,0,0,0,0,0
2017-08-17,39,PRODUCE,0,0,0,0,0
2017-08-17,39,SCHOOL AND OFFICE SUPPLIES,4,0,0,0,0
2017-08-17,39,SEAFOOD,0,0,0,0,0
2017-08-17,40,AUTOMOTIVE,0,0,0,0,0
2017-08-17,40,BABY CARE,0,0,0,0,0
2017-08-17,40,BEAUTY,1,0,0,0,0
2017-08-17,40,BEVERAGES,19,0,0,0,0
2017-08-17,40,BOOKS,0,0,0,0,0
2017-08-17,40,BREAD/BAKERY,9,0,0,0,0
2017-08-17,40,CELEBRATION,0,0,0,0,0
2017-08-17,40,CLEANING,14,0,0,0,0
2017-08-17,40,DAIRY,11,0,0,0,0
2017-08-17,40,DELI,6,0,0,0,0
2017-08-17,40,EGGS,1,0,0,0,0
2017-08-17,40,FROZEN FOODS,0,0,0,0,0
2017-08-17,40,GROCERY I,56,0,0,0,0
2017-08-17,40,GROCERY II,0,0,0,0,0
2017-08-17,40,HARDWARE,0,0,0,0,0
2017-08-17,40,HOME AND KITCHEN I,0,0,0,0,0
2017-08-17,40,HOME AND KITCHEN II,0,0,0,0,0
2017-08-17,40,HOME APPLIANCES,0,0,0,0,0
2017-08-17,40,HOME CARE,7,0,0,0,0
2017-08-17,40,LADIESWEAR,0,0,0,0,0
2017-08-17,40,LAWN AND GARDEN,0,0,0,0,0
2017-08-17,40,LINGERIE,0,0,0,0,0
2017-08-17,40,"LIQUOR,WINE,BEER",1,0,0,0,0
2017-08-17,40,MAGAZINES,0,0,0,0,0
2017-08-17,40,MEATS,18,0,0,0,0
2017-08-17,40,PERSONAL CARE,8,0,0,0,0
2017-08-17,40,PET SUPPLIES,0,0,0,0,0
2017-08-17,40,PLAYERS AND ELECTRONICS,0,0,0,0,0
2017-08-17,40,POULTRY,0,0,0,0,0
2017-08-17,40,PREPARED FOODS,0,0,0,0,0
2017-08-17,40,PRODUCE,1,0,0,0,0
2017-08-17,40,SCHOOL AND OFFICE SUPPLIES,0,0,0,0,0
2017-08-17,40,SEAFOOD,0,0,0,0,0
2017-08-17,41,AUTOMOTIVE,0,0,0,0,0
2017-08-17,41,BABY CARE,0,0,0,0,0
2017-08-17,41,BEAUTY,1,0,0,0,0
2017-08-17,41,BEVERAGES,15,0,0,0,0
2017-08-17,41,BOOKS,0,0,0,0,0
2017-08-17,41,BREAD/BAKERY,10,0,0,0,0
2017-08-17,41,CELEBRATION,0,0,0,0,0
2017-08-17,41,CLEANING,11,0,0,0,0
2017-08-17,41,DAIRY,15,0,0,0,0
2017-08-17,41,DELI,8,0,0,0,0
2017-08-17,41,EGGS,0,0,0,0,0
2017-08-17,41,FROZEN FOODS,0,0,0,0,0
2017-08-17,41,GROCERY I,35,0,0,0,0
2017-08-17,41,GROCERY II,0,0,0,0,0
2017-08-17,41,HARDWARE,0,0,0,0,0
2017-08-17,41,HOME AND KITCHEN I,1,0,0,0,0
2017-08-17,41,HOME AND KITCHEN II,0,0,0,0,0
2017-08-17,41,HOME APPLIANCES,0,0,0,0,0
2017-08-17,41,HOME CARE,5,0,0,0,0
2017-08-17,41,LADIESWEAR,0,0,0,0,0
2017-08-17,41,LAWN AND GARDEN,0,0,0,0,0
2017-08-17,41,LINGERIE,0,0,0,0,0
2017-08-17,41,"LIQUOR,WINE,BEER",3,0,0,0,0
2017-08-17,41,MAGAZINES,0,0,0,0,0
2017-08-17,41,MEATS,0,0,0,0,0
2017-08-17,41,PERSONAL CARE,13,0,0,0,0
2017-08-17,41,PET SUPPLIES,1,0,0,0,0
2017-08-17,41,PLAYERS AND ELECTRONICS,0,0,0,0,0
2017-08-17,41,POULTRY,0,0,0,0,0
2017-08-17,41,PREPARED FOODS,0,0,0,0,0
2017-08-17,41,PRODUCE,5,0,0,0,0
2017-08-17,41,SCHOOL AND OFFICE SUPPLIES,0,0,0,0,0
2017-08-17,41,SEAFOOD,0,0,0,0,0
2017-08-17,42,AUTOMOTIVE,0,0,0,0,0
2017-08-17,42,BABY CARE,0,0,0,0,0
2017-08-17,42,BEAUTY,0,0,0,0,0
2017-08-17,42,BEVERAGES,1,0,0,0,0
2017-08-17,42,BOOKS,0,0,0,0,0
2017-08-17,42,BREAD/BAKERY,0,0,0,0,0
2017-08-17,42,CELEBRATION,0,0,0,0,0
2017-08-17,42,CLEANING,0,0,0,0,0
2017-08-17,42,DAIRY,0,0,0,0,0
2017-08-17,42,DELI,0,0,0,0,0
2017-08-17,42,EGGS,0,0,0,0,0
2017-08-17,42,FROZEN FOODS,0,0,0,0,0
2017-08-17,42,GROCERY I,0,0,0,0,0
2017-08-17,42,GROCERY II,0,0,0,0,0
2017-08-17,42,HARDWARE,0,0,0,0,0
2017-08-17,42,HOME AND KITCHEN I,0,0,0,0,0
2017-08-17,42,HOME AND KITCHEN II,0,0,0,0,0
2017-08-17,42,HOME APPLIANCES,0,0,0,0,0
2017-08-17,42,HOME CARE,0,0,0,0,0
2017-08-17,42,LADIESWEAR,0,0,0,0,0
2017-08-17,42,LAWN AND GARDEN,0,0,0,0,0
2017-08-17,42,LINGERIE,0,0,0,0,0
2017-08-17,42,"LIQUOR,WINE,BEER",0,0,0,0,0
2017-08-17,42,MAGAZINES,0,0,0,0,0
2017-08-17,42,MEATS,0,0,0,0,0
2017-08-17,42,PERSONAL CARE,0,0,0,0,0
2017-08-17,42,PET SUPPLIES,0,0,0,0,0
2017-08-17,42,PLAYERS AND ELECTRONICS,0,0,0,0,0
2017-08-17,42,POULTRY,0,0,0,0,0
2017-08-17,42,PREPARED FOODS,0,0,0,0,0
2017-08-17,42,PRODUCE,0,0,0,0,0
2017-08-17,42,SCHOOL AND OFFICE SUPPLIES,0,0,0,0,0
2017-08-17,42,SEAFOOD,0,0,0,0,0
2017-08-17,43,AUTOMOTIVE,0,0,0,0,0
2017-08-17,43,BABY CARE,0,0,0,0,0
2017-08-17,43,BEAUTY,1,0,0,0,0
2017-08-17,43,BEVERAGES,23,0,0,0,0
2017-08-17,43,BOOKS,0,0,0,0,0
2017-08-17,43,BREAD/BAKERY,8,0,0,0,0
2017-08-17,43,CELEBRATION,0,0,0,0,0
2017-08-17,43,CLEANING,19,0,0,0,0
2017-08-17,43,DAIRY,17,0,0,0,0
2017-08-17,43,DELI,8,0,0,0,0
2017-08-17,43,EGGS,1,0,0,0,0
2017-08-17,43,FROZEN FOODS,0,0,0,0,0
2017-08-17,43,GROCERY I,57,0,0,0,0
2017-08-17,43,GROCERY II,0,0,0,0,0
2017-08-17,43,HARDWARE,0,0,0,0,0
2017-08-17,43,HOME AND KITCHEN I,0,0,0,0,0
2017-08-17,43,HOME AND KITCHEN II,0,0,0,0,0
2017-08-17,43,HOME APPLIANCES,0,0,0,0,0
2017-08-17,43,HOME CARE,6,0,0,0,0
2017-08-17,43,LADIESWEAR,0,0,0,0,0
2017-08-17,43,LAWN AND GARDEN,0,0,0,0,0
2017-08-17,43,LINGERIE,0,0,0,0,0
2017-08-17,43,"LIQUOR,WINE,BEER",5,0,0,0,0
2017-08-17,43,MAGAZINES,0,0,0,0,0
2017-08-17,43,MEATS,19,0,0,0,0
2017-08-17,43,PERSONAL CARE,9,0,0,0,0
2017-08-17,43,PET SUPPLIES,0,0,0,0,0
2017-08-17,43,PLAYERS AND ELECTRONICS,0,0,0,0,0
2017-08-17,43,POULTRY,0,0,0,0,0
2017-08-17,43,PREPARED FOODS,0,0,0,0,0
2017-08-17,43,PRODUCE,0,0,0,0,0
2017-08-17,43,SCHOOL AND OFFICE SUPPLIES,0,0,0,0,0
2017-08-17,43,SEAFOOD,0,0,0,0,0
2017-08-17,44,AUTOMOTIVE,0,0,0,0,0
2017-08-17,44,BABY CARE,0,0,0,0,0
2017-08-17,44,BEAUTY,1,0,0,0,0
2017-08-17,44,BEVERAGES,19,0,0,0,0
2017-08-17,44,BOOKS,0,0,0,0,0
2017-08-17,44,BREAD/BAKERY,12,0,0,0,0
2017-08-17,44,CELEBRATION,0,0,0,0,0
2017-08-17,44,CLEANING,11,0,0,0,0
2017-08-17,44,DAIRY,19,0,0,0,0
2017-08-17,44,DELI,10,0,0,0,0
2017-08-17,44,EGGS,0,0,0,0,0
2017-08-17,44,FROZEN FOODS,0,0,0,0,0
2017-08-17,44,GROCERY I,40,0,0,0,0
2017-08-17,44,GROCERY II,0,0,0,0,0
2017-08-17,44,HARDWARE,0,0,0,0,0
2017-08-17,44,HOME AND KITCHEN I,1,0,0,0,0
2017-08-17,44,HOME AND KITCHEN II,3,0,0,0,0
2017-08-17,44,HOME APPLIANCES,0,0,0,0,0
2017-08-17,44,HOME CARE,9,0,0,0,0
2017-08-17,44,LADIESWEAR,6,0,0,0,0
2017-08-17,44,LAWN AND GARDEN,0,0,0,0,0
2017-08-17,44,LINGERIE,6,0,0,0,0
2017-08-17,44,"LIQUOR,WINE,BEER",7,0,0,0,0
2017-08-17,44,MAGAZINES,0,0,0,0,0
2017-08-17,44,MEATS,0,0,0,0,0
2017-08-17,44,PERSONAL CARE,15,0,0,0,0
2017-08-17,44,PET SUPPLIES,0,0,0,0,0
2017-08-17,44,PLAYERS AND ELECTRONICS,0,0,0,0,0
2017-08-17,44,POULTRY,0,0,0,0,0
2017-08-17,44,PREPARED FOODS,0,0,0,0,0
2017-08-17,44,PRODUCE,5,0,0,0,0
2017-08-17,44,SCHOOL AND OFFICE SUPPLIES,12,0,0,0,0
2017-08-17,44,SEAFOOD,0,0,0,0,0
2017-08-17,45,AUTOMOTIVE,0,0,0,0,0
2017-08-17,45,BABY CARE,0,0,0,0,0
2017-08-17,45,BEAUTY,1,0,0,0,0
2017-08-17,45,BEVERAGES,18,0,0,0,0
2017-08-17,45,BOOKS,0,0,0,0,0
2017-08-17,45,BREAD/BAKERY,10,0,0,0,0
2017-08-17,45,CELEBRATION,0,0,0,0,0
2017-08-17,45,CLEANING,12,0,0,0,0
2017-08-17,45,DAIRY,16,0,0,0,0
2017-08-17,45,DELI,10,0,0,0,0
2017-08-17,45,EGGS,0,0,0,0,0
2017-08-17,45,FROZEN FOODS,0,0,0,0,0
2017-08-17,45,GROCERY I,41,0,0,0,0
2017-08-17,45,GROCERY II,0,0,0,0,0
2017-08-17,45,HARDWARE,0,0,0,0,0
2017-08-17,45,HOME AND KITCHEN I,0,0,0,0,0
2017-08-17,45,HOME AND KITCHEN II,3,0,0,0,0
2017-08-17,45,HOME APPLIANCES,0,0,0,0,0
2017-08-17,45,HOME CARE,7,0,0,0,0
2017-08-17,45,LADIESWEAR,6,0,0,0,0
2017-08-17,45,LAWN AND GARDEN,0,0,0,0,0
2017-08-17,45,LINGERIE,2,0,0,0,0
2017-08-17,45,"LIQUOR,WINE,BEER",5,0,0,0,0
2017-08-17,45,MAGAZINES,0,0,0,0,0
2017-08-17,45,MEATS,1,0,0,0,0
2017-08-17,45,PERSONAL CARE,15,0,0,0,0
2017-08-17,45,PET SUPPLIES,0,0,0,0,0
2017-08-17,45,PLAYERS AND ELECTRONICS,0,0,0,0,0
2017-08-17,45,POULTRY,0,0,0,0,0
2017-08-17,45,PREPARED FOODS,0,0,0,0,0
2017-08-17,45,PRODUCE,5,0,0,0,0
2017-08-17,45,SCHOOL AND OFFICE SUPPLIES,12,0,0,0,0
2017-08-17,45,SEAFOOD,0,0,0,0,0
2017-08-17,46,AUTOMOTIVE,0,0,0,0,0
2017-08-17,46,BABY CARE,0,0,0,0,0
2017-08-17,46,BEAUTY,2,0,0,0,0
2017-08-17,46,BEVERAGES,16,0,0,0,0
2017-08-17,46,BOOKS,0,0,0,0,0
2017-08-17,46,BREAD/BAKERY,12,0,0,0,0
2017-08-17,46,CELEBRATION,1,0,0,0,0
2017-08-17,46,CLEANING,12,0,0,0,0
2017-08-17,46,DAIRY,17,0,0,0,0
2017-08-17,46,DELI,9,0,0,0,0
2017-08-17,46,EGGS,0,0,0,0,0
2017-08-17,46,FROZEN FOODS,0,0,0,0,0
2017-08-17,46,GROCERY I,44,0,0,0,0
2017-08-17,46,GROCERY II,0,0,0,0,0
2017-08-17,46,HARDWARE,0,0,0,0,0
2017-08-17,46,HOME AND KITCHEN I,4,0,0,0,0
2017-08-17,46,HOME AND KITCHEN II,1,0,0,0,0
2017-08-17,46,HOME APPLIANCES,0,0,0,0,0
2017-08-17,46,HOME CARE,8,0,0,0,0
2017-08-17,46,LADIESWEAR,5,0,0,0,0
2017-08-17,46,LAWN AND GARDEN,0,0,0,0,0
2017-08-17,46,LINGERIE,4,0,0,0,0
2017-08-17,46,"LIQUOR,WINE,BEER",7,0,0,0,0
2017-08-17,46,MAGAZINES,0,0,0,0,0
2017-08-17,46,MEATS,0,0,0,0,0
2017-08-17,46,PERSONAL CARE,12,0,0,0,0
2017-08-17,46,PET SUPPLIES,0,0,0,0,0
2017-08-17,46,PLAYERS AND ELECTRONICS,1,0,0,0,0
2017-08-17,46,POULTRY,0,0,0,0,0
2017-08-17,46,PREPARED FOODS,0,0,0,0,0
2017-08-17,46,PRODUCE,5,0,0,0,0
2017-08-17,46,SCHOOL AND OFFICE SUPPLIES,11,0,0,0,0
2017-08-17,46,SEAFOOD,0,0,0,0,0
2017-08-17,47,AUTOMOTIVE,0,0,0,0,0
2017-08-17,47,BABY CARE,0,0,0,0,0
2017-08-17,47,BEAUTY,2,0,0,0,0
2017-08-17,47,BEVERAGES,18,0,0,0,0
2017-08-17,47,BOOKS,0,0,0,0,0
2017-08-17,47,BREAD/BAKERY,11,0,0,0,0
2017-08-17,47,CELEBRATION,0,0,0,0,0
2017-08-17,47,CLEANING,12,0,0,0,0
2017-08-17,47,DAIRY,18,0,0,0,0
2017-08-17,47,DELI,9,0,0,0,0
2017-08-17,47,EGGS,0,0,0,0,0
2017-08-17,47,FROZEN FOODS,0,0,0,0,0
2017-08-17,47,GROCERY I,41,0,0,0,0
2017-08-17,47,GROCERY II,0,0,0,0,0
2017-08-17,47,HARDWARE,0,0,0,0,0
2017-08-17,47,HOME AND KITCHEN I,1,0,0,0,0
2017-08-17,47,HOME AND KITCHEN II,3,0,0,0,0
2017-08-17,47,HOME APPLIANCES,0,0,0,0,0
2017-08-17,47,HOME CARE,9,0,0,0,0
2017-08-17,47,LADIESWEAR,8,0,0,0,0
2017-08-17,47,LAWN AND GARDEN,0,0,0,0,0
2017-08-17,47,LINGERIE,6,0,0,0,0
2017-08-17,47,"LIQUOR,WINE,BEER",7,0,0,0,0
2017-08-17,47,MAGAZINES,0,0,0,0,0
2017-08-17,47,MEATS,0,0,0,0,0
2017-08-17,47,PERSONAL CARE,12,0,0,0,0
2017-08-17,47,PET SUPPLIES,0,0,0,0,0
2017-08-17,47,PLAYERS AND ELECTRONICS,0,0,0,0,0
2017-08-17,47,POULTRY,0,0,0,0,0
2017-08-17,47,PREPARED FOODS,0,0,0,0,0
2017-08-17,47,PRODUCE,4,0,0,0,0
2017-08-17,47,SCHOOL AND OFFICE SUPPLIES,12,0,0,0,0
2017-08-17,47,SEAFOOD,0,0,0,0,0
2017-08-17,48,AUTOMOTIVE,0,0,0,0,0
2017-08-17,48,BABY CARE,0,0,0,0,0
2017-08-17,48,BEAUTY,2,0,0,0,0
2017-08-17,48,BEVERAGES,14,0,0,0,0
2017-08-17,48,BOOKS,0,0,0,0,0
2017-08-17,48,BREAD/BAKERY,11,0,0,0,0
2017-08-17,48,CELEBRATION,0,0,0,0,0
2017-08-17,48,CLEANING,12,0,0,0,0
2017-08-17,48,DAIRY,15,0,0,0,0
2017-08-17,48,DELI,9,0,0,0,0
2017-08-17,48,EGGS,1,0,0,0,0
2017-08-17,48,FROZEN FOODS,0,0,0,0,0
2017-08-17,48,GROCERY I,40,0,0,0,0
2017-08-17,48,GROCERY II,0,0,0,0,0
2017-08-17,48,HARDWARE,0,0,0,0,0
2017-08-17,48,HOME AND KITCHEN I,2,0,0,0,0
2017-08-17,48,HOME AND KITCHEN II,1,0,0,0,0
2017-08-17,48,HOME APPLIANCES,0,0,0,0,0
2017-08-17,48,HOME CARE,8,0,0,0,0
2017-08-17,48,LADIESWEAR,2,0,0,0,0
2017-08-17,48,LAWN AND GARDEN,0,0,0,0,0
2017-08-17,48,LINGERIE,3,0,0,0,0
2017-08-17,48,"LIQUOR,WINE,BEER",2,0,0,0,0
2017-08-17,48,MAGAZINES,0,0,0,0,0
2017-08-17,48,MEATS,0,0,0,0,0
2017-08-17,48,PERSONAL CARE,12,0,0,0,0
2017-08-17,48,PET SUPPLIES,0,0,0,0,0
2017-08-17,48,PLAYERS AND ELECTRONICS,0,0,0,0,0
2017-08-17,48,POULTRY,0,0,0,0,0
2017-08-17,48,PREPARED FOODS,0,0,0,0,0
2017-08-17,48,PRODUCE,5,0,0,0,0
2017-08-17,48,SCHOOL AND OFFICE SUPPLIES,11,0,0,0,0
2017-08-17,48,SEAFOOD,0,0,0,0,0
2017-08-17,49,AUTOMOTIVE,0,0,0,0,0
2017-08-17,49,BABY CARE,0,0,0,0,0
2017-08-17,49,BEAUTY,1,0,0,0,0
2017-08-17,49,BEVERAGES,20,0,0,0,0
2017-08-17,49,BOOKS,0,0,0,0,0
2017-08-17,49,BREAD/BAKERY,10,0,0,0,0
2017-08-17,49,CELEBRATION,0,0,0,0,0
2017-08-17,49,CLEANING,10,0,0,0,0
2017-08-17,49,DAIRY,19,0,0,0,0
2017-08-17,49,DELI,8,0,0,0,0
2017-08-17,49,EGGS,0,0,0,0,0
2017-08-17,49,FROZEN FOODS,0,0,0,0,0
2017-08-17,49,GROCERY I,40,0,0,0,0
2017-08-17,49,GROCERY II,0,0,0,0,0
2017-08-17,49,HARDWARE,0,0,0,0,0
2017-08-17,49,HOME AND KITCHEN I,1,0,0,0,0
2017-08-17,49,HOME AND KITCHEN II,3,0,0,0,0
2017-08-17,49,HOME APPLIANCES,0,0,0,0,0
2017-08-17,49,HOME CARE,8,0,0,0,0
2017-08-17,49,LADIESWEAR,6,0,0,0,0
2017-08-17,49,LAWN AND GARDEN,0,0,0,0,0
2017-08-17,49,LINGERIE,1,0,0,0,0
2017-08-17,49,"LIQUOR,WINE,BEER",5,0,0,0,0
2017-08-17,49,MAGAZINES,0,0,0,0,0
2017-08-17,49,MEATS,0,0,0,0,0
2017-08-17,49,PERSONAL CARE,12,0,0,0,0
2017-08-17,49,PET SUPPLIES,0,0,0,0,0
2017-08-17,49,PLAYERS AND ELECTRONICS,0,0,0,0,0
2017-08-17,49,POULTRY,0,0,0,0,0
2017-08-17,49,PREPARED FOODS,0,0,0,0,0
2017-08-17,49,PRODUCE,5,0,0,0,0
2017-08-17,49,SCHOOL AND OFFICE SUPPLIES,12,0,0,0,0
2017-08-17,49,SEAFOOD,0,0,0,0,0
2017-08-17,50,AUTOMOTIVE,0,0,0,0,0
2017-08-17,50,BABY CARE,0,0,0,0,0
2017-08-17,50,BEAUTY,2,0,0,0,0
2017-08-17,50,BEVERAGES,16,0,0,0,0
2017-08-17,50,BOOKS,0,0,0,0,0
2017-08-17,50,BREAD/BAKERY,11,0,0,0,0
2017-08-17,50,CELEBRATION,0,0,0,0,0
2017-08-17,50,CLEANING,7,0,0,0,0
2017-08-17,50,DAIRY,17,0,0,0,0
2017-08-17,50,DELI,9,0,0,0,0
2017-08-17,50,EGGS,0,0,0,0,0
2017-08-17,50,FROZEN FOODS,0,0,0,0,0
2017-08-17,50,GROCERY I,36,0,0,0,0
2017-08-17,50,GROCERY II,0,0,0,0,0
2017-08-17,50,HARDWARE,0,0,0,0,0
2017-08-17,50,HOME AND KITCHEN I,1,0,0,0,0
2017-08-17,50,HOME AND KITCHEN II,0,0,0,0,0
2017-08-17,50,HOME APPLIANCES,0,0,0,0,0
2017-08-17,50,HOME CARE,5,0,0,0,0
2017-08-17,50,LADIESWEAR,3,0,0,0,0
2017-08-17,50,LAWN AND GARDEN,0,0,0,0,0
2017-08-17,50,LINGERIE,0,0,0,0,0
2017-08-17,50,"LIQUOR,WINE,BEER",8,0,0,0,0
2017-08-17,50,MAGAZINES,0,0,0,0,0
2017-08-17,50,MEATS,0,0,0,0,0
2017-08-17,50,PERSONAL CARE,12,0,0,0,0
2017-08-17,50,PET SUPPLIES,0,0,0,0,0
2017-08-17,50,PLAYERS AND ELECTRONICS,0,0,0,0,0
2017-08-17,50,POULTRY,0,0,0,0,0
2017-08-17,50,PREPARED FOODS,0,0,0,0,0
2017-08-17,50,PRODUCE,3,0,0,0,0
2017-08-17,50,SCHOOL AND OFFICE SUPPLIES,13,0,0,0,0
2017-08-17,50,SEAFOOD,0,0,0,0,0
2017-08-17,51,AUTOMOTIVE,0,0,0,0,0
2017-08-17,51,BABY CARE,0,0,0,0,0
2017-08-17,51,BEAUTY,1,0,0,0,0
2017-08-17,51,BEVERAGES,17,0,0,0,0
2017-08-17,51,BOOKS,0,0,0,0,0
2017-08-17,51,BREAD/BAKERY,12,0,0,0,0
2017-08-17,51,CELEBRATION,0,0,0,0,0
2017-08-17,51,CLEANING,8,0,0,0,0
2017-08-17,51,DAIRY,16,0,0,0,0
2017-08-17,51,DELI,8,0,0,0,0
2017-08-17,51,EGGS,0,0,0,0,0
2017-08-17,51,FROZEN FOODS,0,0,0,0,0
2017-08-17,51,GROCERY I,33,0,0,0,0
2017-08-17,51,GROCERY II,0,0,0,0,0
2017-08-17,51,HARDWARE,0,0,0,0,0
2017-08-17,51,HOME AND KITCHEN I,0,0,0,0,0
2017-08-17,51,HOME AND KITCHEN II,2,0,0,0,0
2017-08-17,51,HOME APPLIANCES,0,0,0,0,0
2017-08-17,51,HOME CARE,4,0,0,0,0
2017-08-17,51,LADIESWEAR,0,0,0,0,0
2017-08-17,51,LAWN AND GARDEN,0,0,0,0,0
2017-08-17,51,LINGERIE,0,0,0,0,0
2017-08-17,51,"LIQUOR,WINE,BEER",5,0,0,0,0
2017-08-17,51,MAGAZINES,0,0,0,0,0
2017-08-17,51,MEATS,0,0,0,0,0
2017-08-17,51,PERSONAL CARE,10,0,0,0,0
2017-08-17,51,PET SUPPLIES,0,0,0,0,0
2017-08-17,51,PLAYERS AND ELECTRONICS,1,0,0,0,0
2017-08-17,51,POULTRY,0,0,0,0,0
2017-08-17,51,PREPARED FOODS,0,0,0,0,0
2017-08-17,51,PRODUCE,6,0,0,0,0
2017-08-17,51,SCHOOL AND OFFICE SUPPLIES,0,0,0,0,0
2017-08-17,51,SEAFOOD,0,0,0,0,0
2017-08-17,52,AUTOMOTIVE,0,0,0,0,0
2017-08-17,52,BABY CARE,0,0,0,0,0
2017-08-17,52,BEAUTY,0,0,0,0,0
2017-08-17,52,BEVERAGES,16,0,0,0,0
2017-08-17,52,BOOKS,0,0,0,0,0
2017-08-17,52,BREAD/BAKERY,12,0,0,0,0
2017-08-17,52,CELEBRATION,0,0,0,0,0
2017-08-17,52,CLEANING,10,0,0,0,0
2017-08-17,52,DAIRY,17,0,0,0,0
2017-08-17,52,DELI,9,0,0,0,0
2017-08-17,52,EGGS,0,0,0,0,0
2017-08-17,52,FROZEN FOODS,0,0,0,0,0
2017-08-17,52,GROCERY I,40,0,0,0,0
2017-08-17,52,GROCERY II,0,0,0,0,0
2017-08-17,52,HARDWARE,0,0,0,0,0
2017-08-17,52,HOME AND KITCHEN I,0,0,0,0,0
2017-08-17,52,HOME AND KITCHEN II,2,0,0,0,0
2017-08-17,52,HOME APPLIANCES,0,0,0,0,0
2017-08-17,52,HOME CARE,6,0,0,0,0
2017-08-17,52,LADIESWEAR,0,0,0,0,0
2017-08-17,52,LAWN AND GARDEN,0,0,0,0,0
2017-08-17,52,LINGERIE,0,0,0,0,0
2017-08-17,52,"LIQUOR,WINE,BEER",6,0,0,0,0
2017-08-17,52,MAGAZINES,0,0,0,0,0
2017-08-17,52,MEATS,0,0,0,0,0
2017-08-17,52,PERSONAL CARE,11,0,0,0,0
2017-08-17,52,PET SUPPLIES,0,0,0,0,0
2017-08-17,52,PLAYERS AND ELECTRONICS,0,0,0,0,0
2017-08-17,52,POULTRY,0,0,0,0,0
2017-08-17,52,PREPARED FOODS,0,0,0,0,0
2017-08-17,52,PRODUCE,3,0,0,0,0
2017-08-17,52,SCHOOL AND OFFICE SUPPLIES,0,0,0,0,0
2017-08-17,52,SEAFOOD,0,0,0,0,0
2017-08-17,53,AUTOMOTIVE,0,0,0,0,0
2017-08-17,53,BABY CARE,0,0,0,0,0
2017-08-17,53,BEAUTY,0,0,0,0,0
2017-08-17,53,BEVERAGES,12,0,0,0,0
2017-08-17,53,BOOKS,0,0,0,0,0
2017-08-17,53,BREAD/BAKERY,10,0,0,0,0
2017-08-17,53,CELEBRATION,0,0,0,0,0
2017-08-17,53,CLEANING,7,0,0,0,0
2017-08-17,53,DAIRY,16,0,0,0,0
2017-08-17,53,DELI,8,0,0,0,0
2017-08-17,53,EGGS,0,0,0,0,0
2017-08-17,53,FROZEN FOODS,0,0,0,0,0
2017-08-17,53,GROCERY I,28,0,0,0,0
2017-08-17,53,GROCERY II,0,0,0,0,0
2017-08-17,53,HARDWARE,0,0,0,0,0
2017-08-17,53,HOME AND KITCHEN I,0,0,0,0,0
2017-08-17,53,HOME AND KITCHEN II,1,0,0,0,0
2017-08-17,53,HOME APPLIANCES,0,0,0,0,0
2017-08-17,53,HOME CARE,7,0,0,0,0
2017-08-17,53,LADIESWEAR,0,0,0,0,0
2017-08-17,53,LAWN AND GARDEN,0,0,0,0,0
2017-08-17,53,LINGERIE,0,0,0,0,0
2017-08-17,53,"LIQUOR,WINE,BEER",4,0,0,0,0
2017-08-17,53,MAGAZINES,0,0,0,0,0
2017-08-17,53,MEATS,0,0,0,0,0
2017-08-17,53,PERSONAL CARE,7,0,0,0,0
2017-08-17,53,PET SUPPLIES,0,0,0,0,0
2017-08-17,53,PLAYERS AND ELECTRONICS,0,0,0,0,0
2017-08-17,53,POULTRY,0,0,0,0,0
2017-08-17,53,PREPARED FOODS,0,0,0,0,0
2017-08-17,53,PRODUCE,1,0,0,0,0
2017-08-17,53,SCHOOL AND OFFICE SUPPLIES,0,0,0,0,0
2017-08-17,53,SEAFOOD,0,0,0,0,0
2017-08-17,54,AUTOMOTIVE,0,0,0,0,0
2017-08-17,54,BABY CARE,0,0,0,0,0
2017-08-17,54,BEAUTY,0,0,0,0,0
2017-08-17,54,BEVERAGES,31,0,0,0,0
2017-08-17,54,BOOKS,0,0,0,0,0
2017-08-17,54,BREAD/BAKERY,6,0,0,0,0
2017-08-17,54,CELEBRATION,0,0,0,0,0
2017-08-17,54,CLEANING,16,0,0,0,0
2017-08-17,54,DAIRY,3,0,0,0,0
2017-08-17,54,DELI,6,0,0,0,0
2017-08-17,54,EGGS,1,0,0,0,0
2017-08-17,54,FROZEN FOODS,0,0,0,0,0
2017-08-17,54,GROCERY I,51,0,0,0,0
2017-08-17,54,GROCERY II,0,0,0,0,0
2017-08-17,54,HARDWARE,0,0,0,0,0
2017-08-17,54,HOME AND KITCHEN I,1,0,0,0,0
2017-08-17,54,HOME AND KITCHEN II,0,0,0,0,0
2017-08-17,54,HOME APPLIANCES,0,0,0,0,0
2017-08-17,54,HOME CARE,11,0,0,0,0
2017-08-17,54,LADIESWEAR,0,0,0,0,0
2017-08-17,54,LAWN AND GARDEN,0,0,0,0,0
2017-08-17,54,LINGERIE,0,0,0,0,0
2017-08-17,54,"LIQUOR,WINE,BEER",1,0,0,0,0
2017-08-17,54,MAGAZINES,0,0,0,0,0
2017-08-17,54,MEATS,10,0,0,0,0
2017-08-17,54,PERSONAL CARE,8,0,0,0,0
2017-08-17,54,PET SUPPLIES,0,0,0,0,0
2017-08-17,54,PLAYERS AND ELECTRONICS,0,0,0,0,0
2017-08-17,54,POULTRY,0,0,0,0,0
2017-08-17,54,PREPARED FOODS,0,0,0,0,0
2017-08-17,54,PRODUCE,0,0,0,0,0
2017-08-17,54,SCHOOL AND OFFICE SUPPLIES,0,0,0,0,0
2017-08-17,54,SEAFOOD,0,0,0,0,0
2017-08-18,1,AUTOMOTIVE,0,0,0,0,0
2017-08-18,1,BABY CARE,0,0,0,0,0
2017-08-18,1,BEAUTY,1,0,0,0,0
2017-08-18,1,BEVERAGES,12,0,0,0,0
2017-08-18,1,BOOKS,0,0,0,0,0
2017-08-18,1,BREAD/BAKERY,10,0,0,0,0
2017-08-18,1,CELEBRATION,0,0,0,0,0
2017-08-18,1,CLEANING,6,0,0,0,0
2017-08-18,1,DAIRY,18,0,0,0,0
2017-08-18,1,DELI,52,0,0,0,0
2017-08-18,1,EGGS,25,0,0,0,0
2017-08-18,1,FROZEN FOODS,0,0,0,0,0
2017-08-18,1,GROCERY I,31,0,0,0,0
2017-08-18,1,GROCERY II,0,0,0,0,0
2017-08-18,1,HARDWARE,0,0,0,0,0
2017-08-18,1,HOME AND KITCHEN I,0,0,0,0,0
2017-08-18,1,HOME AND KITCHEN II,1,0,0,0,0
2017-08-18,1,HOME APPLIANCES,0,0,0,0,0
2017-08-18,1,HOME CARE,5,0,0,0,0
2017-08-18,1,LADIESWEAR,0,0,0,0,0
2017-08-18,1,LAWN AND GARDEN,0,0,0,0,0
2017-08-18,1,LINGERIE,0,0,0,0,0
2017-08-18,1,"LIQUOR,WINE,BEER",6,0,0,0,0
2017-08-18,1,MAGAZINES,0,0,0,0,0
2017-08-18,1,MEATS,48,0,0,0,0
2017-08-18,1,PERSONAL CARE,9,0,0,0,0
2017-08-18,1,PET SUPPLIES,0,0,0,0,0
2017-08-18,1,PLAYERS AND ELECTRONICS,1,0,0,0,0
2017-08-18,1,POULTRY,41,0,0,0,0
2017-08-18,1,PREPARED FOODS,0,0,0,0,0
2017-08-18,1,PRODUCE,5,0,0,0,0
2017-08-18,1,SCHOOL AND OFFICE SUPPLIES,0,0,0,0,0
2017-08-18,1,SEAFOOD,7,0,0,0,0
2017-08-18,2,AUTOMOTIVE,0,0,0,0,0
2017-08-18,2,BABY CARE,0,0,0,0,0
2017-08-18,2,BEAUTY,2,0,0,0,0
2017-08-18,2,BEVERAGES,11,0,0,0,0
2017-08-18,2,BOOKS,0,0,0,0,0
2017-08-18,2,BREAD/BAKERY,13,0,0,0,0
2017-08-18,2,CELEBRATION,0,0,0,0,0
2017-08-18,2,CLEANING,9,0,0,0,0
2017-08-18,2,DAIRY,21,0,0,0,0
2017-08-18,2,DELI,66,0,0,0,0
2017-08-18,2,EGGS,30,0,0,0,0
2017-08-18,2,FROZEN FOODS,0,0,0,0,0
2017-08-18,2,GROCERY I,37,0,0,0,0
2017-08-18,2,GROCERY II,0,0,0,0,0
2017-08-18,2,HARDWARE,0,0,0,0,0
2017-08-18,2,HOME AND KITCHEN I,2,0,0,0,0
2017-08-18,2,HOME AND KITCHEN II,2,0,0,0,0
2017-08-18,2,HOME APPLIANCES,0,0,0,0,0
2017-08-18,2,HOME CARE,6,0,0,0,0
2017-08-18,2,LADIESWEAR,0,0,0,0,0
2017-08-18,2,LAWN AND GARDEN,0,0,0,0,0
2017-08-18,2,LINGERIE,3,0,0,0,0
2017-08-18,2,"LIQUOR,WINE,BEER",5,0,0,0,0
2017-08-18,2,MAGAZINES,0,0,0,0,0
2017-08-18,2,MEATS,48,0,0,0,0
2017-08-18,2,PERSONAL CARE,10,0,0,0,0
2017-08-18,2,PET SUPPLIES,0,0,0,0,0
2017-08-18,2,PLAYERS AND ELECTRONICS,0,0,0,0,0
2017-08-18,2,POULTRY,43,0,0,0,0
2017-08-18,2,PREPARED FOODS,0,0,0,0,0
2017-08-18,2,PRODUCE,5,0,0,0,0
2017-08-18,2,SCHOOL AND OFFICE SUPPLIES,0,0,0,0,0
2017-08-18,2,SEAFOOD,7,0,0,0,0
2017-08-18,3,AUTOMOTIVE,0,0,0,0,0
2017-08-18,3,BABY CARE,0,0,0,0,0
2017-08-18,3,BEAUTY,1,0,0,0,0
2017-08-18,3,BEVERAGES,15,0,0,0,0
2017-08-18,3,BOOKS,0,0,0,0,0
2017-08-18,3,BREAD/BAKERY,12,0,0,0,0
2017-08-18,3,CELEBRATION,0,0,0,0,0
2017-08-18,3,CLEANING,10,0,0,0,0
2017-08-18,3,DAIRY,22,0,0,0,0
2017-08-18,3,DELI,70,0,0,0,0
2017-08-18,3,EGGS,31,0,0,0,0
2017-08-18,3,FROZEN FOODS,0,0,0,0,0
2017-08-18,3,GROCERY I,40,0,0,0,0
2017-08-18,3,GROCERY II,0,0,0,0,0
2017-08-18,3,HARDWARE,0,0,0,0,0
2017-08-18,3,HOME AND KITCHEN I,2,0,0,0,0
2017-08-18,3,HOME AND KITCHEN II,2,0,0,0,0
2017-08-18,3,HOME APPLIANCES,0,0,0,0,0
2017-08-18,3,HOME CARE,9,0,0,0,0
2017-08-18,3,LADIESWEAR,0,0,0,0,0
2017-08-18,3,LAWN AND GARDEN,0,0,0,0,0
2017-08-18,3,LINGERIE,3,0,0,0,0
2017-08-18,3,"LIQUOR,WINE,BEER",6,0,0,0,0
2017-08-18,3,MAGAZINES,0,0,0,0,0
2017-08-18,3,MEATS,53,0,0,0,0
2017-08-18,3,PERSONAL CARE,13,0,0,0,0
2017-08-18,3,PET SUPPLIES,0,0,0,0,0
2017-08-18,3,PLAYERS AND ELECTRONICS,0,0,0,0,0
2017-08-18,3,POULTRY,45,0,0,0,0
2017-08-18,3,PREPARED FOODS,0,0,0,0,0
2017-08-18,3,PRODUCE,5,0,0,0,0
2017-08-18,3,SCHOOL AND OFFICE SUPPLIES,0,0,0,0,0
2017-08-18,3,SEAFOOD,7,0,0,0,0
2017-08-18,4,AUTOMOTIVE,0,0,0,0,0
2017-08-18,4,BABY CARE,0,0,0,0,0
2017-08-18,4,BEAUTY,1,0,0,0,0
2017-08-18,4,BEVERAGES,11,0,0,0,0
2017-08-18,4,BOOKS,0,0,0,0,0
2017-08-18,4,BREAD/BAKERY,12,0,0,0,0
2017-08-18,4,CELEBRATION,0,0,0,0,0
2017-08-18,4,CLEANING,7,0,0,0,0
2017-08-18,4,DAIRY,20,0,0,0,0
2017-08-18,4,DELI,55,0,0,0,0
2017-08-18,4,EGGS,30,0,0,0,0
2017-08-18,4,FROZEN FOODS,0,0,0,0,0
2017-08-18,4,GROCERY I,35,0,0,0,0
2017-08-18,4,GROCERY II,0,0,0,0,0
2017-08-18,4,HARDWARE,0,0,0,0,0
2017-08-18,4,HOME AND KITCHEN I,1,0,0,0,0
2017-08-18,4,HOME AND KITCHEN II,1,0,0,0,0
2017-08-18,4,HOME APPLIANCES,0,0,0,0,0
2017-08-18,4,HOME CARE,6,0,0,0,0
2017-08-18,4,LADIESWEAR,0,0,0,0,0
2017-08-18,4,LAWN AND GARDEN,0,0,0,0,0
2017-08-18,4,LINGERIE,0,0,0,0,0
2017-08-18,4,"LIQUOR,WINE,BEER",7,0,0,0,0
2017-08-18,4,MAGAZINES,0,0,0,0,0
2017-08-18,4,MEATS,46,0,0,0,0
2017-08-18,4,PERSONAL CARE,10,0,0,0,0
2017-08-18,4,PET SUPPLIES,0,0,0,0,0
2017-08-18,4,PLAYERS AND ELECTRONICS,0,0,0,0,0
2017-08-18,4,POULTRY,41,0,0,0,0
2017-08-18,4,PREPARED FOODS,0,0,0,0,0
2017-08-18,4,PRODUCE,5,0,0,0,0
2017-08-18,4,SCHOOL AND OFFICE SUPPLIES,0,0,0,0,0
2017-08-18,4,SEAFOOD,4,0,0,0,0
2017-08-18,5,AUTOMOTIVE,0,0,0,0,0
2017-08-18,5,BABY CARE,0,0,0,0,0
2017-08-18,5,BEAUTY,1,0,0,0,0
2017-08-18,5,BEVERAGES,18,0,0,0,0
2017-08-18,5,BOOKS,0,0,0,0,0
2017-08-18,5,BREAD/BAKERY,9,0,0,0,0
2017-08-18,5,CELEBRATION,0,0,0,0,0
2017-08-18,5,CLEANING,11,0,0,0,0
2017-08-18,5,DAIRY,18,0,0,0,0
2017-08-18,5,DELI,64,0,0,0,0
2017-08-18,5,EGGS,25,0,0,0,0
2017-08-18,5,FROZEN FOODS,1,0,0,0,0
2017-08-18,5,GROCERY I,33,0,0,0,0
2017-08-18,5,GROCERY II,0,0,0,0,0
2017-08-18,5,HARDWARE,0,0,0,0,0
2017-08-18,5,HOME AND KITCHEN I,2,0,0,0,0
2017-08-18,5,HOME AND KITCHEN II,2,0,0,0,0
2017-08-18,5,HOME APPLIANCES,0,0,0,0,0
2017-08-18,5,HOME CARE,8,0,0,0,0
2017-08-18,5,LADIESWEAR,0,0,0,0,0
2017-08-18,5,LAWN AND GARDEN,0,0,0,0,0
2017-08-18,5,LINGERIE,0,0,0,0,0
2017-08-18,5,"LIQUOR,WINE,BEER",7,0,0,0,0
2017-08-18,5,MAGAZINES,0,0,0,0,0
2017-08-18,5,MEATS,32,0,0,0,0
2017-08-18,5,PERSONAL CARE,10,0,0,0,0
2017-08-18,5,PET SUPPLIES,0,0,0,0,0
2017-08-18,5,PLAYERS AND ELECTRONICS,0,0,0,0,0
2017-08-18,5,POULTRY,25,0,0,0,0
2017-08-18,5,PREPARED FOODS,0,0,0,0,0
2017-08-18,5,PRODUCE,3,0,0,0,0
2017-08-18,5,SCHOOL AND OFFICE SUPPLIES,0,0,0,0,0
2017-08-18,5,SEAFOOD,5,0,0,0,0
2017-08-18,6,AUTOMOTIVE,0,0,0,0,0
2017-08-18,6,BABY CARE,0,0,0,0,0
2017-08-18,6,BEAUTY,1,0,0,0,0
2017-08-18,6,BEVERAGES,17,0,0,0,0
2017-08-18,6,BOOKS,0,0,0,0,0
2017-08-18,6,BREAD/BAKERY,10,0,0,0,0
2017-08-18,6,CELEBRATION,0,0,0,0,0
2017-08-18,6,CLEANING,13,0,0,0,0
2017-08-18,6,DAIRY,22,0,0,0,0
2017-08-18,6,DELI,65,0,0,0,0
2017-08-18,6,EGGS,30,0,0,0,0
2017-08-18,6,FROZEN FOODS,0,0,0,0,0
2017-08-18,6,GROCERY I,36,0,0,0,0
2017-08-18,6,GROCERY II,0,0,0,0,0
2017-08-18,6,HARDWARE,0,0,0,0,0
2017-08-18,6,HOME AND KITCHEN I,1,0,0,0,0
2017-08-18,6,HOME AND KITCHEN II,3,0,0,0,0
2017-08-18,6,HOME APPLIANCES,0,0,0,0,0
2017-08-18,6,HOME CARE,7,0,0,0,0
2017-08-18,6,LADIESWEAR,0,0,0,0,0
2017-08-18,6,LAWN AND GARDEN,0,0,0,0,0
2017-08-18,6,LINGERIE,4,0,0,0,0
2017-08-18,6,"LIQUOR,WINE,BEER",6,0,0,0,0
2017-08-18,6,MAGAZINES,0,0,0,0,0
2017-08-18,6,MEATS,49,0,0,0,0
2017-08-18,6,PERSONAL CARE,10,0,0,0,0
2017-08-18,6,PET SUPPLIES,0,0,0,0,0
2017-08-18,6,PLAYERS AND ELECTRONICS,0,0,0,0,0
2017-08-18,6,POULTRY,41,0,0,0,0
2017-08-18,6,PREPARED FOODS,0,0,0,0,0
2017-08-18,6,PRODUCE,3,0,0,0,0
2017-08-18,6,SCHOOL AND OFFICE SUPPLIES,0,0,0,0,0
2017-08-18,6,SEAFOOD,7,0,0,0,0
2017-08-18,7,AUTOMOTIVE,0,0,0,0,0
2017-08-18,7,BABY CARE,0,0,0,0,0
2017-08-18,7,BEAUTY,2,0,0,0,0
2017-08-18,7,BEVERAGES,17,0,0,0,0
2017-08-18,7,BOOKS,0,0,0,0,0
2017-08-18,7,BREAD/BAKERY,10,0,0,0,0
2017-08-18,7,CELEBRATION,0,0,0,0,0
2017-08-18,7,CLEANING,9,0,0,0,0
2017-08-18,7,DAIRY,22,0,0,0,0
2017-08-18,7,DELI,58,0,0,0,0
2017-08-18,7,EGGS,28,0,0,0,0
2017-08-18,7,FROZEN FOODS,1,0,0,0,0
2017-08-18,7,GROCERY I,32,0,0,0,0
2017-08-18,7,GROCERY II,0,0,0,0,0
2017-08-18,7,HARDWARE,0,0,0,0,0
2017-08-18,7,HOME AND KITCHEN I,2,0,0,0,0
2017-08-18,7,HOME AND KITCHEN II,2,0,0,0,0
2017-08-18,7,HOME APPLIANCES,0,0,0,0,0
2017-08-18,7,HOME CARE,8,0,0,0,0
2017-08-18,7,LADIESWEAR,0,0,0,0,0
2017-08-18,7,LAWN AND GARDEN,0,0,0,0,0
2017-08-18,7,LINGERIE,0,0,0,0,0
2017-08-18,7,"LIQUOR,WINE,BEER",8,0,0,0,0
2017-08-18,7,MAGAZINES,0,0,0,0,0
2017-08-18,7,MEATS,41,0,0,0,0
2017-08-18,7,PERSONAL CARE,11,0,0,0,0
2017-08-18,7,PET SUPPLIES,0,0,0,0,0
2017-08-18,7,PLAYERS AND ELECTRONICS,1,0,0,0,0
2017-08-18,7,POULTRY,43,0,0,0,0
2017-08-18,7,PREPARED FOODS,0,0,0,0,0
2017-08-18,7,PRODUCE,2,0,0,0,0
2017-08-18,7,SCHOOL AND OFFICE SUPPLIES,0,0,0,0,0
2017-08-18,7,SEAFOOD,5,0,0,0,0
2017-08-18,8,AUTOMOTIVE,0,0,0,0,0
2017-08-18,8,BABY CARE,0,0,0,0,0
2017-08-18,8,BEAUTY,1,0,0,0,0
2017-08-18,8,BEVERAGES,19,0,0,0,0
2017-08-18,8,BOOKS,0,0,0,0,0
2017-08-18,8,BREAD/BAKERY,12,0,0,0,0
2017-08-18,8,CELEBRATION,0,0,0,0,0
2017-08-18,8,CLEANING,11,0,0,0,0
2017-08-18,8,DAIRY,22,0,0,0,0
2017-08-18,8,DELI,62,0,0,0,0
2017-08-18,8,EGGS,29,0,0,0,0
2017-08-18,8,FROZEN FOODS,0,0,0,0,0
2017-08-18,8,GROCERY I,36,0,0,0,0
2017-08-18,8,GROCERY II,0,0,0,0,0
2017-08-18,8,HARDWARE,0,0,0,0,0
2017-08-18,8,HOME AND KITCHEN I,0,0,0,0,0
2017-08-18,8,HOME AND KITCHEN II,1,0,0,0,0
2017-08-18,8,HOME APPLIANCES,0,0,0,0,0
2017-08-18,8,HOME CARE,7,0,0,0,0
2017-08-18,8,LADIESWEAR,0,0,0,0,0
2017-08-18,8,LAWN AND GARDEN,0,0,0,0,0
2017-08-18,8,LINGERIE,1,0,0,0,0
2017-08-18,8,"LIQUOR,WINE,BEER",4,0,0,0,0
2017-08-18,8,MAGAZINES,0,0,0,0,0
2017-08-18,8,MEATS,51,0,0,0,0
2017-08-18,8,PERSONAL CARE,12,0,0,0,0
2017-08-18,8,PET SUPPLIES,0,0,0,0,0
2017-08-18,8,PLAYERS AND ELECTRONICS,0,0,0,0,0
2017-08-18,8,POULTRY,44,0,0,0,0
2017-08-18,8,PREPARED FOODS,0,0,0,0,0
2017-08-18,8,PRODUCE,5,0,0,0,0
2017-08-18,8,SCHOOL AND OFFICE SUPPLIES,0,0,0,0,0
2017-08-18,8,SEAFOOD,6,0,0,0,0
2017-08-18,9,AUTOMOTIVE,0,0,0,0,0
2017-08-18,9,BABY CARE,0,0,0,0,0
2017-08-18,9,BEAUTY,1,0,0,0,0
2017-08-18,9,BEVERAGES,25,0,0,0,0
2017-08-18,9,BOOKS,0,0,0,0,0
2017-08-18,9,BREAD/BAKERY,11,0,0,0,0
2017-08-18,9,CELEBRATION,0,0,0,0,0
2017-08-18,9,CLEANING,22,0,0,0,0
2017-08-18,9,DAIRY,17,0,0,0,0
2017-08-18,9,DELI,66,0,0,0,0
2017-08-18,9,EGGS,1,0,0,0,0
2017-08-18,9,FROZEN FOODS,0,0,0,0,0
2017-08-18,9,GROCERY I,62,0,0,0,0
2017-08-18,9,GROCERY II,0,0,0,0,0
2017-08-18,9,HARDWARE,0,0,0,0,0
2017-08-18,9,HOME AND KITCHEN I,2,0,0,0,0
2017-08-18,9,HOME AND KITCHEN II,2,0,0,0,0
2017-08-18,9,HOME APPLIANCES,0,0,0,0,0
2017-08-18,9,HOME CARE,11,0,0,0,0
2017-08-18,9,LADIESWEAR,0,0,0,0,0
2017-08-18,9,LAWN AND GARDEN,0,0,0,0,0
2017-08-18,9,LINGERIE,1,0,0,0,0
2017-08-18,9,"LIQUOR,WINE,BEER",5,0,0,0,0
2017-08-18,9,MAGAZINES,0,0,0,0,0
2017-08-18,9,MEATS,1,0,0,0,0
2017-08-18,9,PERSONAL CARE,9,0,0,0,0
2017-08-18,9,PET SUPPLIES,0,0,0,0,0
2017-08-18,9,PLAYERS AND ELECTRONICS,0,0,0,0,0
2017-08-18,9,POULTRY,14,0,0,0,0
2017-08-18,9,PREPARED FOODS,2,0,0,0,0
2017-08-18,9,PRODUCE,1,0,0,0,0
2017-08-18,9,SCHOOL AND OFFICE SUPPLIES,6,0,0,0,0
2017-08-18,9,SEAFOOD,0,0,0,0,0
2017-08-18,10,AUTOMOTIVE,0,0,0,0,0
2017-08-18,10,BABY CARE,0,0,0,0,0
2017-08-18,10,BEAUTY,0,0,0,0,0
2017-08-18,10,BEVERAGES,17,0,0,0,0
2017-08-18,10,BOOKS,0,0,0,0,0
2017-08-18,10,BREAD/BAKERY,4,0,0,0,0
2017-08-18,10,CELEBRATION,0,0,0,0,0
2017-08-18,10,CLEANING,14,0,0,0,0
2017-08-18,10,DAIRY,10,0,0,0,0
2017-08-18,10,DELI,37,0,0,0,0
2017-08-18,10,EGGS,1,0,0,0,0
2017-08-18,10,FROZEN FOODS,0,0,0,0,0
2017-08-18,10,GROCERY I,45,0,0,0,0
2017-08-18,10,GROCERY II,0,0,0,0,0
2017-08-18,10,HARDWARE,0,0,0,0,0
2017-08-18,10,HOME AND KITCHEN I,0,0,0,0,0
2017-08-18,10,HOME AND KITCHEN II,1,0,0,0,0
2017-08-18,10,HOME APPLIANCES,0,0,0,0,0
2017-08-18,10,HOME CARE,8,0,0,0,0
2017-08-18,10,LADIESWEAR,0,0,0,0,0
2017-08-18,10,LAWN AND GARDEN,0,0,0,0,0
2017-08-18,10,LINGERIE,0,0,0,0,0
2017-08-18,10,"LIQUOR,WINE,BEER",2,0,0,0,0
2017-08-18,10,MAGAZINES,0,0,0,0,0
2017-08-18,10,MEATS,0,0,0,0,0
2017-08-18,10,PERSONAL CARE,9,0,0,0,0
2017-08-18,10,PET SUPPLIES,0,0,0,0,0
2017-08-18,10,PLAYERS AND ELECTRONICS,0,0,0,0,0
2017-08-18,10,POULTRY,9,0,0,0,0
2017-08-18,10,PREPARED FOODS,0,0,0,0,0
2017-08-18,10,PRODUCE,1,0,0,0,0
2017-08-18,10,SCHOOL AND OFFICE SUPPLIES,3,0,0,0,0
2017-08-18,10,SEAFOOD,0,0,0,0,0
2017-08-18,11,AUTOMOTIVE,0,0,0,0,0
2017-08-18,11,BABY CARE,0,0,0,0,0
2017-08-18,11,BEAUTY,1,0,0,0,0
2017-08-18,11,BEVERAGES,36,0,0,0,0
2017-08-18,11,BOOKS,0,0,0,0,0
2017-08-18,11,BREAD/BAKERY,8,0,0,0,0
2017-08-18,11,CELEBRATION,0,0,0,0,0
2017-08-18,11,CLEANING,24,0,0,0,0
2017-08-18,11,DAIRY,19,0,0,0,0
2017-08-18,11,DELI,61,0,0,0,0
2017-08-18,11,EGGS,1,0,0,0,0
2017-08-18,11,FROZEN FOODS,0,0,0,0,0
2017-08-18,11,GROCERY I,66,0,0,0,0
2017-08-18,11,GROCERY II,0,0,0,0,0
2017-08-18,11,HARDWARE,0,0,0,0,0
2017-08-18,11,HOME AND KITCHEN I,2,0,0,0,0
2017-08-18,11,HOME AND KITCHEN II,1,0,0,0,0
2017-08-18,11,HOME APPLIANCES,0,0,0,0,0
2017-08-18,11,HOME CARE,10,0,0,0,0
2017-08-18,11,LADIESWEAR,0,0,0,0,0
2017-08-18,11,LAWN AND GARDEN,0,0,0,0,0
2017-08-18,11,LINGERIE,0,0,0,0,0
2017-08-18,11,"LIQUOR,WINE,BEER",2,0,0,0,0
2017-08-18,11,MAGAZINES,0,0,0,0,0
2017-08-18,11,MEATS,0,0,0,0,0
2017-08-18,11,PERSONAL CARE,11,0,0,0,0
2017-08-18,11,PET SUPPLIES,0,0,0,0,0
2017-08-18,11,PLAYERS AND ELECTRONICS,0,0,0,0,0
2017-08-18,11,POULTRY,19,0,0,0,0
2017-08-18,11,PREPARED FOODS,2,0,0,0,0
2017-08-18,11,PRODUCE,2,0,0,0,0
2017-08-18,11,SCHOOL AND OFFICE SUPPLIES,3,0,0,0,0
2017-08-18,11,SEAFOOD,0,0,0,0,0
2017-08-18,12,AUTOMOTIVE,0,0,0,0,0
2017-08-18,12,BABY CARE,0,0,0,0,0
2017-08-18,12,BEAUTY,1,0,0,0,0
2017-08-18,12,BEVERAGES,16,0,0,0,0
2017-08-18,12,BOOKS,0,0,0,0,0
2017-08-18,12,BREAD/BAKERY,4,0,0,0,0
2017-08-18,12,CELEBRATION,0,0,0,0,0
2017-08-18,12,CLEANING,14,0,0,0,0
2017-08-18,12,DAIRY,8,0,0,0,0
2017-08-18,12,DELI,46,0,0,0,0
2017-08-18,12,EGGS,1,0,0,0,0
2017-08-18,12,FROZEN FOODS,0,0,0,0,0
2017-08-18,12,GROCERY I,50,0,0,0,0
2017-08-18,12,GROCERY II,0,0,0,0,0
2017-08-18,12,HARDWARE,0,0,0,0,0
2017-08-18,12,HOME AND KITCHEN I,0,0,0,0,0
2017-08-18,12,HOME AND KITCHEN II,0,0,0,0,0
2017-08-18,12,HOME APPLIANCES,0,0,0,0,0
2017-08-18,12,HOME CARE,7,0,0,0,0
2017-08-18,12,LADIESWEAR,0,0,0,0,0
2017-08-18,12,LAWN AND GARDEN,0,0,0,0,0
2017-08-18,12,LINGERIE,1,0,0,0,0
2017-08-18,12,"LIQUOR,WINE,BEER",3,0,0,0,0
2017-08-18,12,MAGAZINES,0,0,0,0,0
2017-08-18,12,MEATS,0,0,0,0,0
2017-08-18,12,PERSONAL CARE,8,0,0,0,0
2017-08-18,12,PET SUPPLIES,0,0,0,0,0
2017-08-18,12,PLAYERS AND ELECTRONICS,0,0,0,0,0
2017-08-18,12,POULTRY,12,0,0,0,0
2017-08-18,12,PREPARED FOODS,0,0,0,0,0
2017-08-18,12,PRODUCE,1,0,0,0,0
2017-08-18,12,SCHOOL AND OFFICE SUPPLIES,5,0,0,0,0
2017-08-18,12,SEAFOOD,0,0,0,0,0
2017-08-18,13,AUTOMOTIVE,0,0,0,0,0
2017-08-18,13,BABY CARE,0,0,0,0,0
2017-08-18,13,BEAUTY,0,0,0,0,0
2017-08-18,13,BEVERAGES,18,0,0,0,0
2017-08-18,13,BOOKS,0,0,0,0,0
2017-08-18,13,BREAD/BAKERY,5,0,0,0,0
2017-08-18,13,CELEBRATION,0,0,0,0,0
2017-08-18,13,CLEANING,17,0,0,0,0
2017-08-18,13,DAIRY,7,0,0,0,0
2017-08-18,13,DELI,39,0,0,0,0
2017-08-18,13,EGGS,1,0,0,0,0
2017-08-18,13,FROZEN FOODS,0,0,0,0,0
2017-08-18,13,GROCERY I,44,0,0,0,0
2017-08-18,13,GROCERY II,0,0,0,0,0
2017-08-18,13,HARDWARE,0,0,0,0,0
2017-08-18,13,HOME AND KITCHEN I,0,0,0,0,0
2017-08-18,13,HOME AND KITCHEN II,1,0,0,0,0
2017-08-18,13,HOME APPLIANCES,0,0,0,0,0
2017-08-18,13,HOME CARE,4,0,0,0,0
2017-08-18,13,LADIESWEAR,0,0,0,0,0
2017-08-18,13,LAWN AND GARDEN,0,0,0,0,0
2017-08-18,13,LINGERIE,0,0,0,0,0
2017-08-18,13,"LIQUOR,WINE,BEER",2,0,0,0,0
2017-08-18,13,MAGAZINES,0,0,0,0,0
2017-08-18,13,MEATS,0,0,0,0,0
2017-08-18,13,PERSONAL CARE,9,0,0,0,0
2017-08-18,13,PET SUPPLIES,0,0,0,0,0
2017-08-18,13,PLAYERS AND ELECTRONICS,0,0,0,0,0
2017-08-18,13,POULTRY,7,0,0,0,0
2017-08-18,13,PREPARED FOODS,0,0,0,0,0
2017-08-18,13,PRODUCE,1,0,0,0,0
2017-08-18,13,SCHOOL AND OFFICE SUPPLIES,2,0,0,0,0
2017-08-18,13,SEAFOOD,0,0,0,0,0
2017-08-18,14,AUTOMOTIVE,0,0,0,0,0
2017-08-18,14,BABY CARE,0,0,0,0,0
2017-08-18,14,BEAUTY,1,0,0,0,0
2017-08-18,14,BEVERAGES,17,0,0,0,0
2017-08-18,14,BOOKS,0,0,0,0,0
2017-08-18,14,BREAD/BAKERY,6,0,0,0,0
2017-08-18,14,CELEBRATION,0,0,0,0,0
2017-08-18,14,CLEANING,20,0,0,0,0
2017-08-18,14,DAIRY,10,0,0,0,0
2017-08-18,14,DELI,46,0,0,0,0
2017-08-18,14,EGGS,1,0,0,0,0
2017-08-18,14,FROZEN FOODS,0,0,0,0,0
2017-08-18,14,GROCERY I,52,0,0,0,0
2017-08-18,14,GROCERY II,0,0,0,0,0
2017-08-18,14,HARDWARE,0,0,0,0,0
2017-08-18,14,HOME AND KITCHEN I,0,0,0,0,0
2017-08-18,14,HOME AND KITCHEN II,1,0,0,0,0
2017-08-18,14,HOME APPLIANCES,0,0,0,0,0
2017-08-18,14,HOME CARE,7,0,0,0,0
2017-08-18,14,LADIESWEAR,0,0,0,0,0
2017-08-18,14,LAWN AND GARDEN,0,0,0,0,0
2017-08-18,14,LINGERIE,0,0,0,0,0
2017-08-18,14,"LIQUOR,WINE,BEER",2,0,0,0,0
2017-08-18,14,MAGAZINES,0,0,0,0,0
2017-08-18,14,MEATS,0,0,0,0,0
2017-08-18,14,PERSONAL CARE,9,0,0,0,0
2017-08-18,14,PET SUPPLIES,0,0,0,0,0
2017-08-18,14,PLAYERS AND ELECTRONICS,0,0,0,0,0
2017-08-18,14,POULTRY,12,0,0,0,0
2017-08-18,14,PREPARED FOODS,0,0,0,0,0
2017-08-18,14,PRODUCE,1,0,0,0,0
2017-08-18,14,SCHOOL AND OFFICE SUPPLIES,0,0,0,0,0
2017-08-18,14,SEAFOOD,0,0,0,0,0
2017-08-18,15,AUTOMOTIVE,0,0,0,0,0
2017-08-18,15,BABY CARE,0,0,0,0,0
2017-08-18,15,BEAUTY,0,0,0,0,0
2017-08-18,15,BEVERAGES,31,0,0,0,0
2017-08-18,15,BOOKS,0,0,0,0,0
2017-08-18,15,BREAD/BAKERY,7,0,0,0,0
2017-08-18,15,CELEBRATION,0,0,0,0,0
2017-08-18,15,CLEANING,22,0,0,0,0
2017-08-18,15,DAIRY,9,0,0,0,0
2017-08-18,15,DELI,47,0,0,0,0
2017-08-18,15,EGGS,1,0,0,0,0
2017-08-18,15,FROZEN FOODS,0,0,0,0,0
2017-08-18,15,GROCERY I,61,0,0,0,0
2017-08-18,15,GROCERY II,0,0,0,0,0
2017-08-18,15,HARDWARE,0,0,0,0,0
2017-08-18,15,HOME AND KITCHEN I,1,0,0,0,0
2017-08-18,15,HOME AND KITCHEN II,0,0,0,0,0
2017-08-18,15,HOME APPLIANCES,0,0,0,0,0
2017-08-18,15,HOME CARE,9,0,0,0,0
2017-08-18,15,LADIESWEAR,1,0,0,0,0
2017-08-18,15,LAWN AND GARDEN,0,0,0,0,0
2017-08-18,15,LINGERIE,0,0,0,0,0
2017-08-18,15,"LIQUOR,WINE,BEER",1,0,0,0,0
2017-08-18,15,MAGAZINES,0,0,0,0,0
2017-08-18,15,MEATS,0,0,0,0,0
2017-08-18,15,PERSONAL CARE,13,0,0,0,0
2017-08-18,15,PET SUPPLIES,0,0,0,0,0
2017-08-18,15,PLAYERS AND ELECTRONICS,0,0,0,0,0
2017-08-18,15,POULTRY,13,0,0,0,0
2017-08-18,15,PREPARED FOODS,1,0,0,0,0
2017-08-18,15,PRODUCE,4,0,0,0,0
2017-08-18,15,SCHOOL AND OFFICE SUPPLIES,4,0,0,0,0
2017-08-18,15,SEAFOOD,0,0,0,0,0
2017-08-18,16,AUTOMOTIVE,0,0,0,0,0
2017-08-18,16,BABY CARE,0,0,0,0,0
2017-08-18,16,BEAUTY,0,0,0,0,0
2017-08-18,16,BEVERAGES,15,0,0,0,0
2017-08-18,16,BOOKS,0,0,0,0,0
2017-08-18,16,BREAD/BAKERY,6,0,0,0,0
2017-08-18,16,CELEBRATION,0,0,0,0,0
2017-08-18,16,CLEANING,20,0,0,0,0
2017-08-18,16,DAIRY,7,0,0,0,0
2017-08-18,16,DELI,36,0,0,0,0
2017-08-18,16,EGGS,1,0,0,0,0
2017-08-18,16,FROZEN FOODS,0,0,0,0,0
2017-08-18,16,GROCERY I,41,0,0,0,0
2017-08-18,16,GROCERY II,0,0,0,0,0
2017-08-18,16,HARDWARE,0,0,0,0,0
2017-08-18,16,HOME AND KITCHEN I,1,0,0,0,0
2017-08-18,16,HOME AND KITCHEN II,0,0,0,0,0
2017-08-18,16,HOME APPLIANCES,0,0,0,0,0
2017-08-18,16,HOME CARE,8,0,0,0,0
2017-08-18,16,LADIESWEAR,0,0,0,0,0
2017-08-18,16,LAWN AND GARDEN,0,0,0,0,0
2017-08-18,16,LINGERIE,0,0,0,0,0
2017-08-18,16,"LIQUOR,WINE,BEER",3,0,0,0,0
2017-08-18,16,MAGAZINES,0,0,0,0,0
2017-08-18,16,MEATS,0,0,0,0,0
2017-08-18,16,PERSONAL CARE,4,0,0,0,0
2017-08-18,16,PET SUPPLIES,0,0,0,0,0
2017-08-18,16,PLAYERS AND ELECTRONICS,0,0,0,0,0
2017-08-18,16,POULTRY,10,0,0,0,0
2017-08-18,16,PREPARED FOODS,0,0,0,0,0
2017-08-18,16,PRODUCE,0,0,0,0,0
2017-08-18,16,SCHOOL AND OFFICE SUPPLIES,0,0,0,0,0
2017-08-18,16,SEAFOOD,0,0,0,0,0
2017-08-18,17,AUTOMOTIVE,0,0,0,0,0
2017-08-18,17,BABY CARE,0,0,0,0,0
2017-08-18,17,BEAUTY,1,0,0,0,0
2017-08-18,17,BEVERAGES,15,0,0,0,0
2017-08-18,17,BOOKS,0,0,0,0,0
2017-08-18,17,BREAD/BAKERY,10,0,0,0,0
2017-08-18,17,CELEBRATION,0,0,0,0,0
2017-08-18,17,CLEANING,14,0,0,0,0
2017-08-18,17,DAIRY,13,0,0,0,0
2017-08-18,17,DELI,63,0,0,0,0
2017-08-18,17,EGGS,1,0,0,0,0
2017-08-18,17,FROZEN FOODS,0,0,0,0,0
2017-08-18,17,GROCERY I,52,0,0,0,0
2017-08-18,17,GROCERY II,0,0,0,0,0
2017-08-18,17,HARDWARE,0,0,0,0,0
2017-08-18,17,HOME AND KITCHEN I,1,0,0,0,0
2017-08-18,17,HOME AND KITCHEN II,0,0,0,0,0
2017-08-18,17,HOME APPLIANCES,0,0,0,0,0
2017-08-18,17,HOME CARE,8,0,0,0,0
2017-08-18,17,LADIESWEAR,0,0,0,0,0
2017-08-18,17,LAWN AND GARDEN,0,0,0,0,0
2017-08-18,17,LINGERIE,0,0,0,0,0
2017-08-18,17,"LIQUOR,WINE,BEER",2,0,0,0,0
2017-08-18,17,MAGAZINES,0,0,0,0,0
2017-08-18,17,MEATS,0,0,0,0,0
2017-08-18,17,PERSONAL CARE,11,0,0,0,0
2017-08-18,17,PET SUPPLIES,0,0,0,0,0
2017-08-18,17,PLAYERS AND ELECTRONICS,0,0,0,0,0
2017-08-18,17,POULTRY,16,0,0,0,0
2017-08-18,17,PREPARED FOODS,0,0,0,0,0
2017-08-18,17,PRODUCE,0,0,0,0,0
2017-08-18,17,SCHOOL AND OFFICE SUPPLIES,4,0,0,0,0
2017-08-18,17,SEAFOOD,0,0,0,0,0
2017-08-18,18,AUTOMOTIVE,0,0,0,0,0
2017-08-18,18,BABY CARE,0,0,0,0,0
2017-08-18,18,BEAUTY,1,0,0,0,0
2017-08-18,18,BEVERAGES,22,0,0,0,0
2017-08-18,18,BOOKS,0,0,0,0,0
2017-08-18,18,BREAD/BAKERY,8,0,0,0,0
2017-08-18,18,CELEBRATION,0,0,0,0,0
2017-08-18,18,CLEANING,16,0,0,0,0
2017-08-18,18,DAIRY,23,0,0,0,0
2017-08-18,18,DELI,60,0,0,0,0
2017-08-18,18,EGGS,1,0,0,0,0
2017-08-18,18,FROZEN FOODS,0,0,0,0,0
2017-08-18,18,GROCERY I,60,0,0,0,0
2017-08-18,18,GROCERY II,0,0,0,0,0
2017-08-18,18,HARDWARE,0,0,0,0,0
2017-08-18,18,HOME AND KITCHEN I,1,0,0,0,0
2017-08-18,18,HOME AND KITCHEN II,0,0,0,0,0
2017-08-18,18,HOME APPLIANCES,0,0,0,0,0
2017-08-18,18,HOME CARE,9,0,0,0,0
2017-08-18,18,LADIESWEAR,0,0,0,0,0
2017-08-18,18,LAWN AND GARDEN,0,0,0,0,0
2017-08-18,18,LINGERIE,1,0,0,0,0
2017-08-18,18,"LIQUOR,WINE,BEER",5,0,0,0,0
2017-08-18,18,MAGAZINES,0,0,0,0,0
2017-08-18,18,MEATS,0,0,0,0,0
2017-08-18,18,PERSONAL CARE,11,0,0,0,0
2017-08-18,18,PET SUPPLIES,0,0,0,0,0
2017-08-18,18,PLAYERS AND ELECTRONICS,0,0,0,0,0
2017-08-18,18,POULTRY,19,0,0,0,0
2017-08-18,18,PREPARED FOODS,2,0,0,0,0
2017-08-18,18,PRODUCE,1,0,0,0,0
2017-08-18,18,SCHOOL AND OFFICE SUPPLIES,5,0,0,0,0
2017-08-18,18,SEAFOOD,0,0,0,0,0
2017-08-18,19,AUTOMOTIVE,0,0,0,0,0
2017-08-18,19,BABY CARE,0,0,0,0,0
2017-08-18,19,BEAUTY,0,0,0,0,0
2017-08-18,19,BEVERAGES,15,0,0,0,0
2017-08-18,19,BOOKS,0,0,0,0,0
2017-08-18,19,BREAD/BAKERY,6,0,0,0,0
2017-08-18,19,CELEBRATION,0,0,0,0,0
2017-08-18,19,CLEANING,17,0,0,0,0
2017-08-18,19,DAIRY,10,0,0,0,0
2017-08-18,19,DELI,48,0,0,0,0
2017-08-18,19,EGGS,1,0,0,0,0
2017-08-18,19,FROZEN FOODS,0,0,0,0,0
2017-08-18,19,GROCERY I,54,0,0,0,0
2017-08-18,19,GROCERY II,0,0,0,0,0
2017-08-18,19,HARDWARE,0,0,0,0,0
2017-08-18,19,HOME AND KITCHEN I,0,0,0,0,0
2017-08-18,19,HOME AND KITCHEN II,0,0,0,0,0
2017-08-18,19,HOME APPLIANCES,0,0,0,0,0
2017-08-18,19,HOME CARE,4,0,0,0,0
2017-08-18,19,LADIESWEAR,0,0,0,0,0
2017-08-18,19,LAWN AND GARDEN,0,0,0,0,0
2017-08-18,19,LINGERIE,0,0,0,0,0
2017-08-18,19,"LIQUOR,WINE,BEER",1,0,0,0,0
2017-08-18,19,MAGAZINES,0,0,0,0,0
2017-08-18,19,MEATS,0,0,0,0,0
2017-08-18,19,PERSONAL CARE,11,0,0,0,0
2017-08-18,19,PET SUPPLIES,0,0,0,0,0
2017-08-18,19,PLAYERS AND ELECTRONICS,0,0,0,0,0
2017-08-18,19,POULTRY,11,0,0,0,0
2017-08-18,19,PREPARED FOODS,0,0,0,0,0
2017-08-18,19,PRODUCE,1,0,0,0,0
2017-08-18,19,SCHOOL AND OFFICE SUPPLIES,0,0,0,0,0
2017-08-18,19,SEAFOOD,0,0,0,0,0
2017-08-18,20,AUTOMOTIVE,0,0,0,0,0
2017-08-18,20,BABY CARE,0,0,0,0,0
2017-08-18,20,BEAUTY,1,0,0,0,0
2017-08-18,20,BEVERAGES,26,0,0,0,0
2017-08-18,20,BOOKS,0,0,0,0,0
2017-08-18,20,BREAD/BAKERY,8,0,0,0,0
2017-08-18,20,CELEBRATION,0,0,0,0,0
2017-08-18,20,CLEANING,23,0,0,0,0
2017-08-18,20,DAIRY,21,0,0,0,0
2017-08-18,20,DELI,62,0,0,0,0
2017-08-18,20,EGGS,1,0,0,0,0
2017-08-18,20,FROZEN FOODS,0,0,0,0,0
2017-08-18,20,GROCERY I,58,0,0,0,0
2017-08-18,20,GROCERY II,0,0,0,0,0
2017-08-18,20,HARDWARE,0,0,0,0,0
2017-08-18,20,HOME AND KITCHEN I,1,0,0,0,0
2017-08-18,20,HOME AND KITCHEN II,1,0,0,0,0
2017-08-18,20,HOME APPLIANCES,0,0,0,0,0
2017-08-18,20,HOME CARE,8,0,0,0,0
2017-08-18,20,LADIESWEAR,0,0,0,0,0
2017-08-18,20,LAWN AND GARDEN,0,0,0,0,0
2017-08-18,20,LINGERIE,0,0,0,0,0
2017-08-18,20,"LIQUOR,WINE,BEER",2,0,0,0,0
2017-08-18,20,MAGAZINES,0,0,0,0,0
2017-08-18,20,MEATS,0,0,0,0,0
2017-08-18,20,PERSONAL CARE,10,0,0,0,0
2017-08-18,20,PET SUPPLIES,0,0,0,0,0
2017-08-18,20,PLAYERS AND ELECTRONICS,0,0,0,0,0
2017-08-18,20,POULTRY,19,0,0,0,0
2017-08-18,20,PREPARED FOODS,1,0,0,0,0
2017-08-18,20,PRODUCE,1,0,0,0,0
2017-08-18,20,SCHOOL AND OFFICE SUPPLIES,7,0,0,0,0
2017-08-18,20,SEAFOOD,0,0,0,0,0
2017-08-18,21,AUTOMOTIVE,0,0,0,0,0
2017-08-18,21,BABY CARE,0,0,0,0,0
2017-08-18,21,BEAUTY,0,0,0,0,0
2017-08-18,21,BEVERAGES,25,0,0,0,0
2017-08-18,21,BOOKS,0,0,0,0,0
2017-08-18,21,BREAD/BAKERY,6,0,0,0,0
2017-08-18,21,CELEBRATION,0,0,0,0,0
2017-08-18,21,CLEANING,23,0,0,0,0
2017-08-18,21,DAIRY,15,0,0,0,0
2017-08-18,21,DELI,61,0,0,0,0
2017-08-18,21,EGGS,1,0,0,0,0
2017-08-18,21,FROZEN FOODS,0,0,0,0,0
2017-08-18,21,GROCERY I,64,0,0,0,0
2017-08-18,21,GROCERY II,0,0,0,0,0
2017-08-18,21,HARDWARE,0,0,0,0,0
2017-08-18,21,HOME AND KITCHEN I,1,0,0,0,0
2017-08-18,21,HOME AND KITCHEN II,2,0,0,0,0
2017-08-18,21,HOME APPLIANCES,0,0,0,0,0
2017-08-18,21,HOME CARE,8,0,0,0,0
2017-08-18,21,LADIESWEAR,0,0,0,0,0
2017-08-18,21,LAWN AND GARDEN,0,0,0,0,0
2017-08-18,21,LINGERIE,0,0,0,0,0
2017-08-18,21,"LIQUOR,WINE,BEER",5,0,0,0,0
2017-08-18,21,MAGAZINES,0,0,0,0,0
2017-08-18,21,MEATS,0,0,0,0,0
2017-08-18,21,PERSONAL CARE,8,0,0,0,0
2017-08-18,21,PET SUPPLIES,0,0,0,0,0
2017-08-18,21,PLAYERS AND ELECTRONICS,2,0,0,0,0
2017-08-18,21,POULTRY,18,0,0,0,0
2017-08-18,21,PREPARED FOODS,2,0,0,0,0
2017-08-18,21,PRODUCE,1,0,0,0,0
2017-08-18,21,SCHOOL AND OFFICE SUPPLIES,0,0,0,0,0
2017-08-18,21,SEAFOOD,0,0,0,0,0
2017-08-18,22,AUTOMOTIVE,0,0,0,0,0
2017-08-18,22,BABY CARE,0,0,0,0,0
2017-08-18,22,BEAUTY,0,0,0,0,0
2017-08-18,22,BEVERAGES,20,0,0,0,0
2017-08-18,22,BOOKS,0,0,0,0,0
2017-08-18,22,BREAD/BAKERY,5,0,0,0,0
2017-08-18,22,CELEBRATION,0,0,0,0,0
2017-08-18,22,CLEANING,17,0,0,0,0
2017-08-18,22,DAIRY,11,0,0,0,0
2017-08-18,22,DELI,42,0,0,0,0
2017-08-18,22,EGGS,1,0,0,0,0
2017-08-18,22,FROZEN FOODS,0,0,0,0,0
2017-08-18,22,GROCERY I,59,0,0,0,0
2017-08-18,22,GROCERY II,0,0,0,0,0
2017-08-18,22,HARDWARE,0,0,0,0,0
2017-08-18,22,HOME AND KITCHEN I,0,0,0,0,0
2017-08-18,22,HOME AND KITCHEN II,1,0,0,0,0
2017-08-18,22,HOME APPLIANCES,0,0,0,0,0
2017-08-18,22,HOME CARE,6,0,0,0,0
2017-08-18,22,LADIESWEAR,0,0,0,0,0
2017-08-18,22,LAWN AND GARDEN,0,0,0,0,0
2017-08-18,22,LINGERIE,0,0,0,0,0
2017-08-18,22,"LIQUOR,WINE,BEER",3,0,0,0,0
2017-08-18,22,MAGAZINES,0,0,0,0,0
2017-08-18,22,MEATS,0,0,0,0,0
2017-08-18,22,PERSONAL CARE,8,0,0,0,0
2017-08-18,22,PET SUPPLIES,0,0,0,0,0
2017-08-18,22,PLAYERS AND ELECTRONICS,0,0,0,0,0
2017-08-18,22,POULTRY,10,0,0,0,0
2017-08-18,22,PREPARED FOODS,0,0,0,0,0
2017-08-18,22,PRODUCE,1,0,0,0,0
2017-08-18,22,SCHOOL AND OFFICE SUPPLIES,4,0,0,0,0
2017-08-18,22,SEAFOOD,0,0,0,0,0
2017-08-18,23,AUTOMOTIVE,0,0,0,0,0
2017-08-18,23,BABY CARE,0,0,0,0,0
2017-08-18,23,BEAUTY,1,0,0,0,0
2017-08-18,23,BEVERAGES,9,0,0,0,0
2017-08-18,23,BOOKS,0,0,0,0,0
2017-08-18,23,BREAD/BAKERY,7,0,0,0,0
2017-08-18,23,CELEBRATION,0,0,0,0,0
2017-08-18,23,CLEANING,6,0,0,0,0
2017-08-18,23,DAIRY,16,0,0,0,0
2017-08-18,23,DELI,52,0,0,0,0
2017-08-18,23,EGGS,18,0,0,0,0
2017-08-18,23,FROZEN FOODS,0,0,0,0,0
2017-08-18,23,GROCERY I,28,0,0,0,0
2017-08-18,23,GROCERY II,0,0,0,0,0
2017-08-18,23,HARDWARE,0,0,0,0,0
2017-08-18,23,HOME AND KITCHEN I,0,0,0,0,0
2017-08-18,23,HOME AND KITCHEN II,2,0,0,0,0
2017-08-18,23,HOME APPLIANCES,0,0,0,0,0
2017-08-18,23,HOME CARE,5,0,0,0,0
2017-08-18,23,LADIESWEAR,0,0,0,0,0
2017-08-18,23,LAWN AND GARDEN,0,0,0,0,0
2017-08-18,23,LINGERIE,1,0,0,0,0
2017-08-18,23,"LIQUOR,WINE,BEER",6,0,0,0,0
2017-08-18,23,MAGAZINES,0,0,0,0,0
2017-08-18,23,MEATS,41,0,0,0,0
2017-08-18,23,PERSONAL CARE,9,0,0,0,0
2017-08-18,23,PET SUPPLIES,0,0,0,0,0
2017-08-18,23,PLAYERS AND ELECTRONICS,0,0,0,0,0
2017-08-18,23,POULTRY,33,0,0,0,0
2017-08-18,23,PREPARED FOODS,0,0,0,0,0
2017-08-18,23,PRODUCE,5,0,0,0,0
2017-08-18,23,SCHOOL AND OFFICE SUPPLIES,0,0,0,0,0
2017-08-18,23,SEAFOOD,4,0,0,0,0
2017-08-18,24,AUTOMOTIVE,0,0,0,0,0
2017-08-18,24,BABY CARE,0,0,0,0,0
2017-08-18,24,BEAUTY,0,0,0,0,0
2017-08-18,24,BEVERAGES,16,0,0,0,0
2017-08-18,24,BOOKS,0,0,0,0,0
2017-08-18,24,BREAD/BAKERY,12,0,0,0,0
2017-08-18,24,CELEBRATION,0,0,0,0,0
2017-08-18,24,CLEANING,12,0,0,0,0
2017-08-18,24,DAIRY,22,0,0,0,0
2017-08-18,24,DELI,68,0,0,0,0
2017-08-18,24,EGGS,28,0,0,0,0
2017-08-18,24,FROZEN FOODS,1,0,0,0,0
2017-08-18,24,GROCERY I,35,0,0,0,0
2017-08-18,24,GROCERY II,0,0,0,0,0
2017-08-18,24,HARDWARE,0,0,0,0,0
2017-08-18,24,HOME AND KITCHEN I,1,0,0,0,0
2017-08-18,24,HOME AND KITCHEN II,4,0,0,0,0
2017-08-18,24,HOME APPLIANCES,0,0,0,0,0
2017-08-18,24,HOME CARE,3,0,0,0,0
2017-08-18,24,LADIESWEAR,0,0,0,0,0
2017-08-18,24,LAWN AND GARDEN,0,0,0,0,0
2017-08-18,24,LINGERIE,0,0,0,0,0
2017-08-18,24,"LIQUOR,WINE,BEER",6,0,0,0,0
2017-08-18,24,MAGAZINES,0,0,0,0,0
2017-08-18,24,MEATS,49,0,0,0,0
2017-08-18,24,PERSONAL CARE,12,0,0,0,0
2017-08-18,24,PET SUPPLIES,0,0,0,0,0
2017-08-18,24,PLAYERS AND ELECTRONICS,0,0,0,0,0
2017-08-18,24,POULTRY,40,0,0,0,0
2017-08-18,24,PREPARED FOODS,0,0,0,0,0
2017-08-18,24,PRODUCE,5,0,0,0,0
2017-08-18,24,SCHOOL AND OFFICE SUPPLIES,0,0,0,0,0
2017-08-18,24,SEAFOOD,6,0,0,0,0
2017-08-18,25,AUTOMOTIVE,0,0,0,0,0
2017-08-18,25,BABY CARE,0,0,0,0,0
2017-08-18,25,BEAUTY,2,0,0,0,0
2017-08-18,25,BEVERAGES,14,0,0,0,0
2017-08-18,25,BOOKS,0,0,0,0,0
2017-08-18,25,BREAD/BAKERY,12,0,0,0,0
2017-08-18,25,CELEBRATION,0,0,0,0,0
2017-08-18,25,CLEANING,7,0,0,0,0
2017-08-18,25,DAIRY,18,0,0,0,0
2017-08-18,25,DELI,56,0,0,0,0
2017-08-18,25,EGGS,26,0,0,0,0
2017-08-18,25,FROZEN FOODS,0,0,0,0,0
2017-08-18,25,GROCERY I,32,0,0,0,0
2017-08-18,25,GROCERY II,0,0,0,0,0
2017-08-18,25,HARDWARE,0,0,0,0,0
2017-08-18,25,HOME AND KITCHEN I,0,0,0,0,0
2017-08-18,25,HOME AND KITCHEN II,2,0,0,0,0
2017-08-18,25,HOME APPLIANCES,0,0,0,0,0
2017-08-18,25,HOME CARE,5,0,0,0,0
2017-08-18,25,LADIESWEAR,0,0,0,0,0
2017-08-18,25,LAWN AND GARDEN,0,0,0,0,0
2017-08-18,25,LINGERIE,0,0,0,0,0
2017-08-18,25,"LIQUOR,WINE,BEER",4,0,0,0,0
2017-08-18,25,MAGAZINES,0,0,0,0,0
2017-08-18,25,MEATS,41,0,0,0,0
2017-08-18,25,PERSONAL CARE,9,0,0,0,0
2017-08-18,25,PET SUPPLIES,0,0,0,0,0
2017-08-18,25,PLAYERS AND ELECTRONICS,0,0,0,0,0
2017-08-18,25,POULTRY,33,0,0,0,0
2017-08-18,25,PREPARED FOODS,0,0,0,0,0
2017-08-18,25,PRODUCE,1,0,0,0,0
2017-08-18,25,SCHOOL AND OFFICE SUPPLIES,0,0,0,0,0
2017-08-18,25,SEAFOOD,2,0,0,0,0
2017-08-18,26,AUTOMOTIVE,0,0,0,0,0
2017-08-18,26,BABY CARE,0,0,0,0,0
2017-08-18,26,BEAUTY,1,0,0,0,0
2017-08-18,26,BEVERAGES,11,0,0,0,0
2017-08-18,26,BOOKS,0,0,0,0,0
2017-08-18,26,BREAD/BAKERY,11,0,0,0,0
2017-08-18,26,CELEBRATION,0,0,0,0,0
2017-08-18,26,CLEANING,8,0,0,0,0
2017-08-18,26,DAIRY,9,0,0,0,0
2017-08-18,26,DELI,31,0,0,0,0
2017-08-18,26,EGGS,11,0,0,0,0
2017-08-18,26,FROZEN FOODS,0,0,0,0,0
2017-08-18,26,GROCERY I,22,0,0,0,0
2017-08-18,26,GROCERY II,0,0,0,0,0
2017-08-18,26,HARDWARE,0,0,0,0,0
2017-08-18,26,HOME AND KITCHEN I,0,0,0,0,0
2017-08-18,26,HOME AND KITCHEN II,0,0,0,0,0
2017-08-18,26,HOME APPLIANCES,0,0,0,0,0
2017-08-18,26,HOME CARE,5,0,0,0,0
2017-08-18,26,LADIESWEAR,0,0,0,0,0
2017-08-18,26,LAWN AND GARDEN,0,0,0,0,0
2017-08-18,26,LINGERIE,0,0,0,0,0
2017-08-18,26,"LIQUOR,WINE,BEER",4,0,0,0,0
2017-08-18,26,MAGAZINES,0,0,0,0,0
2017-08-18,26,MEATS,36,0,0,0,0
2017-08-18,26,PERSONAL CARE,9,0,0,0,0
2017-08-18,26,PET SUPPLIES,0,0,0,0,0
2017-08-18,26,PLAYERS AND ELECTRONICS,0,0,0,0,0
2017-08-18,26,POULTRY,23,0,0,0,0
2017-08-18,26,PREPARED FOODS,0,0,0,0,0
2017-08-18,26,PRODUCE,3,0,0,0,0
2017-08-18,26,SCHOOL AND OFFICE SUPPLIES,0,0,0,0,0
2017-08-18,26,SEAFOOD,2,0,0,0,0
2017-08-18,27,AUTOMOTIVE,0,0,0,0,0
2017-08-18,27,BABY CARE,0,0,0,0,0
2017-08-18,27,BEAUTY,1,0,0,0,0
2017-08-18,27,BEVERAGES,17,0,0,0,0
2017-08-18,27,BOOKS,0,0,0,0,0
2017-08-18,27,BREAD/BAKERY,13,0,0,0,0
2017-08-18,27,CELEBRATION,0,0,0,0,0
2017-08-18,27,CLEANING,10,0,0,0,0
2017-08-18,27,DAIRY,21,0,0,0,0
2017-08-18,27,DELI,58,0,0,0,0
2017-08-18,27,EGGS,26,0,0,0,0
2017-08-18,27,FROZEN FOODS,0,0,0,0,0
2017-08-18,27,GROCERY I,32,0,0,0,0
2017-08-18,27,GROCERY II,0,0,0,0,0
2017-08-18,27,HARDWARE,0,0,0,0,0
2017-08-18,27,HOME AND KITCHEN I,1,0,0,0,0
2017-08-18,27,HOME AND KITCHEN II,2,0,0,0,0
2017-08-18,27,HOME APPLIANCES,0,0,0,0,0
2017-08-18,27,HOME CARE,6,0,0,0,0
2017-08-18,27,LADIESWEAR,0,0,0,0,0
2017-08-18,27,LAWN AND GARDEN,0,0,0,0,0
2017-08-18,27,LINGERIE,0,0,0,0,0
2017-08-18,27,"LIQUOR,WINE,BEER",6,0,0,0,0
2017-08-18,27,MAGAZINES,0,0,0,0,0
2017-08-18,27,MEATS,48,0,0,0,0
2017-08-18,27,PERSONAL CARE,10,0,0,0,0
2017-08-18,27,PET SUPPLIES,0,0,0,0,0
2017-08-18,27,PLAYERS AND ELECTRONICS,0,0,0,0,0
2017-08-18,27,POULTRY,38,0,0,0,0
2017-08-18,27,PREPARED FOODS,0,0,0,0,0
2017-08-18,27,PRODUCE,3,0,0,0,0
2017-08-18,27,SCHOOL AND OFFICE SUPPLIES,0,0,0,0,0
2017-08-18,27,SEAFOOD,6,0,0,0,0
2017-08-18,28,AUTOMOTIVE,0,0,0,0,0
2017-08-18,28,BABY CARE,0,0,0,0,0
2017-08-18,28,BEAUTY,0,0,0,0,0
2017-08-18,28,BEVERAGES,26,0,0,0,0
2017-08-18,28,BOOKS,0,0,0,0,0
2017-08-18,28,BREAD/BAKERY,10,0,0,0,0
2017-08-18,28,CELEBRATION,0,0,0,0,0
2017-08-18,28,CLEANING,23,0,0,0,0
2017-08-18,28,DAIRY,19,0,0,0,0
2017-08-18,28,DELI,66,0,0,0,0
2017-08-18,28,EGGS,1,0,0,0,0
2017-08-18,28,FROZEN FOODS,0,0,0,0,0
2017-08-18,28,GROCERY I,61,0,0,0,0
2017-08-18,28,GROCERY II,0,0,0,0,0
2017-08-18,28,HARDWARE,0,0,0,0,0
2017-08-18,28,HOME AND KITCHEN I,1,0,0,0,0
2017-08-18,28,HOME AND KITCHEN II,2,0,0,0,0
2017-08-18,28,HOME APPLIANCES,0,0,0,0,0
2017-08-18,28,HOME CARE,8,0,0,0,0
2017-08-18,28,LADIESWEAR,0,0,0,0,0
2017-08-18,28,LAWN AND GARDEN,0,0,0,0,0
2017-08-18,28,LINGERIE,0,0,0,0,0
2017-08-18,28,"LIQUOR,WINE,BEER",2,0,0,0,0
2017-08-18,28,MAGAZINES,0,0,0,0,0
2017-08-18,28,MEATS,0,0,0,0,0
2017-08-18,28,PERSONAL CARE,9,0,0,0,0
2017-08-18,28,PET SUPPLIES,0,0,0,0,0
2017-08-18,28,PLAYERS AND ELECTRONICS,0,0,0,0,0
2017-08-18,28,POULTRY,15,0,0,0,0
2017-08-18,28,PREPARED FOODS,2,0,0,0,0
2017-08-18,28,PRODUCE,0,0,0,0,0
2017-08-18,28,SCHOOL AND OFFICE SUPPLIES,0,0,0,0,0
2017-08-18,28,SEAFOOD,0,0,0,0,0
2017-08-18,29,AUTOMOTIVE,0,0,0,0,0
2017-08-18,29,BABY CARE,0,0,0,0,0
2017-08-18,29,BEAUTY,1,0,0,0,0
2017-08-18,29,BEVERAGES,25,0,0,0,0
2017-08-18,29,BOOKS,0,0,0,0,0
2017-08-18,29,BREAD/BAKERY,11,0,0,0,0
2017-08-18,29,CELEBRATION,0,0,0,0,0
2017-08-18,29,CLEANING,23,0,0,0,0
2017-08-18,29,DAIRY,20,0,0,0,0
2017-08-18,29,DELI,63,0,0,0,0
2017-08-18,29,EGGS,1,0,0,0,0
2017-08-18,29,FROZEN FOODS,0,0,0,0,0
2017-08-18,29,GROCERY I,64,0,0,0,0
2017-08-18,29,GROCERY II,0,0,0,0,0
2017-08-18,29,HARDWARE,0,0,0,0,0
2017-08-18,29,HOME AND KITCHEN I,1,0,0,0,0
2017-08-18,29,HOME AND KITCHEN II,0,0,0,0,0
2017-08-18,29,HOME APPLIANCES,0,0,0,0,0
2017-08-18,29,HOME CARE,7,0,0,0,0
2017-08-18,29,LADIESWEAR,0,0,0,0,0
2017-08-18,29,LAWN AND GARDEN,0,0,0,0,0
2017-08-18,29,LINGERIE,0,0,0,0,0
2017-08-18,29,"LIQUOR,WINE,BEER",5,0,0,0,0
2017-08-18,29,MAGAZINES,0,0,0,0,0
2017-08-18,29,MEATS,0,0,0,0,0
2017-08-18,29,PERSONAL CARE,10,0,0,0,0
2017-08-18,29,PET SUPPLIES,0,0,0,0,0
2017-08-18,29,PLAYERS AND ELECTRONICS,0,0,0,0,0
2017-08-18,29,POULTRY,13,0,0,0,0
2017-08-18,29,PREPARED FOODS,1,0,0,0,0
2017-08-18,29,PRODUCE,3,0,0,0,0
2017-08-18,29,SCHOOL AND OFFICE SUPPLIES,0,0,0,0,0
2017-08-18,29,SEAFOOD,0,0,0,0,0
2017-08-18,30,AUTOMOTIVE,0,0,0,0,0
2017-08-18,30,BABY CARE,0,0,0,0,0
2017-08-18,30,BEAUTY,0,0,0,0,0
2017-08-18,30,BEVERAGES,20,0,0,0,0
2017-08-18,30,BOOKS,0,0,0,0,0
2017-08-18,30,BREAD/BAKERY,10,0,0,0,0
2017-08-18,30,CELEBRATION,0,0,0,0,0
2017-08-18,30,CLEANING,13,0,0,0,0
2017-08-18,30,DAIRY,10,0,0,0,0
2017-08-18,30,DELI,32,0,0,0,0
2017-08-18,30,EGGS,1,0,0,0,0
2017-08-18,30,FROZEN FOODS,0,0,0,0,0
2017-08-18,30,GROCERY I,50,0,0,0,0
2017-08-18,30,GROCERY II,0,0,0,0,0
2017-08-18,30,HARDWARE,0,0,0,0,0
2017-08-18,30,HOME AND KITCHEN I,0,0,0,0,0
2017-08-18,30,HOME AND KITCHEN II,1,0,0,0,0
2017-08-18,30,HOME APPLIANCES,0,0,0,0,0
2017-08-18,30,HOME CARE,7,0,0,0,0
2017-08-18,30,LADIESWEAR,0,0,0,0,0
2017-08-18,30,LAWN AND GARDEN,0,0,0,0,0
2017-08-18,30,LINGERIE,0,0,0,0,0
2017-08-18,30,"LIQUOR,WINE,BEER",2,0,0,0,0
2017-08-18,30,MAGAZINES,0,0,0,0,0
2017-08-18,30,MEATS,0,0,0,0,0
2017-08-18,30,PERSONAL CARE,7,0,0,0,0
2017-08-18,30,PET SUPPLIES,0,0,0,0,0
2017-08-18,30,PLAYERS AND ELECTRONICS,0,0,0,0,0
2017-08-18,30,POULTRY,11,0,0,0,0
2017-08-18,30,PREPARED FOODS,0,0,0,0,0
2017-08-18,30,PRODUCE,0,0,0,0,0
2017-08-18,30,SCHOOL AND OFFICE SUPPLIES,0,0,0,0,0
2017-08-18,30,SEAFOOD,0,0,0,0,0
2017-08-18,31,AUTOMOTIVE,0,0,0,0,0
2017-08-18,31,BABY CARE,0,0,0,0,0
2017-08-18,31,BEAUTY,0,0,0,0,0
2017-08-18,31,BEVERAGES,27,0,0,0,0
2017-08-18,31,BOOKS,0,0,0,0,0
2017-08-18,31,BREAD/BAKERY,7,0,0,0,0
2017-08-18,31,CELEBRATION,0,0,0,0,0
2017-08-18,31,CLEANING,25,0,0,0,0
2017-08-18,31,DAIRY,15,0,0,0,0
2017-08-18,31,DELI,51,0,0,0,0
2017-08-18,31,EGGS,1,0,0,0,0
2017-08-18,31,FROZEN FOODS,0,0,0,0,0
2017-08-18,31,GROCERY I,51,0,0,0,0
2017-08-18,31,GROCERY II,0,0,0,0,0
2017-08-18,31,HARDWARE,0,0,0,0,0
2017-08-18,31,HOME AND KITCHEN I,1,0,0,0,0
2017-08-18,31,HOME AND KITCHEN II,0,0,0,0,0
2017-08-18,31,HOME APPLIANCES,0,0,0,0,0
2017-08-18,31,HOME CARE,10,0,0,0,0
2017-08-18,31,LADIESWEAR,0,0,0,0,0
2017-08-18,31,LAWN AND GARDEN,0,0,0,0,0
2017-08-18,31,LINGERIE,0,0,0,0,0
2017-08-18,31,"LIQUOR,WINE,BEER",3,0,0,0,0
2017-08-18,31,MAGAZINES,0,0,0,0,0
2017-08-18,31,MEATS,0,0,0,0,0
2017-08-18,31,PERSONAL CARE,10,0,0,0,0
2017-08-18,31,PET SUPPLIES,0,0,0,0,0
2017-08-18,31,PLAYERS AND ELECTRONICS,0,0,0,0,0
2017-08-18,31,POULTRY,16,0,0,0,0
2017-08-18,31,PREPARED FOODS,1,0,0,0,0
2017-08-18,31,PRODUCE,1,0,0,0,0
2017-08-18,31,SCHOOL AND OFFICE SUPPLIES,0,0,0,0,0
2017-08-18,31,SEAFOOD,1,0,0,0,0
2017-08-18,32,AUTOMOTIVE,0,0,0,0,0
2017-08-18,32,BABY CARE,0,0,0,0,0
2017-08-18,32,BEAUTY,0,0,0,0,0
2017-08-18,32,BEVERAGES,19,0,0,0,0
2017-08-18,32,BOOKS,0,0,0,0,0
2017-08-18,32,BREAD/BAKERY,5,0,0,0,0
2017-08-18,32,CELEBRATION,0,0,0,0,0
2017-08-18,32,CLEANING,15,0,0,0,0
2017-08-18,32,DAIRY,3,0,0,0,0
2017-08-18,32,DELI,22,0,0,0,0
2017-08-18,32,EGGS,1,0,0,0,0
2017-08-18,32,FROZEN FOODS,0,0,0,0,0
2017-08-18,32,GROCERY I,49,0,0,0,0
2017-08-18,32,GROCERY II,0,0,0,0,0
2017-08-18,32,HARDWARE,0,0,0,0,0
2017-08-18,32,HOME AND KITCHEN I,0,0,0,0,0
2017-08-18,32,HOME AND KITCHEN II,0,0,0,0,0
2017-08-18,32,HOME APPLIANCES,0,0,0,0,0
2017-08-18,32,HOME CARE,3,0,0,0,0
2017-08-18,32,LADIESWEAR,0,0,0,0,0
2017-08-18,32,LAWN AND GARDEN,0,0,0,0,0
2017-08-18,32,LINGERIE,0,0,0,0,0
2017-08-18,32,"LIQUOR,WINE,BEER",2,0,0,0,0
2017-08-18,32,MAGAZINES,0,0,0,0,0
2017-08-18,32,MEATS,0,0,0,0,0
2017-08-18,32,PERSONAL CARE,4,0,0,0,0
2017-08-18,32,PET SUPPLIES,0,0,0,0,0
2017-08-18,32,PLAYERS AND ELECTRONICS,0,0,0,0,0
2017-08-18,32,POULTRY,8,0,0,0,0
2017-08-18,32,PREPARED FOODS,0,0,0,0,0
2017-08-18,32,PRODUCE,1,0,0,0,0
2017-08-18,32,SCHOOL AND OFFICE SUPPLIES,0,0,0,0,0
2017-08-18,32,SEAFOOD,0,0,0,0,0
2017-08-18,33,AUTOMOTIVE,0,0,0,0,0
2017-08-18,33,BABY CARE,0,0,0,0,0
2017-08-18,33,BEAUTY,0,0,0,0,0
2017-08-18,33,BEVERAGES,18,0,0,0,0
2017-08-18,33,BOOKS,0,0,0,0,0
2017-08-18,33,BREAD/BAKERY,10,0,0,0,0
2017-08-18,33,CELEBRATION,0,0,0,0,0
2017-08-18,33,CLEANING,12,0,0,0,0
2017-08-18,33,DAIRY,12,0,0,0,0
2017-08-18,33,DELI,44,0,0,0,0
2017-08-18,33,EGGS,1,0,0,0,0
2017-08-18,33,FROZEN FOODS,0,0,0,0,0
2017-08-18,33,GROCERY I,56,0,0,0,0
2017-08-18,33,GROCERY II,0,0,0,0,0
2017-08-18,33,HARDWARE,0,0,0,0,0
2017-08-18,33,HOME AND KITCHEN I,1,0,0,0,0
2017-08-18,33,HOME AND KITCHEN II,0,0,0,0,0
2017-08-18,33,HOME APPLIANCES,0,0,0,0,0
2017-08-18,33,HOME CARE,5,0,0,0,0
2017-08-18,33,LADIESWEAR,0,0,0,0,0
2017-08-18,33,LAWN AND GARDEN,0,0,0,0,0
2017-08-18,33,LINGERIE,0,0,0,0,0
2017-08-18,33,"LIQUOR,WINE,BEER",1,0,0,0,0
2017-08-18,33,MAGAZINES,0,0,0,0,0
2017-08-18,33,MEATS,0,0,0,0,0
2017-08-18,33,PERSONAL CARE,9,0,0,0,0
2017-08-18,33,PET SUPPLIES,0,0,0,0,0
2017-08-18,33,PLAYERS AND ELECTRONICS,0,0,0,0,0
2017-08-18,33,POULTRY,16,0,0,0,0
2017-08-18,33,PREPARED FOODS,0,0,0,0,0
2017-08-18,33,PRODUCE,2,0,0,0,0
2017-08-18,33,SCHOOL AND OFFICE SUPPLIES,0,0,0,0,0
2017-08-18,33,SEAFOOD,0,0,0,0,0
2017-08-18,34,AUTOMOTIVE,0,0,0,0,0
2017-08-18,34,BABY CARE,0,0,0,0,0
2017-08-18,34,BEAUTY,1,0,0,0,0
2017-08-18,34,BEVERAGES,27,0,0,0,0
2017-08-18,34,BOOKS,0,0,0,0,0
2017-08-18,34,BREAD/BAKERY,10,0,0,0,0
2017-08-18,34,CELEBRATION,0,0,0,0,0
2017-08-18,34,CLEANING,24,0,0,0,0
2017-08-18,34,DAIRY,12,0,0,0,0
2017-08-18,34,DELI,56,0,0,0,0
2017-08-18,34,EGGS,1,0,0,0,0
2017-08-18,34,FROZEN FOODS,0,0,0,0,0
2017-08-18,34,GROCERY I,63,0,0,0,0
2017-08-18,34,GROCERY II,0,0,0,0,0
2017-08-18,34,HARDWARE,0,0,0,0,0
2017-08-18,34,HOME AND KITCHEN I,0,0,0,0,0
2017-08-18,34,HOME AND KITCHEN II,1,0,0,0,0
2017-08-18,34,HOME APPLIANCES,0,0,0,0,0
2017-08-18,34,HOME CARE,8,0,0,0,0
2017-08-18,34,LADIESWEAR,0,0,0,0,0
2017-08-18,34,LAWN AND GARDEN,0,0,0,0,0
2017-08-18,34,LINGERIE,0,0,0,0,0
2017-08-18,34,"LIQUOR,WINE,BEER",4,0,0,0,0
2017-08-18,34,MAGAZINES,0,0,0,0,0
2017-08-18,34,MEATS,0,0,0,0,0
2017-08-18,34,PERSONAL CARE,12,0,0,0,0
2017-08-18,34,PET SUPPLIES,0,0,0,0,0
2017-08-18,34,PLAYERS AND ELECTRONICS,0,0,0,0,0
2017-08-18,34,POULTRY,12,0,0,0,0
2017-08-18,34,PREPARED FOODS,1,0,0,0,0
2017-08-18,34,PRODUCE,0,0,0,0,0
2017-08-18,34,SCHOOL AND OFFICE SUPPLIES,0,0,0,0,0
2017-08-18,34,SEAFOOD,0,0,0,0,0
2017-08-18,35,AUTOMOTIVE,0,0,0,0,0
2017-08-18,35,BABY CARE,0,0,0,0,0
2017-08-18,35,BEAUTY,0,0,0,0,0
2017-08-18,35,BEVERAGES,21,0,0,0,0
2017-08-18,35,BOOKS,0,0,0,0,0
2017-08-18,35,BREAD/BAKERY,3,0,0,0,0
2017-08-18,35,CELEBRATION,0,0,0,0,0
2017-08-18,35,CLEANING,16,0,0,0,0
2017-08-18,35,DAIRY,3,0,0,0,0
2017-08-18,35,DELI,22,0,0,0,0
2017-08-18,35,EGGS,1,0,0,0,0
2017-08-18,35,FROZEN FOODS,0,0,0,0,0
2017-08-18,35,GROCERY I,54,0,0,0,0
2017-08-18,35,GROCERY II,0,0,0,0,0
2017-08-18,35,HARDWARE,0,0,0,0,0
2017-08-18,35,HOME AND KITCHEN I,0,0,0,0,0
2017-08-18,35,HOME AND KITCHEN II,0,0,0,0,0
2017-08-18,35,HOME APPLIANCES,0,0,0,0,0
2017-08-18,35,HOME CARE,5,0,0,0,0
2017-08-18,35,LADIESWEAR,0,0,0,0,0
2017-08-18,35,LAWN AND GARDEN,0,0,0,0,0
2017-08-18,35,LINGERIE,0,0,0,0,0
2017-08-18,35,"LIQUOR,WINE,BEER",2,0,0,0,0
2017-08-18,35,MAGAZINES,0,0,0,0,0
2017-08-18,35,MEATS,0,0,0,0,0
2017-08-18,35,PERSONAL CARE,6,0,0,0,0
2017-08-18,35,PET SUPPLIES,0,0,0,0,0
2017-08-18,35,PLAYERS AND ELECTRONICS,0,0,0,0,0
2017-08-18,35,POULTRY,9,0,0,0,0
2017-08-18,35,PREPARED FOODS,0,0,0,0,0
2017-08-18,35,PRODUCE,1,0,0,0,0
2017-08-18,35,SCHOOL AND OFFICE SUPPLIES,0,0,0,0,0
2017-08-18,35,SEAFOOD,0,0,0,0,0
2017-08-18,36,AUTOMOTIVE,0,0,0,0,0
2017-08-18,36,BABY CARE,0,0,0,0,0
2017-08-18,36,BEAUTY,0,0,0,0,0
2017-08-18,36,BEVERAGES,23,0,0,0,0
2017-08-18,36,BOOKS,0,0,0,0,0
2017-08-18,36,BREAD/BAKERY,6,0,0,0,0
2017-08-18,36,CELEBRATION,0,0,0,0,0
2017-08-18,36,CLEANING,23,0,0,0,0
2017-08-18,36,DAIRY,14,0,0,0,0
2017-08-18,36,DELI,51,0,0,0,0
2017-08-18,36,EGGS,1,0,0,0,0
2017-08-18,36,FROZEN FOODS,0,0,0,0,0
2017-08-18,36,GROCERY I,64,0,0,0,0
2017-08-18,36,GROCERY II,0,0,0,0,0
2017-08-18,36,HARDWARE,0,0,0,0,0
2017-08-18,36,HOME AND KITCHEN I,1,0,0,0,0
2017-08-18,36,HOME AND KITCHEN II,2,0,0,0,0
2017-08-18,36,HOME APPLIANCES,0,0,0,0,0
2017-08-18,36,HOME CARE,7,0,0,0,0
2017-08-18,36,LADIESWEAR,0,0,0,0,0
2017-08-18,36,LAWN AND GARDEN,0,0,0,0,0
2017-08-18,36,LINGERIE,0,0,0,0,0
2017-08-18,36,"LIQUOR,WINE,BEER",4,0,0,0,0
2017-08-18,36,MAGAZINES,0,0,0,0,0
2017-08-18,36,MEATS,0,0,0,0,0
2017-08-18,36,PERSONAL CARE,10,0,0,0,0
2017-08-18,36,PET SUPPLIES,0,0,0,0,0
2017-08-18,36,PLAYERS AND ELECTRONICS,0,0,0,0,0
2017-08-18,36,POULTRY,15,0,0,0,0
2017-08-18,36,PREPARED FOODS,1,0,0,0,0
2017-08-18,36,PRODUCE,2,0,0,0,0
2017-08-18,36,SCHOOL AND OFFICE SUPPLIES,0,0,0,0,0
2017-08-18,36,SEAFOOD,0,0,0,0,0
2017-08-18,37,AUTOMOTIVE,0,0,0,0,0
2017-08-18,37,BABY CARE,0,0,0,0,0
2017-08-18,37,BEAUTY,2,0,0,0,0
2017-08-18,37,BEVERAGES,11,0,0,0,0
2017-08-18,37,BOOKS,0,0,0,0,0
2017-08-18,37,BREAD/BAKERY,11,0,0,0,0
2017-08-18,37,CELEBRATION,0,0,0,0,0
2017-08-18,37,CLEANING,11,0,0,0,0
2017-08-18,37,DAIRY,19,0,0,0,0
2017-08-18,37,DELI,48,0,0,0,0
2017-08-18,37,EGGS,23,0,0,0,0
2017-08-18,37,FROZEN FOODS,0,0,0,0,0
2017-08-18,37,GROCERY I,34,0,0,0,0
2017-08-18,37,GROCERY II,0,0,0,0,0
2017-08-18,37,HARDWARE,0,0,0,0,0
2017-08-18,37,HOME AND KITCHEN I,0,0,0,0,0
2017-08-18,37,HOME AND KITCHEN II,1,0,0,0,0
2017-08-18,37,HOME APPLIANCES,0,0,0,0,0
2017-08-18,37,HOME CARE,9,0,0,0,0
2017-08-18,37,LADIESWEAR,0,0,0,0,0
2017-08-18,37,LAWN AND GARDEN,0,0,0,0,0
2017-08-18,37,LINGERIE,0,0,0,0,0
2017-08-18,37,"LIQUOR,WINE,BEER",6,0,0,0,0
2017-08-18,37,MAGAZINES,0,0,0,0,0
2017-08-18,37,MEATS,33,0,0,0,0
2017-08-18,37,PERSONAL CARE,10,0,0,0,0
2017-08-18,37,PET SUPPLIES,0,0,0,0,0
2017-08-18,37,PLAYERS AND ELECTRONICS,0,0,0,0,0
2017-08-18,37,POULTRY,31,0,0,0,0
2017-08-18,37,PREPARED FOODS,0,0,0,0,0
2017-08-18,37,PRODUCE,5,0,0,0,0
2017-08-18,37,SCHOOL AND OFFICE SUPPLIES,0,0,0,0,0
2017-08-18,37,SEAFOOD,5,0,0,0,0
2017-08-18,38,AUTOMOTIVE,0,0,0,0,0
2017-08-18,38,BABY CARE,0,0,0,0,0
2017-08-18,38,BEAUTY,2,0,0,0,0
2017-08-18,38,BEVERAGES,21,0,0,0,0
2017-08-18,38,BOOKS,0,0,0,0,0
2017-08-18,38,BREAD/BAKERY,7,0,0,0,0
2017-08-18,38,CELEBRATION,0,0,0,0,0
2017-08-18,38,CLEANING,9,0,0,0,0
2017-08-18,38,DAIRY,18,0,0,0,0
2017-08-18,38,DELI,49,0,0,0,0
2017-08-18,38,EGGS,24,0,0,0,0
2017-08-18,38,FROZEN FOODS,0,0,0,0,0
2017-08-18,38,GROCERY I,31,0,0,0,0
2017-08-18,38,GROCERY II,1,0,0,0,0
2017-08-18,38,HARDWARE,0,0,0,0,0
2017-08-18,38,HOME AND KITCHEN I,1,0,0,0,0
2017-08-18,38,HOME AND KITCHEN II,1,0,0,0,0
2017-08-18,38,HOME APPLIANCES,0,0,0,0,0
2017-08-18,38,HOME CARE,6,0,0,0,0
2017-08-18,38,LADIESWEAR,0,0,0,0,0
2017-08-18,38,LAWN AND GARDEN,0,0,0,0,0
2017-08-18,38,LINGERIE,0,0,0,0,0
2017-08-18,38,"LIQUOR,WINE,BEER",7,0,0,0,0
2017-08-18,38,MAGAZINES,0,0,0,0,0
2017-08-18,38,MEATS,37,0,0,0,0
2017-08-18,38,PERSONAL CARE,11,0,0,0,0
2017-08-18,38,PET SUPPLIES,0,0,0,0,0
2017-08-18,38,PLAYERS AND ELECTRONICS,0,0,0,0,0
2017-08-18,38,POULTRY,28,0,0,0,0
2017-08-18,38,PREPARED FOODS,0,0,0,0,0
2017-08-18,38,PRODUCE,4,0,0,0,0
2017-08-18,38,SCHOOL AND OFFICE SUPPLIES,0,0,0,0,0
2017-08-18,38,SEAFOOD,5,0,0,0,0
2017-08-18,39,AUTOMOTIVE,0,0,0,0,0
2017-08-18,39,BABY CARE,0,0,0,0,0
2017-08-18,39,BEAUTY,0,0,0,0,0
2017-08-18,39,BEVERAGES,29,0,0,0,0
2017-08-18,39,BOOKS,0,0,0,0,0
2017-08-18,39,BREAD/BAKERY,9,0,0,0,0
2017-08-18,39,CELEBRATION,0,0,0,0,0
2017-08-18,39,CLEANING,23,0,0,0,0
2017-08-18,39,DAIRY,22,0,0,0,0
2017-08-18,39,DELI,53,0,0,0,0
2017-08-18,39,EGGS,1,0,0,0,0
2017-08-18,39,FROZEN FOODS,0,0,0,0,0
2017-08-18,39,GROCERY I,62,0,0,0,0
2017-08-18,39,GROCERY II,0,0,0,0,0
2017-08-18,39,HARDWARE,0,0,0,0,0
2017-08-18,39,HOME AND KITCHEN I,0,0,0,0,0
2017-08-18,39,HOME AND KITCHEN II,2,0,0,0,0
2017-08-18,39,HOME APPLIANCES,0,0,0,0,0
2017-08-18,39,HOME CARE,10,0,0,0,0
2017-08-18,39,LADIESWEAR,0,0,0,0,0
2017-08-18,39,LAWN AND GARDEN,0,0,0,0,0
2017-08-18,39,LINGERIE,3,0,0,0,0
2017-08-18,39,"LIQUOR,WINE,BEER",4,0,0,0,0
2017-08-18,39,MAGAZINES,0,0,0,0,0
2017-08-18,39,MEATS,0,0,0,0,0
2017-08-18,39,PERSONAL CARE,9,0,0,0,0
2017-08-18,39,PET SUPPLIES,0,0,0,0,0
2017-08-18,39,PLAYERS AND ELECTRONICS,0,0,0,0,0
2017-08-18,39,POULTRY,15,0,0,0,0
2017-08-18,39,PREPARED FOODS,2,0,0,0,0
2017-08-18,39,PRODUCE,1,0,0,0,0
2017-08-18,39,SCHOOL AND OFFICE SUPPLIES,2,0,0,0,0
2017-08-18,39,SEAFOOD,0,0,0,0,0
2017-08-18,40,AUTOMOTIVE,0,0,0,0,0
2017-08-18,40,BABY CARE,0,0,0,0,0
2017-08-18,40,BEAUTY,1,0,0,0,0
2017-08-18,40,BEVERAGES,24,0,0,0,0
2017-08-18,40,BOOKS,0,0,0,0,0
2017-08-18,40,BREAD/BAKERY,9,0,0,0,0
2017-08-18,40,CELEBRATION,0,0,0,0,0
2017-08-18,40,CLEANING,17,0,0,0,0
2017-08-18,40,DAIRY,12,0,0,0,0
2017-08-18,40,DELI,54,0,0,0,0
2017-08-18,40,EGGS,1,0,0,0,0
2017-08-18,40,FROZEN FOODS,0,0,0,0,0
2017-08-18,40,GROCERY I,63,0,0,0,0
2017-08-18,40,GROCERY II,0,0,0,0,0
2017-08-18,40,HARDWARE,0,0,0,0,0
2017-08-18,40,HOME AND KITCHEN I,0,0,0,0,0
2017-08-18,40,HOME AND KITCHEN II,2,0,0,0,0
2017-08-18,40,HOME APPLIANCES,0,0,0,0,0
2017-08-18,40,HOME CARE,10,0,0,0,0
2017-08-18,40,LADIESWEAR,0,0,0,0,0
2017-08-18,40,LAWN AND GARDEN,0,0,0,0,0
2017-08-18,40,LINGERIE,0,0,0,0,0
2017-08-18,40,"LIQUOR,WINE,BEER",3,0,0,0,0
2017-08-18,40,MAGAZINES,0,0,0,0,0
2017-08-18,40,MEATS,0,0,0,0,0
2017-08-18,40,PERSONAL CARE,11,0,0,0,0
2017-08-18,40,PET SUPPLIES,0,0,0,0,0
2017-08-18,40,PLAYERS AND ELECTRONICS,0,0,0,0,0
2017-08-18,40,POULTRY,14,0,0,0,0
2017-08-18,40,PREPARED FOODS,0,0,0,0,0
2017-08-18,40,PRODUCE,1,0,0,0,0
2017-08-18,40,SCHOOL AND OFFICE SUPPLIES,0,0,0,0,0
2017-08-18,40,SEAFOOD,0,0,0,0,0
2017-08-18,41,AUTOMOTIVE,0,0,0,0,0
2017-08-18,41,BABY CARE,0,0,0,0,0
2017-08-18,41,BEAUTY,2,0,0,0,0
2017-08-18,41,BEVERAGES,16,0,0,0,0
2017-08-18,41,BOOKS,0,0,0,0,0
2017-08-18,41,BREAD/BAKERY,11,0,0,0,0
2017-08-18,41,CELEBRATION,0,0,0,0,0
2017-08-18,41,CLEANING,8,0,0,0,0
2017-08-18,41,DAIRY,17,0,0,0,0
2017-08-18,41,DELI,52,0,0,0,0
2017-08-18,41,EGGS,21,0,0,0,0
2017-08-18,41,FROZEN FOODS,0,0,0,0,0
2017-08-18,41,GROCERY I,34,0,0,0,0
2017-08-18,41,GROCERY II,0,0,0,0,0
2017-08-18,41,HARDWARE,0,0,0,0,0
2017-08-18,41,HOME AND KITCHEN I,0,0,0,0,0
2017-08-18,41,HOME AND KITCHEN II,0,0,0,0,0
2017-08-18,41,HOME APPLIANCES,0,0,0,0,0
2017-08-18,41,HOME CARE,4,0,0,0,0
2017-08-18,41,LADIESWEAR,0,0,0,0,0
2017-08-18,41,LAWN AND GARDEN,0,0,0,0,0
2017-08-18,41,LINGERIE,0,0,0,0,0
2017-08-18,41,"LIQUOR,WINE,BEER",6,0,0,0,0
2017-08-18,41,MAGAZINES,0,0,0,0,0
2017-08-18,41,MEATS,40,0,0,0,0
2017-08-18,41,PERSONAL CARE,12,0,0,0,0
2017-08-18,41,PET SUPPLIES,0,0,0,0,0
2017-08-18,41,PLAYERS AND ELECTRONICS,0,0,0,0,0
2017-08-18,41,POULTRY,26,0,0,0,0
2017-08-18,41,PREPARED FOODS,0,0,0,0,0
2017-08-18,41,PRODUCE,5,0,0,0,0
2017-08-18,41,SCHOOL AND OFFICE SUPPLIES,0,0,0,0,0
2017-08-18,41,SEAFOOD,3,0,0,0,0
2017-08-18,42,AUTOMOTIVE,0,0,0,0,0
2017-08-18,42,BABY CARE,0,0,0,0,0
2017-08-18,42,BEAUTY,1,0,0,0,0
2017-08-18,42,BEVERAGES,15,0,0,0,0
2017-08-18,42,BOOKS,0,0,0,0,0
2017-08-18,42,BREAD/BAKERY,9,0,0,0,0
2017-08-18,42,CELEBRATION,0,0,0,0,0
2017-08-18,42,CLEANING,9,0,0,0,0
2017-08-18,42,DAIRY,15,0,0,0,0
2017-08-18,42,DELI,43,0,0,0,0
2017-08-18,42,EGGS,22,0,0,0,0
2017-08-18,42,FROZEN FOODS,0,0,0,0,0
2017-08-18,42,GROCERY I,34,0,0,0,0
2017-08-18,42,GROCERY II,0,0,0,0,0
2017-08-18,42,HARDWARE,0,0,0,0,0
2017-08-18,42,HOME AND KITCHEN I,1,0,0,0,0
2017-08-18,42,HOME AND KITCHEN II,1,0,0,0,0
2017-08-18,42,HOME APPLIANCES,0,0,0,0,0
2017-08-18,42,HOME CARE,5,0,0,0,0
2017-08-18,42,LADIESWEAR,0,0,0,0,0
2017-08-18,42,LAWN AND GARDEN,0,0,0,0,0
2017-08-18,42,LINGERIE,0,0,0,0,0
2017-08-18,42,"LIQUOR,WINE,BEER",6,0,0,0,0
2017-08-18,42,MAGAZINES,0,0,0,0,0
2017-08-18,42,MEATS,37,0,0,0,0
2017-08-18,42,PERSONAL CARE,10,0,0,0,0
2017-08-18,42,PET SUPPLIES,0,0,0,0,0
2017-08-18,42,PLAYERS AND ELECTRONICS,0,0,0,0,0
2017-08-18,42,POULTRY,29,0,0,0,0
2017-08-18,42,PREPARED FOODS,0,0,0,0,0
2017-08-18,42,PRODUCE,4,0,0,0,0
2017-08-18,42,SCHOOL AND OFFICE SUPPLIES,0,0,0,0,0
2017-08-18,42,SEAFOOD,5,0,0,0,0
2017-08-18,43,AUTOMOTIVE,0,0,0,0,0
2017-08-18,43,BABY CARE,0,0,0,0,0
2017-08-18,43,BEAUTY,0,0,0,0,0
2017-08-18,43,BEVERAGES,24,0,0,0,0
2017-08-18,43,BOOKS,0,0,0,0,0
2017-08-18,43,BREAD/BAKERY,9,0,0,0,0
2017-08-18,43,CELEBRATION,0,0,0,0,0
2017-08-18,43,CLEANING,22,0,0,0,0
2017-08-18,43,DAIRY,12,0,0,0,0
2017-08-18,43,DELI,64,0,0,0,0
2017-08-18,43,EGGS,1,0,0,0,0
2017-08-18,43,FROZEN FOODS,0,0,0,0,0
2017-08-18,43,GROCERY I,60,0,0,0,0
2017-08-18,43,GROCERY II,0,0,0,0,0
2017-08-18,43,HARDWARE,0,0,0,0,0
2017-08-18,43,HOME AND KITCHEN I,0,0,0,0,0
2017-08-18,43,HOME AND KITCHEN II,0,0,0,0,0
2017-08-18,43,HOME APPLIANCES,0,0,0,0,0
2017-08-18,43,HOME CARE,10,0,0,0,0
2017-08-18,43,LADIESWEAR,0,0,0,0,0
2017-08-18,43,LAWN AND GARDEN,0,0,0,0,0
2017-08-18,43,LINGERIE,0,0,0,0,0
2017-08-18,43,"LIQUOR,WINE,BEER",3,0,0,0,0
2017-08-18,43,MAGAZINES,0,0,0,0,0
2017-08-18,43,MEATS,0,0,0,0,0
2017-08-18,43,PERSONAL CARE,8,0,0,0,0
2017-08-18,43,PET SUPPLIES,0,0,0,0,0
2017-08-18,43,PLAYERS AND ELECTRONICS,0,0,0,0,0
2017-08-18,43,POULTRY,14,0,0,0,0
2017-08-18,43,PREPARED FOODS,2,0,0,0,0
2017-08-18,43,PRODUCE,0,0,0,0,0
2017-08-18,43,SCHOOL AND OFFICE SUPPLIES,0,0,0,0,0
2017-08-18,43,SEAFOOD,0,0,0,0,0
2017-08-18,44,AUTOMOTIVE,0,0,0,0,0
2017-08-18,44,BABY CARE,0,0,0,0,0
2017-08-18,44,BEAUTY,2,0,0,0,0
2017-08-18,44,BEVERAGES,19,0,0,0,0
2017-08-18,44,BOOKS,0,0,0,0,0
2017-08-18,44,BREAD/BAKERY,12,0,0,0,0
2017-08-18,44,CELEBRATION,0,0,0,0,0
2017-08-18,44,CLEANING,14,0,0,0,0
2017-08-18,44,DAIRY,22,0,0,0,0
2017-08-18,44,DELI,74,0,0,0,0
2017-08-18,44,EGGS,32,0,0,0,0
2017-08-18,44,FROZEN FOODS,0,0,0,0,0
2017-08-18,44,GROCERY I,40,0,0,0,0
2017-08-18,44,GROCERY II,0,0,0,0,0
2017-08-18,44,HARDWARE,0,0,0,0,0
2017-08-18,44,HOME AND KITCHEN I,2,0,0,0,0
2017-08-18,44,HOME AND KITCHEN II,2,0,0,0,0
2017-08-18,44,HOME APPLIANCES,0,0,0,0,0
2017-08-18,44,HOME CARE,8,0,0,0,0
2017-08-18,44,LADIESWEAR,7,0,0,0,0
2017-08-18,44,LAWN AND GARDEN,0,0,0,0,0
2017-08-18,44,LINGERIE,6,0,0,0,0
2017-08-18,44,"LIQUOR,WINE,BEER",8,0,0,0,0
2017-08-18,44,MAGAZINES,0,0,0,0,0
2017-08-18,44,MEATS,52,0,0,0,0
2017-08-18,44,PERSONAL CARE,13,0,0,0,0
2017-08-18,44,PET SUPPLIES,0,0,0,0,0
2017-08-18,44,PLAYERS AND ELECTRONICS,0,0,0,0,0
2017-08-18,44,POULTRY,46,0,0,0,0
2017-08-18,44,PREPARED FOODS,0,0,0,0,0
2017-08-18,44,PRODUCE,5,0,0,0,0
2017-08-18,44,SCHOOL AND OFFICE SUPPLIES,13,0,0,0,0
2017-08-18,44,SEAFOOD,7,0,0,0,0
2017-08-18,45,AUTOMOTIVE,0,0,0,0,0
2017-08-18,45,BABY CARE,0,0,0,0,0
2017-08-18,45,BEAUTY,2,0,0,0,0
2017-08-18,45,BEVERAGES,18,0,0,0,0
2017-08-18,45,BOOKS,0,0,0,0,0
2017-08-18,45,BREAD/BAKERY,12,0,0,0,0
2017-08-18,45,CELEBRATION,0,0,0,0,0
2017-08-18,45,CLEANING,13,0,0,0,0
2017-08-18,45,DAIRY,21,0,0,0,0
2017-08-18,45,DELI,72,0,0,0,0
2017-08-18,45,EGGS,32,0,0,0,0
2017-08-18,45,FROZEN FOODS,0,0,0,0,0
2017-08-18,45,GROCERY I,41,0,0,0,0
2017-08-18,45,GROCERY II,0,0,0,0,0
2017-08-18,45,HARDWARE,0,0,0,0,0
2017-08-18,45,HOME AND KITCHEN I,1,0,0,0,0
2017-08-18,45,HOME AND KITCHEN II,3,0,0,0,0
2017-08-18,45,HOME APPLIANCES,0,0,0,0,0
2017-08-18,45,HOME CARE,9,0,0,0,0
2017-08-18,45,LADIESWEAR,7,0,0,0,0
2017-08-18,45,LAWN AND GARDEN,0,0,0,0,0
2017-08-18,45,LINGERIE,5,0,0,0,0
2017-08-18,45,"LIQUOR,WINE,BEER",7,0,0,0,0
2017-08-18,45,MAGAZINES,0,0,0,0,0
2017-08-18,45,MEATS,54,0,0,0,0
2017-08-18,45,PERSONAL CARE,12,0,0,0,0
2017-08-18,45,PET SUPPLIES,0,0,0,0,0
2017-08-18,45,PLAYERS AND ELECTRONICS,0,0,0,0,0
2017-08-18,45,POULTRY,43,0,0,0,0
2017-08-18,45,PREPARED FOODS,0,0,0,0,0
2017-08-18,45,PRODUCE,5,0,0,0,0
2017-08-18,45,SCHOOL AND OFFICE SUPPLIES,12,0,0,0,0
2017-08-18,45,SEAFOOD,7,0,0,0,0
2017-08-18,46,AUTOMOTIVE,0,0,0,0,0
2017-08-18,46,BABY CARE,0,0,0,0,0
2017-08-18,46,BEAUTY,2,0,0,0,0
2017-08-18,46,BEVERAGES,15,0,0,0,0
2017-08-18,46,BOOKS,0,0,0,0,0
2017-08-18,46,BREAD/BAKERY,13,0,0,0,0
2017-08-18,46,CELEBRATION,0,0,0,0,0
2017-08-18,46,CLEANING,12,0,0,0,0
2017-08-18,46,DAIRY,22,0,0,0,0
2017-08-18,46,DELI,78,0,0,0,0
2017-08-18,46,EGGS,24,0,0,0,0
2017-08-18,46,FROZEN FOODS,0,0,0,0,0
2017-08-18,46,GROCERY I,39,0,0,0,0
2017-08-18,46,GROCERY II,0,0,0,0,0
2017-08-18,46,HARDWARE,0,0,0,0,0
2017-08-18,46,HOME AND KITCHEN I,1,0,0,0,0
2017-08-18,46,HOME AND KITCHEN II,2,0,0,0,0
2017-08-18,46,HOME APPLIANCES,0,0,0,0,0
2017-08-18,46,HOME CARE,8,0,0,0,0
2017-08-18,46,LADIESWEAR,4,0,0,0,0
2017-08-18,46,LAWN AND GARDEN,0,0,0,0,0
2017-08-18,46,LINGERIE,4,0,0,0,0
2017-08-18,46,"LIQUOR,WINE,BEER",7,0,0,0,0
2017-08-18,46,MAGAZINES,0,0,0,0,0
2017-08-18,46,MEATS,51,0,0,0,0
2017-08-18,46,PERSONAL CARE,11,0,0,0,0
2017-08-18,46,PET SUPPLIES,0,0,0,0,0
2017-08-18,46,PLAYERS AND ELECTRONICS,2,0,0,0,0
2017-08-18,46,POULTRY,38,0,0,0,0
2017-08-18,46,PREPARED FOODS,0,0,0,0,0
2017-08-18,46,PRODUCE,5,0,0,0,0
2017-08-18,46,SCHOOL AND OFFICE SUPPLIES,12,0,0,0,0
2017-08-18,46,SEAFOOD,6,0,0,0,0
2017-08-18,47,AUTOMOTIVE,0,0,0,0,0
2017-08-18,47,BABY CARE,0,0,0,0,0
2017-08-18,47,BEAUTY,2,0,0,0,0
2017-08-18,47,BEVERAGES,19,0,0,0,0
2017-08-18,47,BOOKS,0,0,0,0,0
2017-08-18,47,BREAD/BAKERY,12,0,0,0,0
2017-08-18,47,CELEBRATION,0,0,0,0,0
2017-08-18,47,CLEANING,12,0,0,0,0
2017-08-18,47,DAIRY,22,0,0,0,0
2017-08-18,47,DELI,77,0,0,0,0
2017-08-18,47,EGGS,32,0,0,0,0
2017-08-18,47,FROZEN FOODS,0,0,0,0,0
2017-08-18,47,GROCERY I,40,0,0,0,0
2017-08-18,47,GROCERY II,0,0,0,0,0
2017-08-18,47,HARDWARE,0,0,0,0,0
2017-08-18,47,HOME AND KITCHEN I,0,0,0,0,0
2017-08-18,47,HOME AND KITCHEN II,3,0,0,0,0
2017-08-18,47,HOME APPLIANCES,0,0,0,0,0
2017-08-18,47,HOME CARE,8,0,0,0,0
2017-08-18,47,LADIESWEAR,8,0,0,0,0
2017-08-18,47,LAWN AND GARDEN,0,0,0,0,0
2017-08-18,47,LINGERIE,6,0,0,0,0
2017-08-18,47,"LIQUOR,WINE,BEER",8,0,0,0,0
2017-08-18,47,MAGAZINES,0,0,0,0,0
2017-08-18,47,MEATS,49,0,0,0,0
2017-08-18,47,PERSONAL CARE,12,0,0,0,0
2017-08-18,47,PET SUPPLIES,0,0,0,0,0
2017-08-18,47,PLAYERS AND ELECTRONICS,0,0,0,0,0
2017-08-18,47,POULTRY,45,0,0,0,0
2017-08-18,47,PREPARED FOODS,0,0,0,0,0
2017-08-18,47,PRODUCE,5,0,0,0,0
2017-08-18,47,SCHOOL AND OFFICE SUPPLIES,13,0,0,0,0
2017-08-18,47,SEAFOOD,6,0,0,0,0
2017-08-18,48,AUTOMOTIVE,0,0,0,0,0
2017-08-18,48,BABY CARE,0,0,0,0,0
2017-08-18,48,BEAUTY,2,0,0,0,0
2017-08-18,48,BEVERAGES,11,0,0,0,0
2017-08-18,48,BOOKS,0,0,0,0,0
2017-08-18,48,BREAD/BAKERY,12,0,0,0,0
2017-08-18,48,CELEBRATION,0,0,0,0,0
2017-08-18,48,CLEANING,13,0,0,0,0
2017-08-18,48,DAIRY,21,0,0,0,0
2017-08-18,48,DELI,74,0,0,0,0
2017-08-18,48,EGGS,28,0,0,0,0
2017-08-18,48,FROZEN FOODS,0,0,0,0,0
2017-08-18,48,GROCERY I,39,0,0,0,0
2017-08-18,48,GROCERY II,0,0,0,0,0
2017-08-18,48,HARDWARE,0,0,0,0,0
2017-08-18,48,HOME AND KITCHEN I,1,0,0,0,0
2017-08-18,48,HOME AND KITCHEN II,2,0,0,0,0
2017-08-18,48,HOME APPLIANCES,0,0,0,0,0
2017-08-18,48,HOME CARE,7,0,0,0,0
2017-08-18,48,LADIESWEAR,7,0,0,0,0
2017-08-18,48,LAWN AND GARDEN,0,0,0,0,0
2017-08-18,48,LINGERIE,2,0,0,0,0
2017-08-18,48,"LIQUOR,WINE,BEER",7,0,0,0,0
2017-08-18,48,MAGAZINES,0,0,0,0,0
2017-08-18,48,MEATS,48,0,0,0,0
2017-08-18,48,PERSONAL CARE,14,0,0,0,0
2017-08-18,48,PET SUPPLIES,0,0,0,0,0
2017-08-18,48,PLAYERS AND ELECTRONICS,2,0,0,0,0
2017-08-18,48,POULTRY,39,0,0,0,0
2017-08-18,48,PREPARED FOODS,0,0,0,0,0
2017-08-18,48,PRODUCE,4,0,0,0,0
2017-08-18,48,SCHOOL AND OFFICE SUPPLIES,11,0,0,0,0
2017-08-18,48,SEAFOOD,6,0,0,0,0
2017-08-18,49,AUTOMOTIVE,0,0,0,0,0
2017-08-18,49,BABY CARE,0,0,0,0,0
2017-08-18,49,BEAUTY,1,0,0,0,0
2017-08-18,49,BEVERAGES,20,0,0,0,0
2017-08-18,49,BOOKS,0,0,0,0,0
2017-08-18,49,BREAD/BAKERY,11,0,0,0,0
2017-08-18,49,CELEBRATION,0,0,0,0,0
2017-08-18,49,CLEANING,10,0,0,0,0
2017-08-18,49,DAIRY,22,0,0,0,0
2017-08-18,49,DELI,73,0,0,0,0
2017-08-18,49,EGGS,32,0,0,0,0
2017-08-18,49,FROZEN FOODS,1,0,0,0,0
2017-08-18,49,GROCERY I,41,0,0,0,0
2017-08-18,49,GROCERY II,0,0,0,0,0
2017-08-18,49,HARDWARE,0,0,0,0,0
2017-08-18,49,HOME AND KITCHEN I,0,0,0,0,0
2017-08-18,49,HOME AND KITCHEN II,2,0,0,0,0
2017-08-18,49,HOME APPLIANCES,0,0,0,0,0
2017-08-18,49,HOME CARE,9,0,0,0,0
2017-08-18,49,LADIESWEAR,0,0,0,0,0
2017-08-18,49,LAWN AND GARDEN,0,0,0,0,0
2017-08-18,49,LINGERIE,1,0,0,0,0
2017-08-18,49,"LIQUOR,WINE,BEER",7,0,0,0,0
2017-08-18,49,MAGAZINES,0,0,0,0,0
2017-08-18,49,MEATS,52,0,0,0,0
2017-08-18,49,PERSONAL CARE,12,0,0,0,0
2017-08-18,49,PET SUPPLIES,0,0,0,0,0
2017-08-18,49,PLAYERS AND ELECTRONICS,0,0,0,0,0
2017-08-18,49,POULTRY,47,0,0,0,0
2017-08-18,49,PREPARED FOODS,0,0,0,0,0
2017-08-18,49,PRODUCE,5,0,0,0,0
2017-08-18,49,SCHOOL AND OFFICE SUPPLIES,11,0,0,0,0
2017-08-18,49,SEAFOOD,7,0,0,0,0
2017-08-18,50,AUTOMOTIVE,0,0,0,0,0
2017-08-18,50,BABY CARE,0,0,0,0,0
2017-08-18,50,BEAUTY,2,0,0,0,0
2017-08-18,50,BEVERAGES,15,0,0,0,0
2017-08-18,50,BOOKS,0,0,0,0,0
2017-08-18,50,BREAD/BAKERY,10,0,0,0,0
2017-08-18,50,CELEBRATION,0,0,0,0,0
2017-08-18,50,CLEANING,9,0,0,0,0
2017-08-18,50,DAIRY,17,0,0,0,0
2017-08-18,50,DELI,65,0,0,0,0
2017-08-18,50,EGGS,26,0,0,0,0
2017-08-18,50,FROZEN FOODS,0,0,0,0,0
2017-08-18,50,GROCERY I,36,0,0,0,0
2017-08-18,50,GROCERY II,0,0,0,0,0
2017-08-18,50,HARDWARE,0,0,0,0,0
2017-08-18,50,HOME AND KITCHEN I,1,0,0,0,0
2017-08-18,50,HOME AND KITCHEN II,2,0,0,0,0
2017-08-18,50,HOME APPLIANCES,0,0,0,0,0
2017-08-18,50,HOME CARE,5,0,0,0,0
2017-08-18,50,LADIESWEAR,4,0,0,0,0
2017-08-18,50,LAWN AND GARDEN,0,0,0,0,0
2017-08-18,50,LINGERIE,0,0,0,0,0
2017-08-18,50,"LIQUOR,WINE,BEER",9,0,0,0,0
2017-08-18,50,MAGAZINES,0,0,0,0,0
2017-08-18,50,MEATS,51,0,0,0,0
2017-08-18,50,PERSONAL CARE,11,0,0,0,0
2017-08-18,50,PET SUPPLIES,0,0,0,0,0
2017-08-18,50,PLAYERS AND ELECTRONICS,0,0,0,0,0
2017-08-18,50,POULTRY,44,0,0,0,0
2017-08-18,50,PREPARED FOODS,0,0,0,0,0
2017-08-18,50,PRODUCE,5,0,0,0,0
2017-08-18,50,SCHOOL AND OFFICE SUPPLIES,13,0,0,0,0
2017-08-18,50,SEAFOOD,4,0,0,0,0
2017-08-18,51,AUTOMOTIVE,0,0,0,0,0
2017-08-18,51,BABY CARE,0,0,0,0,0
2017-08-18,51,BEAUTY,1,0,0,0,0
2017-08-18,51,BEVERAGES,17,0,0,0,0
2017-08-18,51,BOOKS,0,0,0,0,0
2017-08-18,51,BREAD/BAKERY,11,0,0,0,0
2017-08-18,51,CELEBRATION,0,0,0,0,0
2017-08-18,51,CLEANING,10,0,0,0,0
2017-08-18,51,DAIRY,19,0,0,0,0
2017-08-18,51,DELI,59,0,0,0,0
2017-08-18,51,EGGS,31,0,0,0,0
2017-08-18,51,FROZEN FOODS,1,0,0,0,0
2017-08-18,51,GROCERY I,35,0,0,0,0
2017-08-18,51,GROCERY II,0,0,0,0,0
2017-08-18,51,HARDWARE,0,0,0,0,0
2017-08-18,51,HOME AND KITCHEN I,0,0,0,0,0
2017-08-18,51,HOME AND KITCHEN II,3,0,0,0,0
2017-08-18,51,HOME APPLIANCES,0,0,0,0,0
2017-08-18,51,HOME CARE,7,0,0,0,0
2017-08-18,51,LADIESWEAR,0,0,0,0,0
2017-08-18,51,LAWN AND GARDEN,0,0,0,0,0
2017-08-18,51,LINGERIE,0,0,0,0,0
2017-08-18,51,"LIQUOR,WINE,BEER",6,0,0,0,0
2017-08-18,51,MAGAZINES,0,0,0,0,0
2017-08-18,51,MEATS,49,0,0,0,0
2017-08-18,51,PERSONAL CARE,11,0,0,0,0
2017-08-18,51,PET SUPPLIES,0,0,0,0,0
2017-08-18,51,PLAYERS AND ELECTRONICS,0,0,0,0,0
2017-08-18,51,POULTRY,36,0,0,0,0
2017-08-18,51,PREPARED FOODS,0,0,0,0,0
2017-08-18,51,PRODUCE,5,0,0,0,0
2017-08-18,51,SCHOOL AND OFFICE SUPPLIES,0,0,0,0,0
2017-08-18,51,SEAFOOD,6,0,0,0,0
2017-08-18,52,AUTOMOTIVE,0,0,0,0,0
2017-08-18,52,BABY CARE,0,0,0,0,0
2017-08-18,52,BEAUTY,2,0,0,0,0
2017-08-18,52,BEVERAGES,16,0,0,0,0
2017-08-18,52,BOOKS,0,0,0,0,0
2017-08-18,52,BREAD/BAKERY,12,0,0,0,0
2017-08-18,52,CELEBRATION,0,0,0,0,0
2017-08-18,52,CLEANING,9,0,0,0,0
2017-08-18,52,DAIRY,22,0,0,0,0
2017-08-18,52,DELI,69,0,0,0,0
2017-08-18,52,EGGS,27,0,0,0,0
2017-08-18,52,FROZEN FOODS,1,0,0,0,0
2017-08-18,52,GROCERY I,40,0,0,0,0
2017-08-18,52,GROCERY II,0,0,0,0,0
2017-08-18,52,HARDWARE,0,0,0,0,0
2017-08-18,52,HOME AND KITCHEN I,2,0,0,0,0
2017-08-18,52,HOME AND KITCHEN II,2,0,0,0,0
2017-08-18,52,HOME APPLIANCES,0,0,0,0,0
2017-08-18,52,HOME CARE,6,0,0,0,0
2017-08-18,52,LADIESWEAR,0,0,0,0,0
2017-08-18,52,LAWN AND GARDEN,0,0,0,0,0
2017-08-18,52,LINGERIE,0,0,0,0,0
2017-08-18,52,"LIQUOR,WINE,BEER",7,0,0,0,0
2017-08-18,52,MAGAZINES,0,0,0,0,0
2017-08-18,52,MEATS,51,0,0,0,0
2017-08-18,52,PERSONAL CARE,12,0,0,0,0
2017-08-18,52,PET SUPPLIES,0,0,0,0,0
2017-08-18,52,PLAYERS AND ELECTRONICS,0,0,0,0,0
2017-08-18,52,POULTRY,41,0,0,0,0
2017-08-18,52,PREPARED FOODS,0,0,0,0,0
2017-08-18,52,PRODUCE,3,0,0,0,0
2017-08-18,52,SCHOOL AND OFFICE SUPPLIES,0,0,0,0,0
2017-08-18,52,SEAFOOD,3,0,0,0,0
2017-08-18,53,AUTOMOTIVE,0,0,0,0,0
2017-08-18,53,BABY CARE,0,0,0,0,0
2017-08-18,53,BEAUTY,0,0,0,0,0
2017-08-18,53,BEVERAGES,11,0,0,0,0
2017-08-18,53,BOOKS,0,0,0,0,0
2017-08-18,53,BREAD/BAKERY,9,0,0,0,0
2017-08-18,53,CELEBRATION,0,0,0,0,0
2017-08-18,53,CLEANING,10,0,0,0,0
2017-08-18,53,DAIRY,18,0,0,0,0
2017-08-18,53,DELI,57,0,0,0,0
2017-08-18,53,EGGS,23,0,0,0,0
2017-08-18,53,FROZEN FOODS,0,0,0,0,0
2017-08-18,53,GROCERY I,28,0,0,0,0
2017-08-18,53,GROCERY II,0,0,0,0,0
2017-08-18,53,HARDWARE,0,0,0,0,0
2017-08-18,53,HOME AND KITCHEN I,0,0,0,0,0
2017-08-18,53,HOME AND KITCHEN II,0,0,0,0,0
2017-08-18,53,HOME APPLIANCES,0,0,0,0,0
2017-08-18,53,HOME CARE,6,0,0,0,0
2017-08-18,53,LADIESWEAR,0,0,0,0,0
2017-08-18,53,LAWN AND GARDEN,0,0,0,0,0
2017-08-18,53,LINGERIE,0,0,0,0,0
2017-08-18,53,"LIQUOR,WINE,BEER",6,0,0,0,0
2017-08-18,53,MAGAZINES,0,0,0,0,0
2017-08-18,53,MEATS,43,0,0,0,0
2017-08-18,53,PERSONAL CARE,9,0,0,0,0
2017-08-18,53,PET SUPPLIES,0,0,0,0,0
2017-08-18,53,PLAYERS AND ELECTRONICS,0,0,0,0,0
2017-08-18,53,POULTRY,28,0,0,0,0
2017-08-18,53,PREPARED FOODS,0,0,0,0,0
2017-08-18,53,PRODUCE,1,0,0,0,0
2017-08-18,53,SCHOOL AND OFFICE SUPPLIES,0,0,0,0,0
2017-08-18,53,SEAFOOD,1,0,0,0,0
2017-08-18,54,AUTOMOTIVE,0,0,0,0,0
2017-08-18,54,BABY CARE,0,0,0,0,0
2017-08-18,54,BEAUTY,0,0,0,0,0
2017-08-18,54,BEVERAGES,22,0,0,0,0
2017-08-18,54,BOOKS,0,0,0,0,0
2017-08-18,54,BREAD/BAKERY,7,0,0,0,0
2017-08-18,54,CELEBRATION,0,0,0,0,0
2017-08-18,54,CLEANING,17,0,0,0,0
2017-08-18,54,DAIRY,6,0,0,0,0
2017-08-18,54,DELI,43,0,0,0,0
2017-08-18,54,EGGS,1,0,0,0,0
2017-08-18,54,FROZEN FOODS,0,0,0,0,0
2017-08-18,54,GROCERY I,54,0,0,0,0
2017-08-18,54,GROCERY II,0,0,0,0,0
2017-08-18,54,HARDWARE,0,0,0,0,0
2017-08-18,54,HOME AND KITCHEN I,1,0,0,0,0
2017-08-18,54,HOME AND KITCHEN II,0,0,0,0,0
2017-08-18,54,HOME APPLIANCES,0,0,0,0,0
2017-08-18,54,HOME CARE,6,0,0,0,0
2017-08-18,54,LADIESWEAR,0,0,0,0,0
2017-08-18,54,LAWN AND GARDEN,0,0,0,0,0
2017-08-18,54,LINGERIE,0,0,0,0,0
2017-08-18,54,"LIQUOR,WINE,BEER",1,0,0,0,0
2017-08-18,54,MAGAZINES,0,0,0,0,0
2017-08-18,54,MEATS,0,0,0,0,0
2017-08-18,54,PERSONAL CARE,5,0,0,0,0
2017-08-18,54,PET SUPPLIES,0,0,0,0,0
2017-08-18,54,PLAYERS AND ELECTRONICS,0,0,0,0,0
2017-08-18,54,POULTRY,5,0,0,0,0
2017-08-18,54,PREPARED FOODS,0,0,0,0,0
2017-08-18,54,PRODUCE,2,0,0,0,0
2017-08-18,54,SCHOOL AND OFFICE SUPPLIES,0,0,0,0,0
2017-08-18,54,SEAFOOD,0,0,0,0,0
2017-08-19,1,AUTOMOTIVE,0,0,0,0,0
2017-08-19,1,BABY CARE,0,0,0,0,0
2017-08-19,1,BEAUTY,1,0,0,0,0
2017-08-19,1,BEVERAGES,11,0,0,0,0
2017-08-19,1,BOOKS,0,0,0,0,0
2017-08-19,1,BREAD/BAKERY,9,0,0,0,0
2017-08-19,1,CELEBRATION,0,0,0,0,0
2017-08-19,1,CLEANING,11,0,0,0,0
2017-08-19,1,DAIRY,20,0,0,0,0
2017-08-19,1,DELI,6,0,0,0,0
2017-08-19,1,EGGS,0,0,0,0,0
2017-08-19,1,FROZEN FOODS,0,0,0,0,0
2017-08-19,1,GROCERY I,32,0,0,0,0
2017-08-19,1,GROCERY II,0,0,0,0,0
2017-08-19,1,HARDWARE,0,0,0,0,0
2017-08-19,1,HOME AND KITCHEN I,1,0,0,0,0
2017-08-19,1,HOME AND KITCHEN II,0,0,0,0,0
2017-08-19,1,HOME APPLIANCES,0,0,0,0,0
2017-08-19,1,HOME CARE,7,0,0,0,0
2017-08-19,1,LADIESWEAR,0,0,0,0,0
2017-08-19,1,LAWN AND GARDEN,0,0,0,0,0
2017-08-19,1,LINGERIE,0,0,0,0,0
2017-08-19,1,"LIQUOR,WINE,BEER",7,0,0,0,0
2017-08-19,1,MAGAZINES,0,0,0,0,0
2017-08-19,1,MEATS,0,0,0,0,0
2017-08-19,1,PERSONAL CARE,9,0,0,0,0
2017-08-19,1,PET SUPPLIES,0,0,0,0,0
2017-08-19,1,PLAYERS AND ELECTRONICS,1,0,0,0,0
2017-08-19,1,POULTRY,0,0,0,0,0
2017-08-19,1,PREPARED FOODS,0,0,0,0,0
2017-08-19,1,PRODUCE,6,0,0,0,0
2017-08-19,1,SCHOOL AND OFFICE SUPPLIES,0,0,0,0,0
2017-08-19,1,SEAFOOD,0,0,0,0,0
2017-08-19,2,AUTOMOTIVE,0,0,0,0,0
2017-08-19,2,BABY CARE,0,0,0,0,0
2017-08-19,2,BEAUTY,1,0,0,0,0
2017-08-19,2,BEVERAGES,14,0,0,0,0
2017-08-19,2,BOOKS,0,0,0,0,0
2017-08-19,2,BREAD/BAKERY,11,0,0,0,0
2017-08-19,2,CELEBRATION,0,0,0,0,0
2017-08-19,2,CLEANING,10,0,0,0,0
2017-08-19,2,DAIRY,19,0,0,0,0
2017-08-19,2,DELI,7,0,0,0,0
2017-08-19,2,EGGS,0,0,0,0,0
2017-08-19,2,FROZEN FOODS,0,0,0,0,0
2017-08-19,2,GROCERY I,39,0,0,0,0
2017-08-19,2,GROCERY II,0,0,0,0,0
2017-08-19,2,HARDWARE,0,0,0,0,0
2017-08-19,2,HOME AND KITCHEN I,1,0,0,0,0
2017-08-19,2,HOME AND KITCHEN II,1,0,0,0,0
2017-08-19,2,HOME APPLIANCES,0,0,0,0,0
2017-08-19,2,HOME CARE,7,0,0,0,0
2017-08-19,2,LADIESWEAR,0,0,0,0,0
2017-08-19,2,LAWN AND GARDEN,0,0,0,0,0
2017-08-19,2,LINGERIE,1,0,0,0,0
2017-08-19,2,"LIQUOR,WINE,BEER",6,0,0,0,0
2017-08-19,2,MAGAZINES,0,0,0,0,0
2017-08-19,2,MEATS,0,0,0,0,0
2017-08-19,2,PERSONAL CARE,13,0,0,0,0
2017-08-19,2,PET SUPPLIES,0,0,0,0,0
2017-08-19,2,PLAYERS AND ELECTRONICS,0,0,0,0,0
2017-08-19,2,POULTRY,0,0,0,0,0
2017-08-19,2,PREPARED FOODS,0,0,0,0,0
2017-08-19,2,PRODUCE,6,0,0,0,0
2017-08-19,2,SCHOOL AND OFFICE SUPPLIES,0,0,0,0,0
2017-08-19,2,SEAFOOD,0,0,0,0,0
2017-08-19,3,AUTOMOTIVE,0,0,0,0,0
2017-08-19,3,BABY CARE,0,0,0,0,0
2017-08-19,3,BEAUTY,1,0,0,0,0
2017-08-19,3,BEVERAGES,16,0,0,0,0
2017-08-19,3,BOOKS,0,0,0,0,0
2017-08-19,3,BREAD/BAKERY,12,0,0,0,0
2017-08-19,3,CELEBRATION,0,0,0,0,0
2017-08-19,3,CLEANING,12,0,0,0,0
2017-08-19,3,DAIRY,22,0,0,0,0
2017-08-19,3,DELI,10,0,0,0,0
2017-08-19,3,EGGS,0,0,0,0,0
2017-08-19,3,FROZEN FOODS,0,0,0,0,0
2017-08-19,3,GROCERY I,36,0,0,0,0
2017-08-19,3,GROCERY II,0,0,0,0,0
2017-08-19,3,HARDWARE,0,0,0,0,0
2017-08-19,3,HOME AND KITCHEN I,1,0,0,0,0
2017-08-19,3,HOME AND KITCHEN II,3,0,0,0,0
2017-08-19,3,HOME APPLIANCES,0,0,0,0,0
2017-08-19,3,HOME CARE,8,0,0,0,0
2017-08-19,3,LADIESWEAR,0,0,0,0,0
2017-08-19,3,LAWN AND GARDEN,0,0,0,0,0
2017-08-19,3,LINGERIE,3,0,0,0,0
2017-08-19,3,"LIQUOR,WINE,BEER",8,0,0,0,0
2017-08-19,3,MAGAZINES,0,0,0,0,0
2017-08-19,3,MEATS,0,0,0,0,0
2017-08-19,3,PERSONAL CARE,13,0,0,0,0
2017-08-19,3,PET SUPPLIES,0,0,0,0,0
2017-08-19,3,PLAYERS AND ELECTRONICS,0,0,0,0,0
2017-08-19,3,POULTRY,0,0,0,0,0
2017-08-19,3,PREPARED FOODS,0,0,0,0,0
2017-08-19,3,PRODUCE,4,0,0,0,0
2017-08-19,3,SCHOOL AND OFFICE SUPPLIES,0,0,0,0,0
2017-08-19,3,SEAFOOD,0,0,0,0,0
2017-08-19,4,AUTOMOTIVE,0,0,0,0,0
2017-08-19,4,BABY CARE,0,0,0,0,0
2017-08-19,4,BEAUTY,1,0,0,0,0
2017-08-19,4,BEVERAGES,14,0,0,0,0
2017-08-19,4,BOOKS,0,0,0,0,0
2017-08-19,4,BREAD/BAKERY,7,0,0,0,0
2017-08-19,4,CELEBRATION,0,0,0,0,0
2017-08-19,4,CLEANING,12,0,0,0,0
2017-08-19,4,DAIRY,19,0,0,0,0
2017-08-19,4,DELI,9,0,0,0,0
2017-08-19,4,EGGS,1,0,0,0,0
2017-08-19,4,FROZEN FOODS,0,0,0,0,0
2017-08-19,4,GROCERY I,38,0,0,0,0
2017-08-19,4,GROCERY II,0,0,0,0,0
2017-08-19,4,HARDWARE,0,0,0,0,0
2017-08-19,4,HOME AND KITCHEN I,1,0,0,0,0
2017-08-19,4,HOME AND KITCHEN II,1,0,0,0,0
2017-08-19,4,HOME APPLIANCES,0,0,0,0,0
2017-08-19,4,HOME CARE,5,0,0,0,0
2017-08-19,4,LADIESWEAR,0,0,0,0,0
2017-08-19,4,LAWN AND GARDEN,0,0,0,0,0
2017-08-19,4,LINGERIE,0,0,0,0,0
2017-08-19,4,"LIQUOR,WINE,BEER",5,0,0,0,0
2017-08-19,4,MAGAZINES,0,0,0,0,0
2017-08-19,4,MEATS,0,0,0,0,0
2017-08-19,4,PERSONAL CARE,11,0,0,0,0
2017-08-19,4,PET SUPPLIES,0,0,0,0,0
2017-08-19,4,PLAYERS AND ELECTRONICS,0,0,0,0,0
2017-08-19,4,POULTRY,0,0,0,0,0
2017-08-19,4,PREPARED FOODS,0,0,0,0,0
2017-08-19,4,PRODUCE,6,0,0,0,0
2017-08-19,4,SCHOOL AND OFFICE SUPPLIES,0,0,0,0,0
2017-08-19,4,SEAFOOD,0,0,0,0,0
2017-08-19,5,AUTOMOTIVE,0,0,0,0,0
2017-08-19,5,BABY CARE,0,0,0,0,0
2017-08-19,5,BEAUTY,2,0,0,0,0
2017-08-19,5,BEVERAGES,18,0,0,0,0
2017-08-19,5,BOOKS,0,0,0,0,0
2017-08-19,5,BREAD/BAKERY,9,0,0,0,0
2017-08-19,5,CELEBRATION,0,0,0,0,0
2017-08-19,5,CLEANING,11,0,0,0,0
2017-08-19,5,DAIRY,16,0,0,0,0
2017-08-19,5,DELI,8,0,0,0,0
2017-08-19,5,EGGS,0,0,0,0,0
2017-08-19,5,FROZEN FOODS,0,0,0,0,0
2017-08-19,5,GROCERY I,34,0,0,0,0
2017-08-19,5,GROCERY II,0,0,0,0,0
2017-08-19,5,HARDWARE,0,0,0,0,0
2017-08-19,5,HOME AND KITCHEN I,1,0,0,0,0
2017-08-19,5,HOME AND KITCHEN II,2,0,0,0,0
2017-08-19,5,HOME APPLIANCES,0,0,0,0,0
2017-08-19,5,HOME CARE,6,0,0,0,0
2017-08-19,5,LADIESWEAR,0,0,0,0,0
2017-08-19,5,LAWN AND GARDEN,0,0,0,0,0
2017-08-19,5,LINGERIE,0,0,0,0,0
2017-08-19,5,"LIQUOR,WINE,BEER",5,0,0,0,0
2017-08-19,5,MAGAZINES,0,0,0,0,0
2017-08-19,5,MEATS,0,0,0,0,0
2017-08-19,5,PERSONAL CARE,13,0,0,0,0
2017-08-19,5,PET SUPPLIES,0,0,0,0,0
2017-08-19,5,PLAYERS AND ELECTRONICS,0,0,0,0,0
2017-08-19,5,POULTRY,0,0,0,0,0
2017-08-19,5,PREPARED FOODS,0,0,0,0,0
2017-08-19,5,PRODUCE,4,0,0,0,0
2017-08-19,5,SCHOOL AND OFFICE SUPPLIES,0,0,0,0,0
2017-08-19,5,SEAFOOD,0,0,0,0,0
2017-08-19,6,AUTOMOTIVE,0,0,0,0,0
2017-08-19,6,BABY CARE,0,0,0,0,0
2017-08-19,6,BEAUTY,1,0,0,0,0
2017-08-19,6,BEVERAGES,15,0,0,0,0
2017-08-19,6,BOOKS,0,0,0,0,0
2017-08-19,6,BREAD/BAKERY,9,0,0,0,0
2017-08-19,6,CELEBRATION,0,0,0,0,0
2017-08-19,6,CLEANING,12,0,0,0,0
2017-08-19,6,DAIRY,22,0,0,0,0
2017-08-19,6,DELI,9,0,0,0,0
2017-08-19,6,EGGS,0,0,0,0,0
2017-08-19,6,FROZEN FOODS,0,0,0,0,0
2017-08-19,6,GROCERY I,38,0,0,0,0
2017-08-19,6,GROCERY II,0,0,0,0,0
2017-08-19,6,HARDWARE,0,0,0,0,0
2017-08-19,6,HOME AND KITCHEN I,1,0,0,0,0
2017-08-19,6,HOME AND KITCHEN II,2,0,0,0,0
2017-08-19,6,HOME APPLIANCES,0,0,0,0,0
2017-08-19,6,HOME CARE,8,0,0,0,0
2017-08-19,6,LADIESWEAR,0,0,0,0,0
2017-08-19,6,LAWN AND GARDEN,0,0,0,0,0
2017-08-19,6,LINGERIE,4,0,0,0,0
2017-08-19,6,"LIQUOR,WINE,BEER",6,0,0,0,0
2017-08-19,6,MAGAZINES,0,0,0,0,0
2017-08-19,6,MEATS,0,0,0,0,0
2017-08-19,6,PERSONAL CARE,13,0,0,0,0
2017-08-19,6,PET SUPPLIES,0,0,0,0,0
2017-08-19,6,PLAYERS AND ELECTRONICS,0,0,0,0,0
2017-08-19,6,POULTRY,0,0,0,0,0
2017-08-19,6,PREPARED FOODS,0,0,0,0,0
2017-08-19,6,PRODUCE,4,0,0,0,0
2017-08-19,6,SCHOOL AND OFFICE SUPPLIES,0,0,0,0,0
2017-08-19,6,SEAFOOD,0,0,0,0,0
2017-08-19,7,AUTOMOTIVE,0,0,0,0,0
2017-08-19,7,BABY CARE,0,0,0,0,0
2017-08-19,7,BEAUTY,1,0,0,0,0
2017-08-19,7,BEVERAGES,19,0,0,0,0
2017-08-19,7,BOOKS,0,0,0,0,0
2017-08-19,7,BREAD/BAKERY,11,0,0,0,0
2017-08-19,7,CELEBRATION,0,0,0,0,0
2017-08-19,7,CLEANING,11,0,0,0,0
2017-08-19,7,DAIRY,18,0,0,0,0
2017-08-19,7,DELI,10,0,0,0,0
2017-08-19,7,EGGS,0,0,0,0,0
2017-08-19,7,FROZEN FOODS,0,0,0,0,0
2017-08-19,7,GROCERY I,30,0,0,0,0
2017-08-19,7,GROCERY II,0,0,0,0,0
2017-08-19,7,HARDWARE,0,0,0,0,0
2017-08-19,7,HOME AND KITCHEN I,1,0,0,0,0
2017-08-19,7,HOME AND KITCHEN II,3,0,0,0,0
2017-08-19,7,HOME APPLIANCES,0,0,0,0,0
2017-08-19,7,HOME CARE,5,0,0,0,0
2017-08-19,7,LADIESWEAR,0,0,0,0,0
2017-08-19,7,LAWN AND GARDEN,0,0,0,0,0
2017-08-19,7,LINGERIE,1,0,0,0,0
2017-08-19,7,"LIQUOR,WINE,BEER",9,0,0,0,0
2017-08-19,7,MAGAZINES,0,0,0,0,0
2017-08-19,7,MEATS,0,0,0,0,0
2017-08-19,7,PERSONAL CARE,8,0,0,0,0
2017-08-19,7,PET SUPPLIES,0,0,0,0,0
2017-08-19,7,PLAYERS AND ELECTRONICS,1,0,0,0,0
2017-08-19,7,POULTRY,0,0,0,0,0
2017-08-19,7,PREPARED FOODS,0,0,0,0,0
2017-08-19,7,PRODUCE,3,0,0,0,0
2017-08-19,7,SCHOOL AND OFFICE SUPPLIES,0,0,0,0,0
2017-08-19,7,SEAFOOD,0,0,0,0,0
2017-08-19,8,AUTOMOTIVE,0,0,0,0,0
2017-08-19,8,BABY CARE,0,0,0,0,0
2017-08-19,8,BEAUTY,1,0,0,0,0
2017-08-19,8,BEVERAGES,17,0,0,0,0
2017-08-19,8,BOOKS,0,0,0,0,0
2017-08-19,8,BREAD/BAKERY,11,0,0,0,0
2017-08-19,8,CELEBRATION,0,0,0,0,0
2017-08-19,8,CLEANING,11,0,0,0,0
2017-08-19,8,DAIRY,22,0,0,0,0
2017-08-19,8,DELI,10,0,0,0,0
2017-08-19,8,EGGS,0,0,0,0,0
2017-08-19,8,FROZEN FOODS,0,0,0,0,0
2017-08-19,8,GROCERY I,40,0,0,0,0
2017-08-19,8,GROCERY II,0,0,0,0,0
2017-08-19,8,HARDWARE,0,0,0,0,0
2017-08-19,8,HOME AND KITCHEN I,1,0,0,0,0
2017-08-19,8,HOME AND KITCHEN II,3,0,0,0,0
2017-08-19,8,HOME APPLIANCES,0,0,0,0,0
2017-08-19,8,HOME CARE,8,0,0,0,0
2017-08-19,8,LADIESWEAR,0,0,0,0,0
2017-08-19,8,LAWN AND GARDEN,0,0,0,0,0
2017-08-19,8,LINGERIE,1,0,0,0,0
2017-08-19,8,"LIQUOR,WINE,BEER",8,0,0,0,0
2017-08-19,8,MAGAZINES,0,0,0,0,0
2017-08-19,8,MEATS,0,0,0,0,0
2017-08-19,8,PERSONAL CARE,13,0,0,0,0
2017-08-19,8,PET SUPPLIES,0,0,0,0,0
2017-08-19,8,PLAYERS AND ELECTRONICS,0,0,0,0,0
2017-08-19,8,POULTRY,0,0,0,0,0
2017-08-19,8,PREPARED FOODS,0,0,0,0,0
2017-08-19,8,PRODUCE,6,0,0,0,0
2017-08-19,8,SCHOOL AND OFFICE SUPPLIES,0,0,0,0,0
2017-08-19,8,SEAFOOD,0,0,0,0,0
2017-08-19,9,AUTOMOTIVE,0,0,0,0,0
2017-08-19,9,BABY CARE,0,0,0,0,0
2017-08-19,9,BEAUTY,1,0,0,0,0
2017-08-19,9,BEVERAGES,27,0,0,0,0
2017-08-19,9,BOOKS,0,0,0,0,0
2017-08-19,9,BREAD/BAKERY,8,0,0,0,0
2017-08-19,9,CELEBRATION,0,0,0,0,0
2017-08-19,9,CLEANING,25,0,0,0,0
2017-08-19,9,DAIRY,20,0,0,0,0
2017-08-19,9,DELI,10,0,0,0,0
2017-08-19,9,EGGS,1,0,0,0,0
2017-08-19,9,FROZEN FOODS,14,0,0,0,0
2017-08-19,9,GROCERY I,69,0,0,0,0
2017-08-19,9,GROCERY II,0,0,0,0,0
2017-08-19,9,HARDWARE,0,0,0,0,0
2017-08-19,9,HOME AND KITCHEN I,1,0,0,0,0
2017-08-19,9,HOME AND KITCHEN II,2,0,0,0,0
2017-08-19,9,HOME APPLIANCES,0,0,0,0,0
2017-08-19,9,HOME CARE,13,0,0,0,0
2017-08-19,9,LADIESWEAR,0,0,0,0,0
2017-08-19,9,LAWN AND GARDEN,0,0,0,0,0
2017-08-19,9,LINGERIE,1,0,0,0,0
2017-08-19,9,"LIQUOR,WINE,BEER",6,0,0,0,0
2017-08-19,9,MAGAZINES,0,0,0,0,0
2017-08-19,9,MEATS,1,0,0,0,0
2017-08-19,9,PERSONAL CARE,11,0,0,0,0
2017-08-19,9,PET SUPPLIES,0,0,0,0,0
2017-08-19,9,PLAYERS AND ELECTRONICS,0,0,0,0,0
2017-08-19,9,POULTRY,0,0,0,0,0
2017-08-19,9,PREPARED FOODS,0,0,0,0,0
2017-08-19,9,PRODUCE,1,0,0,0,0
2017-08-19,9,SCHOOL AND OFFICE SUPPLIES,6,0,0,0,0
2017-08-19,9,SEAFOOD,2,0,0,0,0
2017-08-19,10,AUTOMOTIVE,0,0,0,0,0
2017-08-19,10,BABY CARE,0,0,0,0,0
2017-08-19,10,BEAUTY,0,0,0,0,0
2017-08-19,10,BEVERAGES,21,0,0,0,0
2017-08-19,10,BOOKS,0,0,0,0,0
2017-08-19,10,BREAD/BAKERY,4,0,0,0,0
2017-08-19,10,CELEBRATION,0,0,0,0,0
2017-08-19,10,CLEANING,18,0,0,0,0
2017-08-19,10,DAIRY,7,0,0,0,0
2017-08-19,10,DELI,3,0,0,0,0
2017-08-19,10,EGGS,1,0,0,0,0
2017-08-19,10,FROZEN FOODS,10,0,0,0,0
2017-08-19,10,GROCERY I,51,0,0,0,0
2017-08-19,10,GROCERY II,0,0,0,0,0
2017-08-19,10,HARDWARE,0,0,0,0,0
2017-08-19,10,HOME AND KITCHEN I,1,0,0,0,0
2017-08-19,10,HOME AND KITCHEN II,1,0,0,0,0
2017-08-19,10,HOME APPLIANCES,0,0,0,0,0
2017-08-19,10,HOME CARE,9,0,0,0,0
2017-08-19,10,LADIESWEAR,0,0,0,0,0
2017-08-19,10,LAWN AND GARDEN,0,0,0,0,0
2017-08-19,10,LINGERIE,0,0,0,0,0
2017-08-19,10,"LIQUOR,WINE,BEER",1,0,0,0,0
2017-08-19,10,MAGAZINES,0,0,0,0,0
2017-08-19,10,MEATS,0,0,0,0,0
2017-08-19,10,PERSONAL CARE,10,0,0,0,0
2017-08-19,10,PET SUPPLIES,0,0,0,0,0
2017-08-19,10,PLAYERS AND ELECTRONICS,0,0,0,0,0
2017-08-19,10,POULTRY,0,0,0,0,0
2017-08-19,10,PREPARED FOODS,0,0,0,0,0
2017-08-19,10,PRODUCE,1,0,0,0,0
2017-08-19,10,SCHOOL AND OFFICE SUPPLIES,3,0,0,0,0
2017-08-19,10,SEAFOOD,0,0,0,0,0
2017-08-19,11,AUTOMOTIVE,0,0,0,0,0
2017-08-19,11,BABY CARE,0,0,0,0,0
2017-08-19,11,BEAUTY,1,0,0,0,0
2017-08-19,11,BEVERAGES,29,0,0,0,0
2017-08-19,11,BOOKS,0,0,0,0,0
2017-08-19,11,BREAD/BAKERY,7,0,0,0,0
2017-08-19,11,CELEBRATION,0,0,0,0,0
2017-08-19,11,CLEANING,25,0,0,0,0
2017-08-19,11,DAIRY,19,0,0,0,0
2017-08-19,11,DELI,10,0,0,0,0
2017-08-19,11,EGGS,1,0,0,0,0
2017-08-19,11,FROZEN FOODS,16,0,0,0,0
2017-08-19,11,GROCERY I,64,0,0,0,0
2017-08-19,11,GROCERY II,0,0,0,0,0
2017-08-19,11,HARDWARE,0,0,0,0,0
2017-08-19,11,HOME AND KITCHEN I,1,0,0,0,0
2017-08-19,11,HOME AND KITCHEN II,1,0,0,0,0
2017-08-19,11,HOME APPLIANCES,0,0,0,0,0
2017-08-19,11,HOME CARE,9,0,0,0,0
2017-08-19,11,LADIESWEAR,0,0,0,0,0
2017-08-19,11,LAWN AND GARDEN,0,0,0,0,0
2017-08-19,11,LINGERIE,0,0,0,0,0
2017-08-19,11,"LIQUOR,WINE,BEER",3,0,0,0,0
2017-08-19,11,MAGAZINES,0,0,0,0,0
2017-08-19,11,MEATS,0,0,0,0,0
2017-08-19,11,PERSONAL CARE,12,0,0,0,0
2017-08-19,11,PET SUPPLIES,0,0,0,0,0
2017-08-19,11,PLAYERS AND ELECTRONICS,0,0,0,0,0
2017-08-19,11,POULTRY,0,0,0,0,0
2017-08-19,11,PREPARED FOODS,0,0,0,0,0
2017-08-19,11,PRODUCE,1,0,0,0,0
2017-08-19,11,SCHOOL AND OFFICE SUPPLIES,6,0,0,0,0
2017-08-19,11,SEAFOOD,3,0,0,0,0
2017-08-19,12,AUTOMOTIVE,0,0,0,0,0
2017-08-19,12,BABY CARE,0,0,0,0,0
2017-08-19,12,BEAUTY,0,0,0,0,0
2017-08-19,12,BEVERAGES,16,0,0,0,0
2017-08-19,12,BOOKS,0,0,0,0,0
2017-08-19,12,BREAD/BAKERY,8,0,0,0,0
2017-08-19,12,CELEBRATION,0,0,0,0,0
2017-08-19,12,CLEANING,15,0,0,0,0
2017-08-19,12,DAIRY,12,0,0,0,0
2017-08-19,12,DELI,7,0,0,0,0
2017-08-19,12,EGGS,1,0,0,0,0
2017-08-19,12,FROZEN FOODS,15,0,0,0,0
2017-08-19,12,GROCERY I,55,0,0,0,0
2017-08-19,12,GROCERY II,0,0,0,0,0
2017-08-19,12,HARDWARE,0,0,0,0,0
2017-08-19,12,HOME AND KITCHEN I,1,0,0,0,0
2017-08-19,12,HOME AND KITCHEN II,1,0,0,0,0
2017-08-19,12,HOME APPLIANCES,0,0,0,0,0
2017-08-19,12,HOME CARE,8,0,0,0,0
2017-08-19,12,LADIESWEAR,0,0,0,0,0
2017-08-19,12,LAWN AND GARDEN,0,0,0,0,0
2017-08-19,12,LINGERIE,3,0,0,0,0
2017-08-19,12,"LIQUOR,WINE,BEER",3,0,0,0,0
2017-08-19,12,MAGAZINES,0,0,0,0,0
2017-08-19,12,MEATS,0,0,0,0,0
2017-08-19,12,PERSONAL CARE,8,0,0,0,0
2017-08-19,12,PET SUPPLIES,0,0,0,0,0
2017-08-19,12,PLAYERS AND ELECTRONICS,0,0,0,0,0
2017-08-19,12,POULTRY,0,0,0,0,0
2017-08-19,12,PREPARED FOODS,0,0,0,0,0
2017-08-19,12,PRODUCE,1,0,0,0,0
2017-08-19,12,SCHOOL AND OFFICE SUPPLIES,2,0,0,0,0
2017-08-19,12,SEAFOOD,1,0,0,0,0
2017-08-19,13,AUTOMOTIVE,0,0,0,0,0
2017-08-19,13,BABY CARE,0,0,0,0,0
2017-08-19,13,BEAUTY,1,0,0,0,0
2017-08-19,13,BEVERAGES,16,0,0,0,0
2017-08-19,13,BOOKS,0,0,0,0,0
2017-08-19,13,BREAD/BAKERY,7,0,0,0,0
2017-08-19,13,CELEBRATION,0,0,0,0,0
2017-08-19,13,CLEANING,18,0,0,0,0
2017-08-19,13,DAIRY,9,0,0,0,0
2017-08-19,13,DELI,3,0,0,0,0
2017-08-19,13,EGGS,1,0,0,0,0
2017-08-19,13,FROZEN FOODS,9,0,0,0,0
2017-08-19,13,GROCERY I,53,0,0,0,0
2017-08-19,13,GROCERY II,0,0,0,0,0
2017-08-19,13,HARDWARE,0,0,0,0,0
2017-08-19,13,HOME AND KITCHEN I,0,0,0,0,0
2017-08-19,13,HOME AND KITCHEN II,1,0,0,0,0
2017-08-19,13,HOME APPLIANCES,0,0,0,0,0
2017-08-19,13,HOME CARE,9,0,0,0,0
2017-08-19,13,LADIESWEAR,0,0,0,0,0
2017-08-19,13,LAWN AND GARDEN,0,0,0,0,0
2017-08-19,13,LINGERIE,0,0,0,0,0
2017-08-19,13,"LIQUOR,WINE,BEER",2,0,0,0,0
2017-08-19,13,MAGAZINES,0,0,0,0,0
2017-08-19,13,MEATS,0,0,0,0,0
2017-08-19,13,PERSONAL CARE,8,0,0,0,0
2017-08-19,13,PET SUPPLIES,0,0,0,0,0
2017-08-19,13,PLAYERS AND ELECTRONICS,0,0,0,0,0
2017-08-19,13,POULTRY,0,0,0,0,0
2017-08-19,13,PREPARED FOODS,0,0,0,0,0
2017-08-19,13,PRODUCE,1,0,0,0,0
2017-08-19,13,SCHOOL AND OFFICE SUPPLIES,3,0,0,0,0
2017-08-19,13,SEAFOOD,1,0,0,0,0
2017-08-19,14,AUTOMOTIVE,0,0,0,0,0
2017-08-19,14,BABY CARE,0,0,0,0,0
2017-08-19,14,BEAUTY,1,0,0,0,0
2017-08-19,14,BEVERAGES,24,0,0,0,0
2017-08-19,14,BOOKS,0,0,0,0,0
2017-08-19,14,BREAD/BAKERY,6,0,0,0,0
2017-08-19,14,CELEBRATION,0,0,0,0,0
2017-08-19,14,CLEANING,21,0,0,0,0
2017-08-19,14,DAIRY,9,0,0,0,0
2017-08-19,14,DELI,4,0,0,0,0
2017-08-19,14,EGGS,1,0,0,0,0
2017-08-19,14,FROZEN FOODS,13,0,0,0,0
2017-08-19,14,GROCERY I,51,0,0,0,0
2017-08-19,14,GROCERY II,0,0,0,0,0
2017-08-19,14,HARDWARE,0,0,0,0,0
2017-08-19,14,HOME AND KITCHEN I,0,0,0,0,0
2017-08-19,14,HOME AND KITCHEN II,0,0,0,0,0
2017-08-19,14,HOME APPLIANCES,0,0,0,0,0
2017-08-19,14,HOME CARE,9,0,0,0,0
2017-08-19,14,LADIESWEAR,0,0,0,0,0
2017-08-19,14,LAWN AND GARDEN,0,0,0,0,0
2017-08-19,14,LINGERIE,0,0,0,0,0
2017-08-19,14,"LIQUOR,WINE,BEER",0,0,0,0,0
2017-08-19,14,MAGAZINES,0,0,0,0,0
2017-08-19,14,MEATS,0,0,0,0,0
2017-08-19,14,PERSONAL CARE,11,0,0,0,0
2017-08-19,14,PET SUPPLIES,0,0,0,0,0
2017-08-19,14,PLAYERS AND ELECTRONICS,0,0,0,0,0
2017-08-19,14,POULTRY,0,0,0,0,0
2017-08-19,14,PREPARED FOODS,0,0,0,0,0
2017-08-19,14,PRODUCE,1,0,0,0,0
2017-08-19,14,SCHOOL AND OFFICE SUPPLIES,2,0,0,0,0
2017-08-19,14,SEAFOOD,2,0,0,0,0
2017-08-19,15,AUTOMOTIVE,0,0,0,0,0
2017-08-19,15,BABY CARE,1,0,0,0,0
2017-08-19,15,BEAUTY,0,0,0,0,0
2017-08-19,15,BEVERAGES,17,0,0,0,0
2017-08-19,15,BOOKS,0,0,0,0,0
2017-08-19,15,BREAD/BAKERY,5,0,0,0,0
2017-08-19,15,CELEBRATION,0,0,0,0,0
2017-08-19,15,CLEANING,21,0,0,0,0
2017-08-19,15,DAIRY,10,0,0,0,0
2017-08-19,15,DELI,5,0,0,0,0
2017-08-19,15,EGGS,1,0,0,0,0
2017-08-19,15,FROZEN FOODS,13,0,0,0,0
2017-08-19,15,GROCERY I,61,0,0,0,0
2017-08-19,15,GROCERY II,0,0,0,0,0
2017-08-19,15,HARDWARE,0,0,0,0,0
2017-08-19,15,HOME AND KITCHEN I,1,0,0,0,0
2017-08-19,15,HOME AND KITCHEN II,1,0,0,0,0
2017-08-19,15,HOME APPLIANCES,0,0,0,0,0
2017-08-19,15,HOME CARE,9,0,0,0,0
2017-08-19,15,LADIESWEAR,0,0,0,0,0
2017-08-19,15,LAWN AND GARDEN,0,0,0,0,0
2017-08-19,15,LINGERIE,1,0,0,0,0
2017-08-19,15,"LIQUOR,WINE,BEER",2,0,0,0,0
2017-08-19,15,MAGAZINES,0,0,0,0,0
2017-08-19,15,MEATS,0,0,0,0,0
2017-08-19,15,PERSONAL CARE,10,0,0,0,0
2017-08-19,15,PET SUPPLIES,0,0,0,0,0
2017-08-19,15,PLAYERS AND ELECTRONICS,0,0,0,0,0
2017-08-19,15,POULTRY,0,0,0,0,0
2017-08-19,15,PREPARED FOODS,0,0,0,0,0
2017-08-19,15,PRODUCE,2,0,0,0,0
2017-08-19,15,SCHOOL AND OFFICE SUPPLIES,3,0,0,0,0
2017-08-19,15,SEAFOOD,1,0,0,0,0
2017-08-19,16,AUTOMOTIVE,0,0,0,0,0
2017-08-19,16,BABY CARE,0,0,0,0,0
2017-08-19,16,BEAUTY,0,0,0,0,0
2017-08-19,16,BEVERAGES,22,0,0,0,0
2017-08-19,16,BOOKS,0,0,0,0,0
2017-08-19,16,BREAD/BAKERY,7,0,0,0,0
2017-08-19,16,CELEBRATION,0,0,0,0,0
2017-08-19,16,CLEANING,22,0,0,0,0
2017-08-19,16,DAIRY,7,0,0,0,0
2017-08-19,16,DELI,5,0,0,0,0
2017-08-19,16,EGGS,1,0,0,0,0
2017-08-19,16,FROZEN FOODS,9,0,0,0,0
2017-08-19,16,GROCERY I,49,0,0,0,0
2017-08-19,16,GROCERY II,0,0,0,0,0
2017-08-19,16,HARDWARE,0,0,0,0,0
2017-08-19,16,HOME AND KITCHEN I,0,0,0,0,0
2017-08-19,16,HOME AND KITCHEN II,0,0,0,0,0
2017-08-19,16,HOME APPLIANCES,0,0,0,0,0
2017-08-19,16,HOME CARE,8,0,0,0,0
2017-08-19,16,LADIESWEAR,0,0,0,0,0
2017-08-19,16,LAWN AND GARDEN,0,0,0,0,0
2017-08-19,16,LINGERIE,0,0,0,0,0
2017-08-19,16,"LIQUOR,WINE,BEER",2,0,0,0,0
2017-08-19,16,MAGAZINES,0,0,0,0,0
2017-08-19,16,MEATS,0,0,0,0,0
2017-08-19,16,PERSONAL CARE,6,0,0,0,0
2017-08-19,16,PET SUPPLIES,0,0,0,0,0
2017-08-19,16,PLAYERS AND ELECTRONICS,0,0,0,0,0
2017-08-19,16,POULTRY,0,0,0,0,0
2017-08-19,16,PREPARED FOODS,0,0,0,0,0
2017-08-19,16,PRODUCE,0,0,0,0,0
2017-08-19,16,SCHOOL AND OFFICE SUPPLIES,0,0,0,0,0
2017-08-19,16,SEAFOOD,0,0,0,0,0
2017-08-19,17,AUTOMOTIVE,0,0,0,0,0
2017-08-19,17,BABY CARE,0,0,0,0,0
2017-08-19,17,BEAUTY,1,0,0,0,0
2017-08-19,17,BEVERAGES,16,0,0,0,0
2017-08-19,17,BOOKS,0,0,0,0,0
2017-08-19,17,BREAD/BAKERY,9,0,0,0,0
2017-08-19,17,CELEBRATION,0,0,0,0,0
2017-08-19,17,CLEANING,16,0,0,0,0
2017-08-19,17,DAIRY,18,0,0,0,0
2017-08-19,17,DELI,8,0,0,0,0
2017-08-19,17,EGGS,1,0,0,0,0
2017-08-19,17,FROZEN FOODS,22,0,0,0,0
2017-08-19,17,GROCERY I,55,0,0,0,0
2017-08-19,17,GROCERY II,0,0,0,0,0
2017-08-19,17,HARDWARE,0,0,0,0,0
2017-08-19,17,HOME AND KITCHEN I,1,0,0,0,0
2017-08-19,17,HOME AND KITCHEN II,1,0,0,0,0
2017-08-19,17,HOME APPLIANCES,0,0,0,0,0
2017-08-19,17,HOME CARE,9,0,0,0,0
2017-08-19,17,LADIESWEAR,0,0,0,0,0
2017-08-19,17,LAWN AND GARDEN,0,0,0,0,0
2017-08-19,17,LINGERIE,3,0,0,0,0
2017-08-19,17,"LIQUOR,WINE,BEER",2,0,0,0,0
2017-08-19,17,MAGAZINES,0,0,0,0,0
2017-08-19,17,MEATS,0,0,0,0,0
2017-08-19,17,PERSONAL CARE,11,0,0,0,0
2017-08-19,17,PET SUPPLIES,0,0,0,0,0
2017-08-19,17,PLAYERS AND ELECTRONICS,0,0,0,0,0
2017-08-19,17,POULTRY,1,0,0,0,0
2017-08-19,17,PREPARED FOODS,0,0,0,0,0
2017-08-19,17,PRODUCE,0,0,0,0,0
2017-08-19,17,SCHOOL AND OFFICE SUPPLIES,6,0,0,0,0
2017-08-19,17,SEAFOOD,1,0,0,0,0
2017-08-19,18,AUTOMOTIVE,0,0,0,0,0
2017-08-19,18,BABY CARE,0,0,0,0,0
2017-08-19,18,BEAUTY,2,0,0,0,0
2017-08-19,18,BEVERAGES,28,0,0,0,0
2017-08-19,18,BOOKS,0,0,0,0,0
2017-08-19,18,BREAD/BAKERY,10,0,0,0,0
2017-08-19,18,CELEBRATION,0,0,0,0,0
2017-08-19,18,CLEANING,23,0,0,0,0
2017-08-19,18,DAIRY,21,0,0,0,0
2017-08-19,18,DELI,9,0,0,0,0
2017-08-19,18,EGGS,1,0,0,0,0
2017-08-19,18,FROZEN FOODS,19,0,0,0,0
2017-08-19,18,GROCERY I,61,0,0,0,0
2017-08-19,18,GROCERY II,0,0,0,0,0
2017-08-19,18,HARDWARE,0,0,0,0,0
2017-08-19,18,HOME AND KITCHEN I,0,0,0,0,0
2017-08-19,18,HOME AND KITCHEN II,1,0,0,0,0
2017-08-19,18,HOME APPLIANCES,0,0,0,0,0
2017-08-19,18,HOME CARE,12,0,0,0,0
2017-08-19,18,LADIESWEAR,0,0,0,0,0
2017-08-19,18,LAWN AND GARDEN,0,0,0,0,0
2017-08-19,18,LINGERIE,3,0,0,0,0
2017-08-19,18,"LIQUOR,WINE,BEER",3,0,0,0,0
2017-08-19,18,MAGAZINES,0,0,0,0,0
2017-08-19,18,MEATS,0,0,0,0,0
2017-08-19,18,PERSONAL CARE,12,0,0,0,0
2017-08-19,18,PET SUPPLIES,0,0,0,0,0
2017-08-19,18,PLAYERS AND ELECTRONICS,0,0,0,0,0
2017-08-19,18,POULTRY,1,0,0,0,0
2017-08-19,18,PREPARED FOODS,0,0,0,0,0
2017-08-19,18,PRODUCE,1,0,0,0,0
2017-08-19,18,SCHOOL AND OFFICE SUPPLIES,10,0,0,0,0
2017-08-19,18,SEAFOOD,4,0,0,0,0
2017-08-19,19,AUTOMOTIVE,0,0,0,0,0
2017-08-19,19,BABY CARE,0,0,0,0,0
2017-08-19,19,BEAUTY,1,0,0,0,0
2017-08-19,19,BEVERAGES,22,0,0,0,0
2017-08-19,19,BOOKS,0,0,0,0,0
2017-08-19,19,BREAD/BAKERY,7,0,0,0,0
2017-08-19,19,CELEBRATION,0,0,0,0,0
2017-08-19,19,CLEANING,19,0,0,0,0
2017-08-19,19,DAIRY,11,0,0,0,0
2017-08-19,19,DELI,7,0,0,0,0
2017-08-19,19,EGGS,1,0,0,0,0
2017-08-19,19,FROZEN FOODS,13,0,0,0,0
2017-08-19,19,GROCERY I,62,0,0,0,0
2017-08-19,19,GROCERY II,0,0,0,0,0
2017-08-19,19,HARDWARE,0,0,0,0,0
2017-08-19,19,HOME AND KITCHEN I,1,0,0,0,0
2017-08-19,19,HOME AND KITCHEN II,1,0,0,0,0
2017-08-19,19,HOME APPLIANCES,0,0,0,0,0
2017-08-19,19,HOME CARE,5,0,0,0,0
2017-08-19,19,LADIESWEAR,0,0,0,0,0
2017-08-19,19,LAWN AND GARDEN,0,0,0,0,0
2017-08-19,19,LINGERIE,0,0,0,0,0
2017-08-19,19,"LIQUOR,WINE,BEER",2,0,0,0,0
2017-08-19,19,MAGAZINES,0,0,0,0,0
2017-08-19,19,MEATS,0,0,0,0,0
2017-08-19,19,PERSONAL CARE,12,0,0,0,0
2017-08-19,19,PET SUPPLIES,0,0,0,0,0
2017-08-19,19,PLAYERS AND ELECTRONICS,0,0,0,0,0
2017-08-19,19,POULTRY,0,0,0,0,0
2017-08-19,19,PREPARED FOODS,0,0,0,0,0
2017-08-19,19,PRODUCE,1,0,0,0,0
2017-08-19,19,SCHOOL AND OFFICE SUPPLIES,5,0,0,0,0
2017-08-19,19,SEAFOOD,1,0,0,0,0
2017-08-19,20,AUTOMOTIVE,0,0,0,0,0
2017-08-19,20,BABY CARE,0,0,0,0,0
2017-08-19,20,BEAUTY,1,0,0,0,0
2017-08-19,20,BEVERAGES,27,0,0,0,0
2017-08-19,20,BOOKS,0,0,0,0,0
2017-08-19,20,BREAD/BAKERY,10,0,0,0,0
2017-08-19,20,CELEBRATION,0,0,0,0,0
2017-08-19,20,CLEANING,24,0,0,0,0
2017-08-19,20,DAIRY,21,0,0,0,0
2017-08-19,20,DELI,9,0,0,0,0
2017-08-19,20,EGGS,1,0,0,0,0
2017-08-19,20,FROZEN FOODS,18,0,0,0,0
2017-08-19,20,GROCERY I,68,0,0,0,0
2017-08-19,20,GROCERY II,0,0,0,0,0
2017-08-19,20,HARDWARE,0,0,0,0,0
2017-08-19,20,HOME AND KITCHEN I,1,0,0,0,0
2017-08-19,20,HOME AND KITCHEN II,0,0,0,0,0
2017-08-19,20,HOME APPLIANCES,0,0,0,0,0
2017-08-19,20,HOME CARE,13,0,0,0,0
2017-08-19,20,LADIESWEAR,0,0,0,0,0
2017-08-19,20,LAWN AND GARDEN,0,0,0,0,0
2017-08-19,20,LINGERIE,0,0,0,0,0
2017-08-19,20,"LIQUOR,WINE,BEER",4,0,0,0,0
2017-08-19,20,MAGAZINES,0,0,0,0,0
2017-08-19,20,MEATS,0,0,0,0,0
2017-08-19,20,PERSONAL CARE,10,0,0,0,0
2017-08-19,20,PET SUPPLIES,0,0,0,0,0
2017-08-19,20,PLAYERS AND ELECTRONICS,0,0,0,0,0
2017-08-19,20,POULTRY,1,0,0,0,0
2017-08-19,20,PREPARED FOODS,0,0,0,0,0
2017-08-19,20,PRODUCE,1,0,0,0,0
2017-08-19,20,SCHOOL AND OFFICE SUPPLIES,7,0,0,0,0
2017-08-19,20,SEAFOOD,4,0,0,0,0
2017-08-19,21,AUTOMOTIVE,0,0,0,0,0
2017-08-19,21,BABY CARE,0,0,0,0,0
2017-08-19,21,BEAUTY,1,0,0,0,0
2017-08-19,21,BEVERAGES,27,0,0,0,0
2017-08-19,21,BOOKS,0,0,0,0,0
2017-08-19,21,BREAD/BAKERY,9,0,0,0,0
2017-08-19,21,CELEBRATION,0,0,0,0,0
2017-08-19,21,CLEANING,26,0,0,0,0
2017-08-19,21,DAIRY,15,0,0,0,0
2017-08-19,21,DELI,9,0,0,0,0
2017-08-19,21,EGGS,1,0,0,0,0
2017-08-19,21,FROZEN FOODS,17,0,0,0,0
2017-08-19,21,GROCERY I,64,0,0,0,0
2017-08-19,21,GROCERY II,0,0,0,0,0
2017-08-19,21,HARDWARE,0,0,0,0,0
2017-08-19,21,HOME AND KITCHEN I,1,0,0,0,0
2017-08-19,21,HOME AND KITCHEN II,2,0,0,0,0
2017-08-19,21,HOME APPLIANCES,0,0,0,0,0
2017-08-19,21,HOME CARE,12,0,0,0,0
2017-08-19,21,LADIESWEAR,0,0,0,0,0
2017-08-19,21,LAWN AND GARDEN,0,0,0,0,0
2017-08-19,21,LINGERIE,0,0,0,0,0
2017-08-19,21,"LIQUOR,WINE,BEER",5,0,0,0,0
2017-08-19,21,MAGAZINES,0,0,0,0,0
2017-08-19,21,MEATS,0,0,0,0,0
2017-08-19,21,PERSONAL CARE,11,0,0,0,0
2017-08-19,21,PET SUPPLIES,0,0,0,0,0
2017-08-19,21,PLAYERS AND ELECTRONICS,0,0,0,0,0
2017-08-19,21,POULTRY,0,0,0,0,0
2017-08-19,21,PREPARED FOODS,0,0,0,0,0
2017-08-19,21,PRODUCE,1,0,0,0,0
2017-08-19,21,SCHOOL AND OFFICE SUPPLIES,0,0,0,0,0
2017-08-19,21,SEAFOOD,2,0,0,0,0
2017-08-19,22,AUTOMOTIVE,0,0,0,0,0
2017-08-19,22,BABY CARE,0,0,0,0,0
2017-08-19,22,BEAUTY,0,0,0,0,0
2017-08-19,22,BEVERAGES,19,0,0,0,0
2017-08-19,22,BOOKS,0,0,0,0,0
2017-08-19,22,BREAD/BAKERY,7,0,0,0,0
2017-08-19,22,CELEBRATION,0,0,0,0,0
2017-08-19,22,CLEANING,19,0,0,0,0
2017-08-19,22,DAIRY,10,0,0,0,0
2017-08-19,22,DELI,7,0,0,0,0
2017-08-19,22,EGGS,1,0,0,0,0
2017-08-19,22,FROZEN FOODS,14,0,0,0,0
2017-08-19,22,GROCERY I,58,0,0,0,0
2017-08-19,22,GROCERY II,0,0,0,0,0
2017-08-19,22,HARDWARE,0,0,0,0,0
2017-08-19,22,HOME AND KITCHEN I,2,0,0,0,0
2017-08-19,22,HOME AND KITCHEN II,1,0,0,0,0
2017-08-19,22,HOME APPLIANCES,0,0,0,0,0
2017-08-19,22,HOME CARE,10,0,0,0,0
2017-08-19,22,LADIESWEAR,0,0,0,0,0
2017-08-19,22,LAWN AND GARDEN,0,0,0,0,0
2017-08-19,22,LINGERIE,0,0,0,0,0
2017-08-19,22,"LIQUOR,WINE,BEER",3,0,0,0,0
2017-08-19,22,MAGAZINES,0,0,0,0,0
2017-08-19,22,MEATS,0,0,0,0,0
2017-08-19,22,PERSONAL CARE,8,0,0,0,0
2017-08-19,22,PET SUPPLIES,0,0,0,0,0
2017-08-19,22,PLAYERS AND ELECTRONICS,0,0,0,0,0
2017-08-19,22,POULTRY,0,0,0,0,0
2017-08-19,22,PREPARED FOODS,0,0,0,0,0
2017-08-19,22,PRODUCE,1,0,0,0,0
2017-08-19,22,SCHOOL AND OFFICE SUPPLIES,6,0,0,0,0
2017-08-19,22,SEAFOOD,2,0,0,0,0
2017-08-19,23,AUTOMOTIVE,0,0,0,0,0
2017-08-19,23,BABY CARE,0,0,0,0,0
2017-08-19,23,BEAUTY,2,0,0,0,0
2017-08-19,23,BEVERAGES,11,0,0,0,0
2017-08-19,23,BOOKS,0,0,0,0,0
2017-08-19,23,BREAD/BAKERY,6,0,0,0,0
2017-08-19,23,CELEBRATION,0,0,0,0,0
2017-08-19,23,CLEANING,7,0,0,0,0
2017-08-19,23,DAIRY,14,0,0,0,0
2017-08-19,23,DELI,6,0,0,0,0
2017-08-19,23,EGGS,0,0,0,0,0
2017-08-19,23,FROZEN FOODS,0,0,0,0,0
2017-08-19,23,GROCERY I,32,0,0,0,0
2017-08-19,23,GROCERY II,0,0,0,0,0
2017-08-19,23,HARDWARE,0,0,0,0,0
2017-08-19,23,HOME AND KITCHEN I,0,0,0,0,0
2017-08-19,23,HOME AND KITCHEN II,2,0,0,0,0
2017-08-19,23,HOME APPLIANCES,0,0,0,0,0
2017-08-19,23,HOME CARE,6,0,0,0,0
2017-08-19,23,LADIESWEAR,0,0,0,0,0
2017-08-19,23,LAWN AND GARDEN,0,0,0,0,0
2017-08-19,23,LINGERIE,0,0,0,0,0
2017-08-19,23,"LIQUOR,WINE,BEER",6,0,0,0,0
2017-08-19,23,MAGAZINES,0,0,0,0,0
2017-08-19,23,MEATS,0,0,0,0,0
2017-08-19,23,PERSONAL CARE,10,0,0,0,0
2017-08-19,23,PET SUPPLIES,0,0,0,0,0
2017-08-19,23,PLAYERS AND ELECTRONICS,0,0,0,0,0
2017-08-19,23,POULTRY,0,0,0,0,0
2017-08-19,23,PREPARED FOODS,0,0,0,0,0
2017-08-19,23,PRODUCE,5,0,0,0,0
2017-08-19,23,SCHOOL AND OFFICE SUPPLIES,0,0,0,0,0
2017-08-19,23,SEAFOOD,0,0,0,0,0
2017-08-19,24,AUTOMOTIVE,0,0,0,0,0
2017-08-19,24,BABY CARE,0,0,0,0,0
2017-08-19,24,BEAUTY,1,0,0,0,0
2017-08-19,24,BEVERAGES,19,0,0,0,0
2017-08-19,24,BOOKS,0,0,0,0,0
2017-08-19,24,BREAD/BAKERY,12,0,0,0,0
2017-08-19,24,CELEBRATION,0,0,0,0,0
2017-08-19,24,CLEANING,10,0,0,0,0
2017-08-19,24,DAIRY,20,0,0,0,0
2017-08-19,24,DELI,10,0,0,0,0
2017-08-19,24,EGGS,0,0,0,0,0
2017-08-19,24,FROZEN FOODS,0,0,0,0,0
2017-08-19,24,GROCERY I,31,0,0,0,0
2017-08-19,24,GROCERY II,0,0,0,0,0
2017-08-19,24,HARDWARE,0,0,0,0,0
2017-08-19,24,HOME AND KITCHEN I,1,0,0,0,0
2017-08-19,24,HOME AND KITCHEN II,3,0,0,0,0
2017-08-19,24,HOME APPLIANCES,0,0,0,0,0
2017-08-19,24,HOME CARE,6,0,0,0,0
2017-08-19,24,LADIESWEAR,0,0,0,0,0
2017-08-19,24,LAWN AND GARDEN,0,0,0,0,0
2017-08-19,24,LINGERIE,0,0,0,0,0
2017-08-19,24,"LIQUOR,WINE,BEER",6,0,0,0,0
2017-08-19,24,MAGAZINES,0,0,0,0,0
2017-08-19,24,MEATS,0,0,0,0,0
2017-08-19,24,PERSONAL CARE,9,0,0,0,0
2017-08-19,24,PET SUPPLIES,0,0,0,0,0
2017-08-19,24,PLAYERS AND ELECTRONICS,0,0,0,0,0
2017-08-19,24,POULTRY,0,0,0,0,0
2017-08-19,24,PREPARED FOODS,0,0,0,0,0
2017-08-19,24,PRODUCE,5,0,0,0,0
2017-08-19,24,SCHOOL AND OFFICE SUPPLIES,0,0,0,0,0
2017-08-19,24,SEAFOOD,0,0,0,0,0
2017-08-19,25,AUTOMOTIVE,0,0,0,0,0
2017-08-19,25,BABY CARE,0,0,0,0,0
2017-08-19,25,BEAUTY,1,0,0,0,0
2017-08-19,25,BEVERAGES,14,0,0,0,0
2017-08-19,25,BOOKS,0,0,0,0,0
2017-08-19,25,BREAD/BAKERY,9,0,0,0,0
2017-08-19,25,CELEBRATION,0,0,0,0,0
2017-08-19,25,CLEANING,8,0,0,0,0
2017-08-19,25,DAIRY,20,0,0,0,0
2017-08-19,25,DELI,7,0,0,0,0
2017-08-19,25,EGGS,0,0,0,0,0
2017-08-19,25,FROZEN FOODS,0,0,0,0,0
2017-08-19,25,GROCERY I,25,0,0,0,0
2017-08-19,25,GROCERY II,0,0,0,0,0
2017-08-19,25,HARDWARE,0,0,0,0,0
2017-08-19,25,HOME AND KITCHEN I,0,0,0,0,0
2017-08-19,25,HOME AND KITCHEN II,1,0,0,0,0
2017-08-19,25,HOME APPLIANCES,0,0,0,0,0
2017-08-19,25,HOME CARE,4,0,0,0,0
2017-08-19,25,LADIESWEAR,0,0,0,0,0
2017-08-19,25,LAWN AND GARDEN,0,0,0,0,0
2017-08-19,25,LINGERIE,0,0,0,0,0
2017-08-19,25,"LIQUOR,WINE,BEER",6,0,0,0,0
2017-08-19,25,MAGAZINES,0,0,0,0,0
2017-08-19,25,MEATS,0,0,0,0,0
2017-08-19,25,PERSONAL CARE,10,0,0,0,0
2017-08-19,25,PET SUPPLIES,0,0,0,0,0
2017-08-19,25,PLAYERS AND ELECTRONICS,0,0,0,0,0
2017-08-19,25,POULTRY,0,0,0,0,0
2017-08-19,25,PREPARED FOODS,0,0,0,0,0
2017-08-19,25,PRODUCE,2,0,0,0,0
2017-08-19,25,SCHOOL AND OFFICE SUPPLIES,0,0,0,0,0
2017-08-19,25,SEAFOOD,0,0,0,0,0
2017-08-19,26,AUTOMOTIVE,0,0,0,0,0
2017-08-19,26,BABY CARE,0,0,0,0,0
2017-08-19,26,BEAUTY,1,0,0,0,0
2017-08-19,26,BEVERAGES,14,0,0,0,0
2017-08-19,26,BOOKS,0,0,0,0,0
2017-08-19,26,BREAD/BAKERY,12,0,0,0,0
2017-08-19,26,CELEBRATION,0,0,0,0,0
2017-08-19,26,CLEANING,8,0,0,0,0
2017-08-19,26,DAIRY,10,0,0,0,0
2017-08-19,26,DELI,3,0,0,0,0
2017-08-19,26,EGGS,0,0,0,0,0
2017-08-19,26,FROZEN FOODS,0,0,0,0,0
2017-08-19,26,GROCERY I,28,0,0,0,0
2017-08-19,26,GROCERY II,0,0,0,0,0
2017-08-19,26,HARDWARE,0,0,0,0,0
2017-08-19,26,HOME AND KITCHEN I,0,0,0,0,0
2017-08-19,26,HOME AND KITCHEN II,0,0,0,0,0
2017-08-19,26,HOME APPLIANCES,0,0,0,0,0
2017-08-19,26,HOME CARE,4,0,0,0,0
2017-08-19,26,LADIESWEAR,0,0,0,0,0
2017-08-19,26,LAWN AND GARDEN,0,0,0,0,0
2017-08-19,26,LINGERIE,0,0,0,0,0
2017-08-19,26,"LIQUOR,WINE,BEER",6,0,0,0,0
2017-08-19,26,MAGAZINES,0,0,0,0,0
2017-08-19,26,MEATS,0,0,0,0,0
2017-08-19,26,PERSONAL CARE,8,0,0,0,0
2017-08-19,26,PET SUPPLIES,0,0,0,0,0
2017-08-19,26,PLAYERS AND ELECTRONICS,2,0,0,0,0
2017-08-19,26,POULTRY,0,0,0,0,0
2017-08-19,26,PREPARED FOODS,0,0,0,0,0
2017-08-19,26,PRODUCE,3,0,0,0,0
2017-08-19,26,SCHOOL AND OFFICE SUPPLIES,0,0,0,0,0
2017-08-19,26,SEAFOOD,0,0,0,0,0
2017-08-19,27,AUTOMOTIVE,0,0,0,0,0
2017-08-19,27,BABY CARE,0,0,0,0,0
2017-08-19,27,BEAUTY,2,0,0,0,0
2017-08-19,27,BEVERAGES,19,0,0,0,0
2017-08-19,27,BOOKS,0,0,0,0,0
2017-08-19,27,BREAD/BAKERY,12,0,0,0,0
2017-08-19,27,CELEBRATION,0,0,0,0,0
2017-08-19,27,CLEANING,11,0,0,0,0
2017-08-19,27,DAIRY,20,0,0,0,0
2017-08-19,27,DELI,9,0,0,0,0
2017-08-19,27,EGGS,0,0,0,0,0
2017-08-19,27,FROZEN FOODS,0,0,0,0,0
2017-08-19,27,GROCERY I,31,0,0,0,0
2017-08-19,27,GROCERY II,0,0,0,0,0
2017-08-19,27,HARDWARE,0,0,0,0,0
2017-08-19,27,HOME AND KITCHEN I,0,0,0,0,0
2017-08-19,27,HOME AND KITCHEN II,2,0,0,0,0
2017-08-19,27,HOME APPLIANCES,0,0,0,0,0
2017-08-19,27,HOME CARE,9,0,0,0,0
2017-08-19,27,LADIESWEAR,0,0,0,0,0
2017-08-19,27,LAWN AND GARDEN,0,0,0,0,0
2017-08-19,27,LINGERIE,0,0,0,0,0
2017-08-19,27,"LIQUOR,WINE,BEER",6,0,0,0,0
2017-08-19,27,MAGAZINES,0,0,0,0,0
2017-08-19,27,MEATS,0,0,0,0,0
2017-08-19,27,PERSONAL CARE,12,0,0,0,0
2017-08-19,27,PET SUPPLIES,0,0,0,0,0
2017-08-19,27,PLAYERS AND ELECTRONICS,1,0,0,0,0
2017-08-19,27,POULTRY,0,0,0,0,0
2017-08-19,27,PREPARED FOODS,0,0,0,0,0
2017-08-19,27,PRODUCE,3,0,0,0,0
2017-08-19,27,SCHOOL AND OFFICE SUPPLIES,0,0,0,0,0
2017-08-19,27,SEAFOOD,0,0,0,0,0
2017-08-19,28,AUTOMOTIVE,0,0,0,0,0
2017-08-19,28,BABY CARE,0,0,0,0,0
2017-08-19,28,BEAUTY,1,0,0,0,0
2017-08-19,28,BEVERAGES,29,0,0,0,0
2017-08-19,28,BOOKS,0,0,0,0,0
2017-08-19,28,BREAD/BAKERY,12,0,0,0,0
2017-08-19,28,CELEBRATION,0,0,0,0,0
2017-08-19,28,CLEANING,25,0,0,0,0
2017-08-19,28,DAIRY,22,0,0,0,0
2017-08-19,28,DELI,9,0,0,0,0
2017-08-19,28,EGGS,1,0,0,0,0
2017-08-19,28,FROZEN FOODS,15,0,0,0,0
2017-08-19,28,GROCERY I,64,0,0,0,0
2017-08-19,28,GROCERY II,0,0,0,0,0
2017-08-19,28,HARDWARE,0,0,0,0,0
2017-08-19,28,HOME AND KITCHEN I,0,0,0,0,0
2017-08-19,28,HOME AND KITCHEN II,2,0,0,0,0
2017-08-19,28,HOME APPLIANCES,0,0,0,0,0
2017-08-19,28,HOME CARE,9,0,0,0,0
2017-08-19,28,LADIESWEAR,0,0,0,0,0
2017-08-19,28,LAWN AND GARDEN,0,0,0,0,0
2017-08-19,28,LINGERIE,0,0,0,0,0
2017-08-19,28,"LIQUOR,WINE,BEER",7,0,0,0,0
2017-08-19,28,MAGAZINES,0,0,0,0,0
2017-08-19,28,MEATS,0,0,0,0,0
2017-08-19,28,PERSONAL CARE,9,0,0,0,0
2017-08-19,28,PET SUPPLIES,0,0,0,0,0
2017-08-19,28,PLAYERS AND ELECTRONICS,0,0,0,0,0
2017-08-19,28,POULTRY,0,0,0,0,0
2017-08-19,28,PREPARED FOODS,0,0,0,0,0
2017-08-19,28,PRODUCE,1,0,0,0,0
2017-08-19,28,SCHOOL AND OFFICE SUPPLIES,0,0,0,0,0
2017-08-19,28,SEAFOOD,3,0,0,0,0
2017-08-19,29,AUTOMOTIVE,0,0,0,0,0
2017-08-19,29,BABY CARE,0,0,0,0,0
2017-08-19,29,BEAUTY,0,0,0,0,0
2017-08-19,29,BEVERAGES,28,0,0,0,0
2017-08-19,29,BOOKS,0,0,0,0,0
2017-08-19,29,BREAD/BAKERY,11,0,0,0,0
2017-08-19,29,CELEBRATION,0,0,0,0,0
2017-08-19,29,CLEANING,25,0,0,0,0
2017-08-19,29,DAIRY,21,0,0,0,0
2017-08-19,29,DELI,7,0,0,0,0
2017-08-19,29,EGGS,1,0,0,0,0
2017-08-19,29,FROZEN FOODS,14,0,0,0,0
2017-08-19,29,GROCERY I,70,0,0,0,0
2017-08-19,29,GROCERY II,0,0,0,0,0
2017-08-19,29,HARDWARE,0,0,0,0,0
2017-08-19,29,HOME AND KITCHEN I,1,0,0,0,0
2017-08-19,29,HOME AND KITCHEN II,2,0,0,0,0
2017-08-19,29,HOME APPLIANCES,0,0,0,0,0
2017-08-19,29,HOME CARE,9,0,0,0,0
2017-08-19,29,LADIESWEAR,0,0,0,0,0
2017-08-19,29,LAWN AND GARDEN,0,0,0,0,0
2017-08-19,29,LINGERIE,0,0,0,0,0
2017-08-19,29,"LIQUOR,WINE,BEER",6,0,0,0,0
2017-08-19,29,MAGAZINES,0,0,0,0,0
2017-08-19,29,MEATS,0,0,0,0,0
2017-08-19,29,PERSONAL CARE,8,0,0,0,0
2017-08-19,29,PET SUPPLIES,0,0,0,0,0
2017-08-19,29,PLAYERS AND ELECTRONICS,0,0,0,0,0
2017-08-19,29,POULTRY,0,0,0,0,0
2017-08-19,29,PREPARED FOODS,0,0,0,0,0
2017-08-19,29,PRODUCE,2,0,0,0,0
2017-08-19,29,SCHOOL AND OFFICE SUPPLIES,0,0,0,0,0
2017-08-19,29,SEAFOOD,2,0,0,0,0
2017-08-19,30,AUTOMOTIVE,0,0,0,0,0
2017-08-19,30,BABY CARE,0,0,0,0,0
2017-08-19,30,BEAUTY,0,0,0,0,0
2017-08-19,30,BEVERAGES,23,0,0,0,0
2017-08-19,30,BOOKS,0,0,0,0,0
2017-08-19,30,BREAD/BAKERY,9,0,0,0,0
2017-08-19,30,CELEBRATION,0,0,0,0,0
2017-08-19,30,CLEANING,17,0,0,0,0
2017-08-19,30,DAIRY,11,0,0,0,0
2017-08-19,30,DELI,3,0,0,0,0
2017-08-19,30,EGGS,1,0,0,0,0
2017-08-19,30,FROZEN FOODS,8,0,0,0,0
2017-08-19,30,GROCERY I,47,0,0,0,0
2017-08-19,30,GROCERY II,0,0,0,0,0
2017-08-19,30,HARDWARE,0,0,0,0,0
2017-08-19,30,HOME AND KITCHEN I,0,0,0,0,0
2017-08-19,30,HOME AND KITCHEN II,0,0,0,0,0
2017-08-19,30,HOME APPLIANCES,0,0,0,0,0
2017-08-19,30,HOME CARE,7,0,0,0,0
2017-08-19,30,LADIESWEAR,0,0,0,0,0
2017-08-19,30,LAWN AND GARDEN,0,0,0,0,0
2017-08-19,30,LINGERIE,0,0,0,0,0
2017-08-19,30,"LIQUOR,WINE,BEER",1,0,0,0,0
2017-08-19,30,MAGAZINES,0,0,0,0,0
2017-08-19,30,MEATS,0,0,0,0,0
2017-08-19,30,PERSONAL CARE,8,0,0,0,0
2017-08-19,30,PET SUPPLIES,0,0,0,0,0
2017-08-19,30,PLAYERS AND ELECTRONICS,0,0,0,0,0
2017-08-19,30,POULTRY,0,0,0,0,0
2017-08-19,30,PREPARED FOODS,0,0,0,0,0
2017-08-19,30,PRODUCE,0,0,0,0,0
2017-08-19,30,SCHOOL AND OFFICE SUPPLIES,0,0,0,0,0
2017-08-19,30,SEAFOOD,1,0,0,0,0
2017-08-19,31,AUTOMOTIVE,0,0,0,0,0
2017-08-19,31,BABY CARE,0,0,0,0,0
2017-08-19,31,BEAUTY,0,0,0,0,0
2017-08-19,31,BEVERAGES,33,0,0,0,0
2017-08-19,31,BOOKS,0,0,0,0,0
2017-08-19,31,BREAD/BAKERY,8,0,0,0,0
2017-08-19,31,CELEBRATION,0,0,0,0,0
2017-08-19,31,CLEANING,24,0,0,0,0
2017-08-19,31,DAIRY,19,0,0,0,0
2017-08-19,31,DELI,9,0,0,0,0
2017-08-19,31,EGGS,1,0,0,0,0
2017-08-19,31,FROZEN FOODS,12,0,0,0,0
2017-08-19,31,GROCERY I,66,0,0,0,0
2017-08-19,31,GROCERY II,0,0,0,0,0
2017-08-19,31,HARDWARE,0,0,0,0,0
2017-08-19,31,HOME AND KITCHEN I,1,0,0,0,0
2017-08-19,31,HOME AND KITCHEN II,1,0,0,0,0
2017-08-19,31,HOME APPLIANCES,0,0,0,0,0
2017-08-19,31,HOME CARE,9,0,0,0,0
2017-08-19,31,LADIESWEAR,0,0,0,0,0
2017-08-19,31,LAWN AND GARDEN,0,0,0,0,0
2017-08-19,31,LINGERIE,0,0,0,0,0
2017-08-19,31,"LIQUOR,WINE,BEER",6,0,0,0,0
2017-08-19,31,MAGAZINES,0,0,0,0,0
2017-08-19,31,MEATS,0,0,0,0,0
2017-08-19,31,PERSONAL CARE,12,0,0,0,0
2017-08-19,31,PET SUPPLIES,0,0,0,0,0
2017-08-19,31,PLAYERS AND ELECTRONICS,0,0,0,0,0
2017-08-19,31,POULTRY,0,0,0,0,0
2017-08-19,31,PREPARED FOODS,0,0,0,0,0
2017-08-19,31,PRODUCE,1,0,0,0,0
2017-08-19,31,SCHOOL AND OFFICE SUPPLIES,0,0,0,0,0
2017-08-19,31,SEAFOOD,2,0,0,0,0
2017-08-19,32,AUTOMOTIVE,0,0,0,0,0
2017-08-19,32,BABY CARE,0,0,0,0,0
2017-08-19,32,BEAUTY,0,0,0,0,0
2017-08-19,32,BEVERAGES,21,0,0,0,0
2017-08-19,32,BOOKS,0,0,0,0,0
2017-08-19,32,BREAD/BAKERY,4,0,0,0,0
2017-08-19,32,CELEBRATION,0,0,0,0,0
2017-08-19,32,CLEANING,13,0,0,0,0
2017-08-19,32,DAIRY,5,0,0,0,0
2017-08-19,32,DELI,0,0,0,0,0
2017-08-19,32,EGGS,1,0,0,0,0
2017-08-19,32,FROZEN FOODS,7,0,0,0,0
2017-08-19,32,GROCERY I,56,0,0,0,0
2017-08-19,32,GROCERY II,0,0,0,0,0
2017-08-19,32,HARDWARE,0,0,0,0,0
2017-08-19,32,HOME AND KITCHEN I,0,0,0,0,0
2017-08-19,32,HOME AND KITCHEN II,0,0,0,0,0
2017-08-19,32,HOME APPLIANCES,0,0,0,0,0
2017-08-19,32,HOME CARE,4,0,0,0,0
2017-08-19,32,LADIESWEAR,0,0,0,0,0
2017-08-19,32,LAWN AND GARDEN,0,0,0,0,0
2017-08-19,32,LINGERIE,0,0,0,0,0
2017-08-19,32,"LIQUOR,WINE,BEER",3,0,0,0,0
2017-08-19,32,MAGAZINES,0,0,0,0,0
2017-08-19,32,MEATS,0,0,0,0,0
2017-08-19,32,PERSONAL CARE,7,0,0,0,0
2017-08-19,32,PET SUPPLIES,0,0,0,0,0
2017-08-19,32,PLAYERS AND ELECTRONICS,0,0,0,0,0
2017-08-19,32,POULTRY,0,0,0,0,0
2017-08-19,32,PREPARED FOODS,0,0,0,0,0
2017-08-19,32,PRODUCE,1,0,0,0,0
2017-08-19,32,SCHOOL AND OFFICE SUPPLIES,0,0,0,0,0
2017-08-19,32,SEAFOOD,0,0,0,0,0
2017-08-19,33,AUTOMOTIVE,0,0,0,0,0
2017-08-19,33,BABY CARE,0,0,0,0,0
2017-08-19,33,BEAUTY,0,0,0,0,0
2017-08-19,33,BEVERAGES,22,0,0,0,0
2017-08-19,33,BOOKS,0,0,0,0,0
2017-08-19,33,BREAD/BAKERY,7,0,0,0,0
2017-08-19,33,CELEBRATION,0,0,0,0,0
2017-08-19,33,CLEANING,18,0,0,0,0
2017-08-19,33,DAIRY,14,0,0,0,0
2017-08-19,33,DELI,8,0,0,0,0
2017-08-19,33,EGGS,1,0,0,0,0
2017-08-19,33,FROZEN FOODS,11,0,0,0,0
2017-08-19,33,GROCERY I,56,0,0,0,0
2017-08-19,33,GROCERY II,0,0,0,0,0
2017-08-19,33,HARDWARE,0,0,0,0,0
2017-08-19,33,HOME AND KITCHEN I,0,0,0,0,0
2017-08-19,33,HOME AND KITCHEN II,1,0,0,0,0
2017-08-19,33,HOME APPLIANCES,0,0,0,0,0
2017-08-19,33,HOME CARE,8,0,0,0,0
2017-08-19,33,LADIESWEAR,0,0,0,0,0
2017-08-19,33,LAWN AND GARDEN,0,0,0,0,0
2017-08-19,33,LINGERIE,0,0,0,0,0
2017-08-19,33,"LIQUOR,WINE,BEER",1,0,0,0,0
2017-08-19,33,MAGAZINES,0,0,0,0,0
2017-08-19,33,MEATS,0,0,0,0,0
2017-08-19,33,PERSONAL CARE,8,0,0,0,0
2017-08-19,33,PET SUPPLIES,0,0,0,0,0
2017-08-19,33,PLAYERS AND ELECTRONICS,0,0,0,0,0
2017-08-19,33,POULTRY,0,0,0,0,0
2017-08-19,33,PREPARED FOODS,0,0,0,0,0
2017-08-19,33,PRODUCE,1,0,0,0,0
2017-08-19,33,SCHOOL AND OFFICE SUPPLIES,0,0,0,0,0
2017-08-19,33,SEAFOOD,1,0,0,0,0
2017-08-19,34,AUTOMOTIVE,0,0,0,0,0
2017-08-19,34,BABY CARE,0,0,0,0,0
2017-08-19,34,BEAUTY,0,0,0,0,0
2017-08-19,34,BEVERAGES,28,0,0,0,0
2017-08-19,34,BOOKS,0,0,0,0,0
2017-08-19,34,BREAD/BAKERY,11,0,0,0,0
2017-08-19,34,CELEBRATION,0,0,0,0,0
2017-08-19,34,CLEANING,26,0,0,0,0
2017-08-19,34,DAIRY,14,0,0,0,0
2017-08-19,34,DELI,5,0,0,0,0
2017-08-19,34,EGGS,1,0,0,0,0
2017-08-19,34,FROZEN FOODS,11,0,0,0,0
2017-08-19,34,GROCERY I,56,0,0,0,0
2017-08-19,34,GROCERY II,0,0,0,0,0
2017-08-19,34,HARDWARE,0,0,0,0,0
2017-08-19,34,HOME AND KITCHEN I,1,0,0,0,0
2017-08-19,34,HOME AND KITCHEN II,1,0,0,0,0
2017-08-19,34,HOME APPLIANCES,0,0,0,0,0
2017-08-19,34,HOME CARE,9,0,0,0,0
2017-08-19,34,LADIESWEAR,0,0,0,0,0
2017-08-19,34,LAWN AND GARDEN,0,0,0,0,0
2017-08-19,34,LINGERIE,0,0,0,0,0
2017-08-19,34,"LIQUOR,WINE,BEER",4,0,0,0,0
2017-08-19,34,MAGAZINES,0,0,0,0,0
2017-08-19,34,MEATS,0,0,0,0,0
2017-08-19,34,PERSONAL CARE,10,0,0,0,0
2017-08-19,34,PET SUPPLIES,0,0,0,0,0
2017-08-19,34,PLAYERS AND ELECTRONICS,0,0,0,0,0
2017-08-19,34,POULTRY,0,0,0,0,0
2017-08-19,34,PREPARED FOODS,0,0,0,0,0
2017-08-19,34,PRODUCE,0,0,0,0,0
2017-08-19,34,SCHOOL AND OFFICE SUPPLIES,0,0,0,0,0
2017-08-19,34,SEAFOOD,2,0,0,0,0
2017-08-19,35,AUTOMOTIVE,0,0,0,0,0
2017-08-19,35,BABY CARE,0,0,0,0,0
2017-08-19,35,BEAUTY,0,0,0,0,0
2017-08-19,35,BEVERAGES,27,0,0,0,0
2017-08-19,35,BOOKS,0,0,0,0,0
2017-08-19,35,BREAD/BAKERY,5,0,0,0,0
2017-08-19,35,CELEBRATION,0,0,0,0,0
2017-08-19,35,CLEANING,21,0,0,0,0
2017-08-19,35,DAIRY,6,0,0,0,0
2017-08-19,35,DELI,3,0,0,0,0
2017-08-19,35,EGGS,1,0,0,0,0
2017-08-19,35,FROZEN FOODS,9,0,0,0,0
2017-08-19,35,GROCERY I,47,0,0,0,0
2017-08-19,35,GROCERY II,0,0,0,0,0
2017-08-19,35,HARDWARE,0,0,0,0,0
2017-08-19,35,HOME AND KITCHEN I,0,0,0,0,0
2017-08-19,35,HOME AND KITCHEN II,0,0,0,0,0
2017-08-19,35,HOME APPLIANCES,0,0,0,0,0
2017-08-19,35,HOME CARE,7,0,0,0,0
2017-08-19,35,LADIESWEAR,0,0,0,0,0
2017-08-19,35,LAWN AND GARDEN,0,0,0,0,0
2017-08-19,35,LINGERIE,0,0,0,0,0
2017-08-19,35,"LIQUOR,WINE,BEER",5,0,0,0,0
2017-08-19,35,MAGAZINES,0,0,0,0,0
2017-08-19,35,MEATS,0,0,0,0,0
2017-08-19,35,PERSONAL CARE,9,0,0,0,0
2017-08-19,35,PET SUPPLIES,0,0,0,0,0
2017-08-19,35,PLAYERS AND ELECTRONICS,0,0,0,0,0
2017-08-19,35,POULTRY,0,0,0,0,0
2017-08-19,35,PREPARED FOODS,0,0,0,0,0
2017-08-19,35,PRODUCE,0,0,0,0,0
2017-08-19,35,SCHOOL AND OFFICE SUPPLIES,0,0,0,0,0
2017-08-19,35,SEAFOOD,1,0,0,0,0
2017-08-19,36,AUTOMOTIVE,0,0,0,0,0
2017-08-19,36,BABY CARE,0,0,0,0,0
2017-08-19,36,BEAUTY,0,0,0,0,0
2017-08-19,36,BEVERAGES,28,0,0,0,0
2017-08-19,36,BOOKS,0,0,0,0,0
2017-08-19,36,BREAD/BAKERY,12,0,0,0,0
2017-08-19,36,CELEBRATION,0,0,0,0,0
2017-08-19,36,CLEANING,25,0,0,0,0
2017-08-19,36,DAIRY,17,0,0,0,0
2017-08-19,36,DELI,7,0,0,0,0
2017-08-19,36,EGGS,1,0,0,0,0
2017-08-19,36,FROZEN FOODS,20,0,0,0,0
2017-08-19,36,GROCERY I,64,0,0,0,0
2017-08-19,36,GROCERY II,0,0,0,0,0
2017-08-19,36,HARDWARE,0,0,0,0,0
2017-08-19,36,HOME AND KITCHEN I,1,0,0,0,0
2017-08-19,36,HOME AND KITCHEN II,1,0,0,0,0
2017-08-19,36,HOME APPLIANCES,0,0,0,0,0
2017-08-19,36,HOME CARE,7,0,0,0,0
2017-08-19,36,LADIESWEAR,0,0,0,0,0
2017-08-19,36,LAWN AND GARDEN,0,0,0,0,0
2017-08-19,36,LINGERIE,0,0,0,0,0
2017-08-19,36,"LIQUOR,WINE,BEER",4,0,0,0,0
2017-08-19,36,MAGAZINES,0,0,0,0,0
2017-08-19,36,MEATS,0,0,0,0,0
2017-08-19,36,PERSONAL CARE,12,0,0,0,0
2017-08-19,36,PET SUPPLIES,0,0,0,0,0
2017-08-19,36,PLAYERS AND ELECTRONICS,0,0,0,0,0
2017-08-19,36,POULTRY,0,0,0,0,0
2017-08-19,36,PREPARED FOODS,0,0,0,0,0
2017-08-19,36,PRODUCE,2,0,0,0,0
2017-08-19,36,SCHOOL AND OFFICE SUPPLIES,0,0,0,0,0
2017-08-19,36,SEAFOOD,0,0,0,0,0
2017-08-19,37,AUTOMOTIVE,0,0,0,0,0
2017-08-19,37,BABY CARE,0,0,0,0,0
2017-08-19,37,BEAUTY,2,0,0,0,0
2017-08-19,37,BEVERAGES,13,0,0,0,0
2017-08-19,37,BOOKS,0,0,0,0,0
2017-08-19,37,BREAD/BAKERY,11,0,0,0,0
2017-08-19,37,CELEBRATION,1,0,0,0,0
2017-08-19,37,CLEANING,12,0,0,0,0
2017-08-19,37,DAIRY,16,0,0,0,0
2017-08-19,37,DELI,9,0,0,0,0
2017-08-19,37,EGGS,0,0,0,0,0
2017-08-19,37,FROZEN FOODS,0,0,0,0,0
2017-08-19,37,GROCERY I,37,0,0,0,0
2017-08-19,37,GROCERY II,0,0,0,0,0
2017-08-19,37,HARDWARE,0,0,0,0,0
2017-08-19,37,HOME AND KITCHEN I,2,0,0,0,0
2017-08-19,37,HOME AND KITCHEN II,1,0,0,0,0
2017-08-19,37,HOME APPLIANCES,0,0,0,0,0
2017-08-19,37,HOME CARE,9,0,0,0,0
2017-08-19,37,LADIESWEAR,0,0,0,0,0
2017-08-19,37,LAWN AND GARDEN,0,0,0,0,0
2017-08-19,37,LINGERIE,0,0,0,0,0
2017-08-19,37,"LIQUOR,WINE,BEER",7,0,0,0,0
2017-08-19,37,MAGAZINES,0,0,0,0,0
2017-08-19,37,MEATS,0,0,0,0,0
2017-08-19,37,PERSONAL CARE,12,0,0,0,0
2017-08-19,37,PET SUPPLIES,0,0,0,0,0
2017-08-19,37,PLAYERS AND ELECTRONICS,0,0,0,0,0
2017-08-19,37,POULTRY,0,0,0,0,0
2017-08-19,37,PREPARED FOODS,0,0,0,0,0
2017-08-19,37,PRODUCE,6,0,0,0,0
2017-08-19,37,SCHOOL AND OFFICE SUPPLIES,0,0,0,0,0
2017-08-19,37,SEAFOOD,0,0,0,0,0
2017-08-19,38,AUTOMOTIVE,0,0,0,0,0
2017-08-19,38,BABY CARE,0,0,0,0,0
2017-08-19,38,BEAUTY,2,0,0,0,0
2017-08-19,38,BEVERAGES,18,0,0,0,0
2017-08-19,38,BOOKS,0,0,0,0,0
2017-08-19,38,BREAD/BAKERY,10,0,0,0,0
2017-08-19,38,CELEBRATION,0,0,0,0,0
2017-08-19,38,CLEANING,12,0,0,0,0
2017-08-19,38,DAIRY,17,0,0,0,0
2017-08-19,38,DELI,9,0,0,0,0
2017-08-19,38,EGGS,0,0,0,0,0
2017-08-19,38,FROZEN FOODS,0,0,0,0,0
2017-08-19,38,GROCERY I,35,0,0,0,0
2017-08-19,38,GROCERY II,0,0,0,0,0
2017-08-19,38,HARDWARE,0,0,0,0,0
2017-08-19,38,HOME AND KITCHEN I,2,0,0,0,0
2017-08-19,38,HOME AND KITCHEN II,1,0,0,0,0
2017-08-19,38,HOME APPLIANCES,0,0,0,0,0
2017-08-19,38,HOME CARE,8,0,0,0,0
2017-08-19,38,LADIESWEAR,0,0,0,0,0
2017-08-19,38,LAWN AND GARDEN,0,0,0,0,0
2017-08-19,38,LINGERIE,0,0,0,0,0
2017-08-19,38,"LIQUOR,WINE,BEER",6,0,0,0,0
2017-08-19,38,MAGAZINES,0,0,0,0,0
2017-08-19,38,MEATS,0,0,0,0,0
2017-08-19,38,PERSONAL CARE,13,0,0,0,0
2017-08-19,38,PET SUPPLIES,0,0,0,0,0
2017-08-19,38,PLAYERS AND ELECTRONICS,0,0,0,0,0
2017-08-19,38,POULTRY,0,0,0,0,0
2017-08-19,38,PREPARED FOODS,0,0,0,0,0
2017-08-19,38,PRODUCE,5,0,0,0,0
2017-08-19,38,SCHOOL AND OFFICE SUPPLIES,0,0,0,0,0
2017-08-19,38,SEAFOOD,0,0,0,0,0
2017-08-19,39,AUTOMOTIVE,0,0,0,0,0
2017-08-19,39,BABY CARE,0,0,0,0,0
2017-08-19,39,BEAUTY,1,0,0,0,0
2017-08-19,39,BEVERAGES,30,0,0,0,0
2017-08-19,39,BOOKS,0,0,0,0,0
2017-08-19,39,BREAD/BAKERY,7,0,0,0,0
2017-08-19,39,CELEBRATION,0,0,0,0,0
2017-08-19,39,CLEANING,26,0,0,0,0
2017-08-19,39,DAIRY,23,0,0,0,0
2017-08-19,39,DELI,9,0,0,0,0
2017-08-19,39,EGGS,1,0,0,0,0
2017-08-19,39,FROZEN FOODS,18,0,0,0,0
2017-08-19,39,GROCERY I,58,0,0,0,0
2017-08-19,39,GROCERY II,0,0,0,0,0
2017-08-19,39,HARDWARE,0,0,0,0,0
2017-08-19,39,HOME AND KITCHEN I,0,0,0,0,0
2017-08-19,39,HOME AND KITCHEN II,1,0,0,0,0
2017-08-19,39,HOME APPLIANCES,0,0,0,0,0
2017-08-19,39,HOME CARE,10,0,0,0,0
2017-08-19,39,LADIESWEAR,0,0,0,0,0
2017-08-19,39,LAWN AND GARDEN,0,0,0,0,0
2017-08-19,39,LINGERIE,4,0,0,0,0
2017-08-19,39,"LIQUOR,WINE,BEER",5,0,0,0,0
2017-08-19,39,MAGAZINES,0,0,0,0,0
2017-08-19,39,MEATS,0,0,0,0,0
2017-08-19,39,PERSONAL CARE,9,0,0,0,0
2017-08-19,39,PET SUPPLIES,0,0,0,0,0
2017-08-19,39,PLAYERS AND ELECTRONICS,0,0,0,0,0
2017-08-19,39,POULTRY,0,0,0,0,0
2017-08-19,39,PREPARED FOODS,0,0,0,0,0
2017-08-19,39,PRODUCE,1,0,0,0,0
2017-08-19,39,SCHOOL AND OFFICE SUPPLIES,5,0,0,0,0
2017-08-19,39,SEAFOOD,3,0,0,0,0
2017-08-19,40,AUTOMOTIVE,0,0,0,0,0
2017-08-19,40,BABY CARE,0,0,0,0,0
2017-08-19,40,BEAUTY,1,0,0,0,0
2017-08-19,40,BEVERAGES,25,0,0,0,0
2017-08-19,40,BOOKS,0,0,0,0,0
2017-08-19,40,BREAD/BAKERY,9,0,0,0,0
2017-08-19,40,CELEBRATION,1,0,0,0,0
2017-08-19,40,CLEANING,22,0,0,0,0
2017-08-19,40,DAIRY,11,0,0,0,0
2017-08-19,40,DELI,6,0,0,0,0
2017-08-19,40,EGGS,1,0,0,0,0
2017-08-19,40,FROZEN FOODS,12,0,0,0,0
2017-08-19,40,GROCERY I,55,0,0,0,0
2017-08-19,40,GROCERY II,0,0,0,0,0
2017-08-19,40,HARDWARE,0,0,0,0,0
2017-08-19,40,HOME AND KITCHEN I,0,0,0,0,0
2017-08-19,40,HOME AND KITCHEN II,2,0,0,0,0
2017-08-19,40,HOME APPLIANCES,0,0,0,0,0
2017-08-19,40,HOME CARE,8,0,0,0,0
2017-08-19,40,LADIESWEAR,0,0,0,0,0
2017-08-19,40,LAWN AND GARDEN,0,0,0,0,0
2017-08-19,40,LINGERIE,0,0,0,0,0
2017-08-19,40,"LIQUOR,WINE,BEER",3,0,0,0,0
2017-08-19,40,MAGAZINES,0,0,0,0,0
2017-08-19,40,MEATS,0,0,0,0,0
2017-08-19,40,PERSONAL CARE,9,0,0,0,0
2017-08-19,40,PET SUPPLIES,0,0,0,0,0
2017-08-19,40,PLAYERS AND ELECTRONICS,0,0,0,0,0
2017-08-19,40,POULTRY,1,0,0,0,0
2017-08-19,40,PREPARED FOODS,0,0,0,0,0
2017-08-19,40,PRODUCE,1,0,0,0,0
2017-08-19,40,SCHOOL AND OFFICE SUPPLIES,0,0,0,0,0
2017-08-19,40,SEAFOOD,2,0,0,0,0
2017-08-19,41,AUTOMOTIVE,0,0,0,0,0
2017-08-19,41,BABY CARE,0,0,0,0,0
2017-08-19,41,BEAUTY,1,0,0,0,0
2017-08-19,41,BEVERAGES,16,0,0,0,0
2017-08-19,41,BOOKS,0,0,0,0,0
2017-08-19,41,BREAD/BAKERY,11,0,0,0,0
2017-08-19,41,CELEBRATION,0,0,0,0,0
2017-08-19,41,CLEANING,12,0,0,0,0
2017-08-19,41,DAIRY,18,0,0,0,0
2017-08-19,41,DELI,9,0,0,0,0
2017-08-19,41,EGGS,0,0,0,0,0
2017-08-19,41,FROZEN FOODS,0,0,0,0,0
2017-08-19,41,GROCERY I,37,0,0,0,0
2017-08-19,41,GROCERY II,0,0,0,0,0
2017-08-19,41,HARDWARE,0,0,0,0,0
2017-08-19,41,HOME AND KITCHEN I,2,0,0,0,0
2017-08-19,41,HOME AND KITCHEN II,0,0,0,0,0
2017-08-19,41,HOME APPLIANCES,0,0,0,0,0
2017-08-19,41,HOME CARE,7,0,0,0,0
2017-08-19,41,LADIESWEAR,0,0,0,0,0
2017-08-19,41,LAWN AND GARDEN,0,0,0,0,0
2017-08-19,41,LINGERIE,0,0,0,0,0
2017-08-19,41,"LIQUOR,WINE,BEER",7,0,0,0,0
2017-08-19,41,MAGAZINES,0,0,0,0,0
2017-08-19,41,MEATS,0,0,0,0,0
2017-08-19,41,PERSONAL CARE,12,0,0,0,0
2017-08-19,41,PET SUPPLIES,0,0,0,0,0
2017-08-19,41,PLAYERS AND ELECTRONICS,0,0,0,0,0
2017-08-19,41,POULTRY,1,0,0,0,0
2017-08-19,41,PREPARED FOODS,0,0,0,0,0
2017-08-19,41,PRODUCE,4,0,0,0,0
2017-08-19,41,SCHOOL AND OFFICE SUPPLIES,0,0,0,0,0
2017-08-19,41,SEAFOOD,0,0,0,0,0
2017-08-19,42,AUTOMOTIVE,0,0,0,0,0
2017-08-19,42,BABY CARE,0,0,0,0,0
2017-08-19,42,BEAUTY,2,0,0,0,0
2017-08-19,42,BEVERAGES,14,0,0,0,0
2017-08-19,42,BOOKS,0,0,0,0,0
2017-08-19,42,BREAD/BAKERY,9,0,0,0,0
2017-08-19,42,CELEBRATION,0,0,0,0,0
2017-08-19,42,CLEANING,10,0,0,0,0
2017-08-19,42,DAIRY,17,0,0,0,0
2017-08-19,42,DELI,10,0,0,0,0
2017-08-19,42,EGGS,0,0,0,0,0
2017-08-19,42,FROZEN FOODS,0,0,0,0,0
2017-08-19,42,GROCERY I,34,0,0,0,0
2017-08-19,42,GROCERY II,0,0,0,0,0
2017-08-19,42,HARDWARE,0,0,0,0,0
2017-08-19,42,HOME AND KITCHEN I,0,0,0,0,0
2017-08-19,42,HOME AND KITCHEN II,2,0,0,0,0
2017-08-19,42,HOME APPLIANCES,0,0,0,0,0
2017-08-19,42,HOME CARE,5,0,0,0,0
2017-08-19,42,LADIESWEAR,0,0,0,0,0
2017-08-19,42,LAWN AND GARDEN,0,0,0,0,0
2017-08-19,42,LINGERIE,1,0,0,0,0
2017-08-19,42,"LIQUOR,WINE,BEER",6,0,0,0,0
2017-08-19,42,MAGAZINES,0,0,0,0,0
2017-08-19,42,MEATS,0,0,0,0,0
2017-08-19,42,PERSONAL CARE,12,0,0,0,0
2017-08-19,42,PET SUPPLIES,0,0,0,0,0
2017-08-19,42,PLAYERS AND ELECTRONICS,0,0,0,0,0
2017-08-19,42,POULTRY,0,0,0,0,0
2017-08-19,42,PREPARED FOODS,0,0,0,0,0
2017-08-19,42,PRODUCE,4,0,0,0,0
2017-08-19,42,SCHOOL AND OFFICE SUPPLIES,0,0,0,0,0
2017-08-19,42,SEAFOOD,0,0,0,0,0
2017-08-19,43,AUTOMOTIVE,0,0,0,0,0
2017-08-19,43,BABY CARE,0,0,0,0,0
2017-08-19,43,BEAUTY,1,0,0,0,0
2017-08-19,43,BEVERAGES,24,0,0,0,0
2017-08-19,43,BOOKS,0,0,0,0,0
2017-08-19,43,BREAD/BAKERY,9,0,0,0,0
2017-08-19,43,CELEBRATION,0,0,0,0,0
2017-08-19,43,CLEANING,24,0,0,0,0
2017-08-19,43,DAIRY,20,0,0,0,0
2017-08-19,43,DELI,7,0,0,0,0
2017-08-19,43,EGGS,1,0,0,0,0
2017-08-19,43,FROZEN FOODS,15,0,0,0,0
2017-08-19,43,GROCERY I,61,0,0,0,0
2017-08-19,43,GROCERY II,0,0,0,0,0
2017-08-19,43,HARDWARE,0,0,0,0,0
2017-08-19,43,HOME AND KITCHEN I,1,0,0,0,0
2017-08-19,43,HOME AND KITCHEN II,1,0,0,0,0
2017-08-19,43,HOME APPLIANCES,0,0,0,0,0
2017-08-19,43,HOME CARE,8,0,0,0,0
2017-08-19,43,LADIESWEAR,0,0,0,0,0
2017-08-19,43,LAWN AND GARDEN,0,0,0,0,0
2017-08-19,43,LINGERIE,0,0,0,0,0
2017-08-19,43,"LIQUOR,WINE,BEER",4,0,0,0,0
2017-08-19,43,MAGAZINES,0,0,0,0,0
2017-08-19,43,MEATS,0,0,0,0,0
2017-08-19,43,PERSONAL CARE,10,0,0,0,0
2017-08-19,43,PET SUPPLIES,0,0,0,0,0
2017-08-19,43,PLAYERS AND ELECTRONICS,0,0,0,0,0
2017-08-19,43,POULTRY,0,0,0,0,0
2017-08-19,43,PREPARED FOODS,0,0,0,0,0
2017-08-19,43,PRODUCE,0,0,0,0,0
2017-08-19,43,SCHOOL AND OFFICE SUPPLIES,0,0,0,0,0
2017-08-19,43,SEAFOOD,0,0,0,0,0
2017-08-19,44,AUTOMOTIVE,0,0,0,0,0
2017-08-19,44,BABY CARE,0,0,0,0,0
2017-08-19,44,BEAUTY,1,0,0,0,0
2017-08-19,44,BEVERAGES,19,0,0,0,0
2017-08-19,44,BOOKS,0,0,0,0,0
2017-08-19,44,BREAD/BAKERY,12,0,0,0,0
2017-08-19,44,CELEBRATION,0,0,0,0,0
2017-08-19,44,CLEANING,14,0,0,0,0
2017-08-19,44,DAIRY,22,0,0,0,0
2017-08-19,44,DELI,10,0,0,0,0
2017-08-19,44,EGGS,0,0,0,0,0
2017-08-19,44,FROZEN FOODS,0,0,0,0,0
2017-08-19,44,GROCERY I,38,0,0,0,0
2017-08-19,44,GROCERY II,0,0,0,0,0
2017-08-19,44,HARDWARE,0,0,0,0,0
2017-08-19,44,HOME AND KITCHEN I,1,0,0,0,0
2017-08-19,44,HOME AND KITCHEN II,3,0,0,0,0
2017-08-19,44,HOME APPLIANCES,0,0,0,0,0
2017-08-19,44,HOME CARE,9,0,0,0,0
2017-08-19,44,LADIESWEAR,14,0,0,0,0
2017-08-19,44,LAWN AND GARDEN,0,0,0,0,0
2017-08-19,44,LINGERIE,6,0,0,0,0
2017-08-19,44,"LIQUOR,WINE,BEER",7,0,0,0,0
2017-08-19,44,MAGAZINES,0,0,0,0,0
2017-08-19,44,MEATS,0,0,0,0,0
2017-08-19,44,PERSONAL CARE,17,0,0,0,0
2017-08-19,44,PET SUPPLIES,0,0,0,0,0
2017-08-19,44,PLAYERS AND ELECTRONICS,0,0,0,0,0
2017-08-19,44,POULTRY,0,0,0,0,0
2017-08-19,44,PREPARED FOODS,0,0,0,0,0
2017-08-19,44,PRODUCE,5,0,0,0,0
2017-08-19,44,SCHOOL AND OFFICE SUPPLIES,13,0,0,0,0
2017-08-19,44,SEAFOOD,0,0,0,0,0
2017-08-19,45,AUTOMOTIVE,0,0,0,0,0
2017-08-19,45,BABY CARE,0,0,0,0,0
2017-08-19,45,BEAUTY,2,0,0,0,0
2017-08-19,45,BEVERAGES,18,0,0,0,0
2017-08-19,45,BOOKS,0,0,0,0,0
2017-08-19,45,BREAD/BAKERY,12,0,0,0,0
2017-08-19,45,CELEBRATION,0,0,0,0,0
2017-08-19,45,CLEANING,10,0,0,0,0
2017-08-19,45,DAIRY,21,0,0,0,0
2017-08-19,45,DELI,10,0,0,0,0
2017-08-19,45,EGGS,0,0,0,0,0
2017-08-19,45,FROZEN FOODS,0,0,0,0,0
2017-08-19,45,GROCERY I,42,0,0,0,0
2017-08-19,45,GROCERY II,0,0,0,0,0
2017-08-19,45,HARDWARE,0,0,0,0,0
2017-08-19,45,HOME AND KITCHEN I,1,0,0,0,0
2017-08-19,45,HOME AND KITCHEN II,3,0,0,0,0
2017-08-19,45,HOME APPLIANCES,0,0,0,0,0
2017-08-19,45,HOME CARE,7,0,0,0,0
2017-08-19,45,LADIESWEAR,9,0,0,0,0
2017-08-19,45,LAWN AND GARDEN,0,0,0,0,0
2017-08-19,45,LINGERIE,5,0,0,0,0
2017-08-19,45,"LIQUOR,WINE,BEER",8,0,0,0,0
2017-08-19,45,MAGAZINES,0,0,0,0,0
2017-08-19,45,MEATS,1,0,0,0,0
2017-08-19,45,PERSONAL CARE,13,0,0,0,0
2017-08-19,45,PET SUPPLIES,0,0,0,0,0
2017-08-19,45,PLAYERS AND ELECTRONICS,1,0,0,0,0
2017-08-19,45,POULTRY,0,0,0,0,0
2017-08-19,45,PREPARED FOODS,0,0,0,0,0
2017-08-19,45,PRODUCE,7,0,0,0,0
2017-08-19,45,SCHOOL AND OFFICE SUPPLIES,12,0,0,0,0
2017-08-19,45,SEAFOOD,0,0,0,0,0
2017-08-19,46,AUTOMOTIVE,0,0,0,0,0
2017-08-19,46,BABY CARE,0,0,0,0,0
2017-08-19,46,BEAUTY,2,0,0,0,0
2017-08-19,46,BEVERAGES,16,0,0,0,0
2017-08-19,46,BOOKS,0,0,0,0,0
2017-08-19,46,BREAD/BAKERY,12,0,0,0,0
2017-08-19,46,CELEBRATION,0,0,0,0,0
2017-08-19,46,CLEANING,13,0,0,0,0
2017-08-19,46,DAIRY,22,0,0,0,0
2017-08-19,46,DELI,10,0,0,0,0
2017-08-19,46,EGGS,0,0,0,0,0
2017-08-19,46,FROZEN FOODS,0,0,0,0,0
2017-08-19,46,GROCERY I,40,0,0,0,0
2017-08-19,46,GROCERY II,0,0,0,0,0
2017-08-19,46,HARDWARE,0,0,0,0,0
2017-08-19,46,HOME AND KITCHEN I,1,0,0,0,0
2017-08-19,46,HOME AND KITCHEN II,3,0,0,0,0
2017-08-19,46,HOME APPLIANCES,0,0,0,0,0
2017-08-19,46,HOME CARE,9,0,0,0,0
2017-08-19,46,LADIESWEAR,12,0,0,0,0
2017-08-19,46,LAWN AND GARDEN,0,0,0,0,0
2017-08-19,46,LINGERIE,3,0,0,0,0
2017-08-19,46,"LIQUOR,WINE,BEER",6,0,0,0,0
2017-08-19,46,MAGAZINES,0,0,0,0,0
2017-08-19,46,MEATS,0,0,0,0,0
2017-08-19,46,PERSONAL CARE,14,0,0,0,0
2017-08-19,46,PET SUPPLIES,0,0,0,0,0
2017-08-19,46,PLAYERS AND ELECTRONICS,2,0,0,0,0
2017-08-19,46,POULTRY,0,0,0,0,0
2017-08-19,46,PREPARED FOODS,0,0,0,0,0
2017-08-19,46,PRODUCE,6,0,0,0,0
2017-08-19,46,SCHOOL AND OFFICE SUPPLIES,13,0,0,0,0
2017-08-19,46,SEAFOOD,0,0,0,0,0
2017-08-19,47,AUTOMOTIVE,0,0,0,0,0
2017-08-19,47,BABY CARE,0,0,0,0,0
2017-08-19,47,BEAUTY,2,0,0,0,0
2017-08-19,47,BEVERAGES,15,0,0,0,0
2017-08-19,47,BOOKS,0,0,0,0,0
2017-08-19,47,BREAD/BAKERY,12,0,0,0,0
2017-08-19,47,CELEBRATION,0,0,0,0,0
2017-08-19,47,CLEANING,14,0,0,0,0
2017-08-19,47,DAIRY,22,0,0,0,0
2017-08-19,47,DELI,9,0,0,0,0
2017-08-19,47,EGGS,0,0,0,0,0
2017-08-19,47,FROZEN FOODS,0,0,0,0,0
2017-08-19,47,GROCERY I,42,0,0,0,0
2017-08-19,47,GROCERY II,0,0,0,0,0
2017-08-19,47,HARDWARE,0,0,0,0,0
2017-08-19,47,HOME AND KITCHEN I,2,0,0,0,0
2017-08-19,47,HOME AND KITCHEN II,3,0,0,0,0
2017-08-19,47,HOME APPLIANCES,0,0,0,0,0
2017-08-19,47,HOME CARE,8,0,0,0,0
2017-08-19,47,LADIESWEAR,16,0,0,0,0
2017-08-19,47,LAWN AND GARDEN,0,0,0,0,0
2017-08-19,47,LINGERIE,6,0,0,0,0
2017-08-19,47,"LIQUOR,WINE,BEER",8,0,0,0,0
2017-08-19,47,MAGAZINES,0,0,0,0,0
2017-08-19,47,MEATS,0,0,0,0,0
2017-08-19,47,PERSONAL CARE,13,0,0,0,0
2017-08-19,47,PET SUPPLIES,0,0,0,0,0
2017-08-19,47,PLAYERS AND ELECTRONICS,0,0,0,0,0
2017-08-19,47,POULTRY,0,0,0,0,0
2017-08-19,47,PREPARED FOODS,0,0,0,0,0
2017-08-19,47,PRODUCE,5,0,0,0,0
2017-08-19,47,SCHOOL AND OFFICE SUPPLIES,12,0,0,0,0
2017-08-19,47,SEAFOOD,0,0,0,0,0
2017-08-19,48,AUTOMOTIVE,0,0,0,0,0
2017-08-19,48,BABY CARE,0,0,0,0,0
2017-08-19,48,BEAUTY,1,0,0,0,0
2017-08-19,48,BEVERAGES,18,0,0,0,0
2017-08-19,48,BOOKS,0,0,0,0,0
2017-08-19,48,BREAD/BAKERY,12,0,0,0,0
2017-08-19,48,CELEBRATION,0,0,0,0,0
2017-08-19,48,CLEANING,10,0,0,0,0
2017-08-19,48,DAIRY,21,0,0,0,0
2017-08-19,48,DELI,9,0,0,0,0
2017-08-19,48,EGGS,0,0,0,0,0
2017-08-19,48,FROZEN FOODS,0,0,0,0,0
2017-08-19,48,GROCERY I,40,0,0,0,0
2017-08-19,48,GROCERY II,0,0,0,0,0
2017-08-19,48,HARDWARE,0,0,0,0,0
2017-08-19,48,HOME AND KITCHEN I,0,0,0,0,0
2017-08-19,48,HOME AND KITCHEN II,2,0,0,0,0
2017-08-19,48,HOME APPLIANCES,0,0,0,0,0
2017-08-19,48,HOME CARE,7,0,0,0,0
2017-08-19,48,LADIESWEAR,11,0,0,0,0
2017-08-19,48,LAWN AND GARDEN,0,0,0,0,0
2017-08-19,48,LINGERIE,4,0,0,0,0
2017-08-19,48,"LIQUOR,WINE,BEER",6,0,0,0,0
2017-08-19,48,MAGAZINES,0,0,0,0,0
2017-08-19,48,MEATS,0,0,0,0,0
2017-08-19,48,PERSONAL CARE,12,0,0,0,0
2017-08-19,48,PET SUPPLIES,0,0,0,0,0
2017-08-19,48,PLAYERS AND ELECTRONICS,2,0,0,0,0
2017-08-19,48,POULTRY,0,0,0,0,0
2017-08-19,48,PREPARED FOODS,0,0,0,0,0
2017-08-19,48,PRODUCE,5,0,0,0,0
2017-08-19,48,SCHOOL AND OFFICE SUPPLIES,12,0,0,0,0
2017-08-19,48,SEAFOOD,0,0,0,0,0
2017-08-19,49,AUTOMOTIVE,0,0,0,0,0
2017-08-19,49,BABY CARE,0,0,0,0,0
2017-08-19,49,BEAUTY,2,0,0,0,0
2017-08-19,49,BEVERAGES,20,0,0,0,0
2017-08-19,49,BOOKS,0,0,0,0,0
2017-08-19,49,BREAD/BAKERY,11,0,0,0,0
2017-08-19,49,CELEBRATION,0,0,0,0,0
2017-08-19,49,CLEANING,11,0,0,0,0
2017-08-19,49,DAIRY,22,0,0,0,0
2017-08-19,49,DELI,9,0,0,0,0
2017-08-19,49,EGGS,0,0,0,0,0
2017-08-19,49,FROZEN FOODS,0,0,0,0,0
2017-08-19,49,GROCERY I,41,0,0,0,0
2017-08-19,49,GROCERY II,0,0,0,0,0
2017-08-19,49,HARDWARE,0,0,0,0,0
2017-08-19,49,HOME AND KITCHEN I,1,0,0,0,0
2017-08-19,49,HOME AND KITCHEN II,1,0,0,0,0
2017-08-19,49,HOME APPLIANCES,0,0,0,0,0
2017-08-19,49,HOME CARE,8,0,0,0,0
2017-08-19,49,LADIESWEAR,2,0,0,0,0
2017-08-19,49,LAWN AND GARDEN,0,0,0,0,0
2017-08-19,49,LINGERIE,3,0,0,0,0
2017-08-19,49,"LIQUOR,WINE,BEER",6,0,0,0,0
2017-08-19,49,MAGAZINES,0,0,0,0,0
2017-08-19,49,MEATS,0,0,0,0,0
2017-08-19,49,PERSONAL CARE,14,0,0,0,0
2017-08-19,49,PET SUPPLIES,0,0,0,0,0
2017-08-19,49,PLAYERS AND ELECTRONICS,0,0,0,0,0
2017-08-19,49,POULTRY,0,0,0,0,0
2017-08-19,49,PREPARED FOODS,0,0,0,0,0
2017-08-19,49,PRODUCE,6,0,0,0,0
2017-08-19,49,SCHOOL AND OFFICE SUPPLIES,10,0,0,0,0
2017-08-19,49,SEAFOOD,0,0,0,0,0
2017-08-19,50,AUTOMOTIVE,0,0,0,0,0
2017-08-19,50,BABY CARE,0,0,0,0,0
2017-08-19,50,BEAUTY,2,0,0,0,0
2017-08-19,50,BEVERAGES,17,0,0,0,0
2017-08-19,50,BOOKS,0,0,0,0,0
2017-08-19,50,BREAD/BAKERY,11,0,0,0,0
2017-08-19,50,CELEBRATION,0,0,0,0,0
2017-08-19,50,CLEANING,8,0,0,0,0
2017-08-19,50,DAIRY,18,0,0,0,0
2017-08-19,50,DELI,9,0,0,0,0
2017-08-19,50,EGGS,0,0,0,0,0
2017-08-19,50,FROZEN FOODS,0,0,0,0,0
2017-08-19,50,GROCERY I,37,0,0,0,0
2017-08-19,50,GROCERY II,0,0,0,0,0
2017-08-19,50,HARDWARE,0,0,0,0,0
2017-08-19,50,HOME AND KITCHEN I,0,0,0,0,0
2017-08-19,50,HOME AND KITCHEN II,2,0,0,0,0
2017-08-19,50,HOME APPLIANCES,0,0,0,0,0
2017-08-19,50,HOME CARE,5,0,0,0,0
2017-08-19,50,LADIESWEAR,7,0,0,0,0
2017-08-19,50,LAWN AND GARDEN,0,0,0,0,0
2017-08-19,50,LINGERIE,0,0,0,0,0
2017-08-19,50,"LIQUOR,WINE,BEER",9,0,0,0,0
2017-08-19,50,MAGAZINES,0,0,0,0,0
2017-08-19,50,MEATS,0,0,0,0,0
2017-08-19,50,PERSONAL CARE,11,0,0,0,0
2017-08-19,50,PET SUPPLIES,0,0,0,0,0
2017-08-19,50,PLAYERS AND ELECTRONICS,0,0,0,0,0
2017-08-19,50,POULTRY,0,0,0,0,0
2017-08-19,50,PREPARED FOODS,0,0,0,0,0
2017-08-19,50,PRODUCE,6,0,0,0,0
2017-08-19,50,SCHOOL AND OFFICE SUPPLIES,12,0,0,0,0
2017-08-19,50,SEAFOOD,0,0,0,0,0
2017-08-19,51,AUTOMOTIVE,0,0,0,0,0
2017-08-19,51,BABY CARE,0,0,0,0,0
2017-08-19,51,BEAUTY,2,0,0,0,0
2017-08-19,51,BEVERAGES,18,0,0,0,0
2017-08-19,51,BOOKS,0,0,0,0,0
2017-08-19,51,BREAD/BAKERY,13,0,0,0,0
2017-08-19,51,CELEBRATION,0,0,0,0,0
2017-08-19,51,CLEANING,9,0,0,0,0
2017-08-19,51,DAIRY,20,0,0,0,0
2017-08-19,51,DELI,11,0,0,0,0
2017-08-19,51,EGGS,0,0,0,0,0
2017-08-19,51,FROZEN FOODS,0,0,0,0,0
2017-08-19,51,GROCERY I,35,0,0,0,0
2017-08-19,51,GROCERY II,0,0,0,0,0
2017-08-19,51,HARDWARE,0,0,0,0,0
2017-08-19,51,HOME AND KITCHEN I,1,0,0,0,0
2017-08-19,51,HOME AND KITCHEN II,2,0,0,0,0
2017-08-19,51,HOME APPLIANCES,0,0,0,0,0
2017-08-19,51,HOME CARE,7,0,0,0,0
2017-08-19,51,LADIESWEAR,0,0,0,0,0
2017-08-19,51,LAWN AND GARDEN,0,0,0,0,0
2017-08-19,51,LINGERIE,0,0,0,0,0
2017-08-19,51,"LIQUOR,WINE,BEER",5,0,0,0,0
2017-08-19,51,MAGAZINES,0,0,0,0,0
2017-08-19,51,MEATS,0,0,0,0,0
2017-08-19,51,PERSONAL CARE,12,0,0,0,0
2017-08-19,51,PET SUPPLIES,0,0,0,0,0
2017-08-19,51,PLAYERS AND ELECTRONICS,1,0,0,0,0
2017-08-19,51,POULTRY,0,0,0,0,0
2017-08-19,51,PREPARED FOODS,0,0,0,0,0
2017-08-19,51,PRODUCE,6,0,0,0,0
2017-08-19,51,SCHOOL AND OFFICE SUPPLIES,0,0,0,0,0
2017-08-19,51,SEAFOOD,0,0,0,0,0
2017-08-19,52,AUTOMOTIVE,0,0,0,0,0
2017-08-19,52,BABY CARE,0,0,0,0,0
2017-08-19,52,BEAUTY,2,0,0,0,0
2017-08-19,52,BEVERAGES,18,0,0,0,0
2017-08-19,52,BOOKS,0,0,0,0,0
2017-08-19,52,BREAD/BAKERY,11,0,0,0,0
2017-08-19,52,CELEBRATION,0,0,0,0,0
2017-08-19,52,CLEANING,11,0,0,0,0
2017-08-19,52,DAIRY,21,0,0,0,0
2017-08-19,52,DELI,9,0,0,0,0
2017-08-19,52,EGGS,0,0,0,0,0
2017-08-19,52,FROZEN FOODS,0,0,0,0,0
2017-08-19,52,GROCERY I,38,0,0,0,0
2017-08-19,52,GROCERY II,0,0,0,0,0
2017-08-19,52,HARDWARE,0,0,0,0,0
2017-08-19,52,HOME AND KITCHEN I,1,0,0,0,0
2017-08-19,52,HOME AND KITCHEN II,1,0,0,0,0
2017-08-19,52,HOME APPLIANCES,0,0,0,0,0
2017-08-19,52,HOME CARE,7,0,0,0,0
2017-08-19,52,LADIESWEAR,0,0,0,0,0
2017-08-19,52,LAWN AND GARDEN,0,0,0,0,0
2017-08-19,52,LINGERIE,0,0,0,0,0
2017-08-19,52,"LIQUOR,WINE,BEER",6,0,0,0,0
2017-08-19,52,MAGAZINES,0,0,0,0,0
2017-08-19,52,MEATS,0,0,0,0,0
2017-08-19,52,PERSONAL CARE,12,0,0,0,0
2017-08-19,52,PET SUPPLIES,0,0,0,0,0
2017-08-19,52,PLAYERS AND ELECTRONICS,0,0,0,0,0
2017-08-19,52,POULTRY,0,0,0,0,0
2017-08-19,52,PREPARED FOODS,0,0,0,0,0
2017-08-19,52,PRODUCE,6,0,0,0,0
2017-08-19,52,SCHOOL AND OFFICE SUPPLIES,0,0,0,0,0
2017-08-19,52,SEAFOOD,0,0,0,0,0
2017-08-19,53,AUTOMOTIVE,0,0,0,0,0
2017-08-19,53,BABY CARE,0,0,0,0,0
2017-08-19,53,BEAUTY,1,0,0,0,0
2017-08-19,53,BEVERAGES,15,0,0,0,0
2017-08-19,53,BOOKS,0,0,0,0,0
2017-08-19,53,BREAD/BAKERY,11,0,0,0,0
2017-08-19,53,CELEBRATION,0,0,0,0,0
2017-08-19,53,CLEANING,9,0,0,0,0
2017-08-19,53,DAIRY,20,0,0,0,0
2017-08-19,53,DELI,9,0,0,0,0
2017-08-19,53,EGGS,0,0,0,0,0
2017-08-19,53,FROZEN FOODS,0,0,0,0,0
2017-08-19,53,GROCERY I,30,0,0,0,0
2017-08-19,53,GROCERY II,0,0,0,0,0
2017-08-19,53,HARDWARE,0,0,0,0,0
2017-08-19,53,HOME AND KITCHEN I,0,0,0,0,0
2017-08-19,53,HOME AND KITCHEN II,2,0,0,0,0
2017-08-19,53,HOME APPLIANCES,0,0,0,0,0
2017-08-19,53,HOME CARE,6,0,0,0,0
2017-08-19,53,LADIESWEAR,0,0,0,0,0
2017-08-19,53,LAWN AND GARDEN,0,0,0,0,0
2017-08-19,53,LINGERIE,0,0,0,0,0
2017-08-19,53,"LIQUOR,WINE,BEER",8,0,0,0,0
2017-08-19,53,MAGAZINES,0,0,0,0,0
2017-08-19,53,MEATS,0,0,0,0,0
2017-08-19,53,PERSONAL CARE,11,0,0,0,0
2017-08-19,53,PET SUPPLIES,0,0,0,0,0
2017-08-19,53,PLAYERS AND ELECTRONICS,0,0,0,0,0
2017-08-19,53,POULTRY,0,0,0,0,0
2017-08-19,53,PREPARED FOODS,0,0,0,0,0
2017-08-19,53,PRODUCE,2,0,0,0,0
2017-08-19,53,SCHOOL AND OFFICE SUPPLIES,0,0,0,0,0
2017-08-19,53,SEAFOOD,0,0,0,0,0
2017-08-19,54,AUTOMOTIVE,0,0,0,0,0
2017-08-19,54,BABY CARE,0,0,0,0,0
2017-08-19,54,BEAUTY,0,0,0,0,0
2017-08-19,54,BEVERAGES,26,0,0,0,0
2017-08-19,54,BOOKS,0,0,0,0,0
2017-08-19,54,BREAD/BAKERY,7,0,0,0,0
2017-08-19,54,CELEBRATION,0,0,0,0,0
2017-08-19,54,CLEANING,20,0,0,0,0
2017-08-19,54,DAIRY,6,0,0,0,0
2017-08-19,54,DELI,6,0,0,0,0
2017-08-19,54,EGGS,1,0,0,0,0
2017-08-19,54,FROZEN FOODS,8,0,0,0,0
2017-08-19,54,GROCERY I,47,0,0,0,0
2017-08-19,54,GROCERY II,0,0,0,0,0
2017-08-19,54,HARDWARE,0,0,0,0,0
2017-08-19,54,HOME AND KITCHEN I,0,0,0,0,0
2017-08-19,54,HOME AND KITCHEN II,0,0,0,0,0
2017-08-19,54,HOME APPLIANCES,0,0,0,0,0
2017-08-19,54,HOME CARE,9,0,0,0,0
2017-08-19,54,LADIESWEAR,0,0,0,0,0
2017-08-19,54,LAWN AND GARDEN,0,0,0,0,0
2017-08-19,54,LINGERIE,0,0,0,0,0
2017-08-19,54,"LIQUOR,WINE,BEER",3,0,0,0,0
2017-08-19,54,MAGAZINES,0,0,0,0,0
2017-08-19,54,MEATS,0,0,0,0,0
2017-08-19,54,PERSONAL CARE,8,0,0,0,0
2017-08-19,54,PET SUPPLIES,0,0,0,0,0
2017-08-19,54,PLAYERS AND ELECTRONICS,0,0,0,0,0
2017-08-19,54,POULTRY,0,0,0,0,0
2017-08-19,54,PREPARED FOODS,0,0,0,0,0
2017-08-19,54,PRODUCE,0,0,0,0,0
2017-08-19,54,SCHOOL AND OFFICE SUPPLIES,0,0,0,0,0
2017-08-19,54,SEAFOOD,1,0,0,0,0
2017-08-20,1,AUTOMOTIVE,0,0,0,0,0
2017-08-20,1,BABY CARE,0,0,0,0,0
2017-08-20,1,BEAUTY,1,0,0,0,0
2017-08-20,1,BEVERAGES,10,0,0,0,0
2017-08-20,1,BOOKS,0,0,0,0,0
2017-08-20,1,BREAD/BAKERY,5,0,0,0,0
2017-08-20,1,CELEBRATION,0,0,0,0,0
2017-08-20,1,CLEANING,4,0,0,0,0
2017-08-20,1,DAIRY,17,0,0,0,0
2017-08-20,1,DELI,6,0,0,0,0
2017-08-20,1,EGGS,0,0,0,0,0
2017-08-20,1,FROZEN FOODS,0,0,0,0,0
2017-08-20,1,GROCERY I,24,0,0,0,0
2017-08-20,1,GROCERY II,0,0,0,0,0
2017-08-20,1,HARDWARE,0,0,0,0,0
2017-08-20,1,HOME AND KITCHEN I,0,0,0,0,0
2017-08-20,1,HOME AND KITCHEN II,1,0,0,0,0
2017-08-20,1,HOME APPLIANCES,0,0,0,0,0
2017-08-20,1,HOME CARE,4,0,0,0,0
2017-08-20,1,LADIESWEAR,0,0,0,0,0
2017-08-20,1,LAWN AND GARDEN,0,0,0,0,0
2017-08-20,1,LINGERIE,0,0,0,0,0
2017-08-20,1,"LIQUOR,WINE,BEER",4,0,0,0,0
2017-08-20,1,MAGAZINES,0,0,0,0,0
2017-08-20,1,MEATS,0,0,0,0,0
2017-08-20,1,PERSONAL CARE,7,0,0,0,0
2017-08-20,1,PET SUPPLIES,0,0,0,0,0
2017-08-20,1,PLAYERS AND ELECTRONICS,0,0,0,0,0
2017-08-20,1,POULTRY,0,0,0,0,0
2017-08-20,1,PREPARED FOODS,0,0,0,0,0
2017-08-20,1,PRODUCE,5,0,0,0,0
2017-08-20,1,SCHOOL AND OFFICE SUPPLIES,0,0,0,0,0
2017-08-20,1,SEAFOOD,0,0,0,0,0
2017-08-20,2,AUTOMOTIVE,0,0,0,0,0
2017-08-20,2,BABY CARE,0,0,0,0,0
2017-08-20,2,BEAUTY,2,0,0,0,0
2017-08-20,2,BEVERAGES,15,0,0,0,0
2017-08-20,2,BOOKS,0,0,0,0,0
2017-08-20,2,BREAD/BAKERY,10,0,0,0,0
2017-08-20,2,CELEBRATION,0,0,0,0,0
2017-08-20,2,CLEANING,10,0,0,0,0
2017-08-20,2,DAIRY,20,0,0,0,0
2017-08-20,2,DELI,8,0,0,0,0
2017-08-20,2,EGGS,0,0,0,0,0
2017-08-20,2,FROZEN FOODS,0,0,0,0,0
2017-08-20,2,GROCERY I,41,0,0,0,0
2017-08-20,2,GROCERY II,0,0,0,0,0
2017-08-20,2,HARDWARE,1,0,0,0,0
2017-08-20,2,HOME AND KITCHEN I,0,0,0,0,0
2017-08-20,2,HOME AND KITCHEN II,1,0,0,0,0
2017-08-20,2,HOME APPLIANCES,0,0,0,0,0
2017-08-20,2,HOME CARE,5,0,0,0,0
2017-08-20,2,LADIESWEAR,0,0,0,0,0
2017-08-20,2,LAWN AND GARDEN,0,0,0,0,0
2017-08-20,2,LINGERIE,0,0,0,0,0
2017-08-20,2,"LIQUOR,WINE,BEER",5,0,0,0,0
2017-08-20,2,MAGAZINES,0,0,0,0,0
2017-08-20,2,MEATS,0,0,0,0,0
2017-08-20,2,PERSONAL CARE,11,0,0,0,0
2017-08-20,2,PET SUPPLIES,0,0,0,0,0
2017-08-20,2,PLAYERS AND ELECTRONICS,0,0,0,0,0
2017-08-20,2,POULTRY,0,0,0,0,0
2017-08-20,2,PREPARED FOODS,0,0,0,0,0
2017-08-20,2,PRODUCE,6,0,0,0,0
2017-08-20,2,SCHOOL AND OFFICE SUPPLIES,0,0,0,0,0
2017-08-20,2,SEAFOOD,0,0,0,0,0
2017-08-20,3,AUTOMOTIVE,0,0,0,0,0
2017-08-20,3,BABY CARE,0,0,0,0,0
2017-08-20,3,BEAUTY,1,0,0,0,0
2017-08-20,3,BEVERAGES,16,0,0,0,0
2017-08-20,3,BOOKS,0,0,0,0,0
2017-08-20,3,BREAD/BAKERY,12,0,0,0,0
2017-08-20,3,CELEBRATION,0,0,0,0,0
2017-08-20,3,CLEANING,12,0,0,0,0
2017-08-20,3,DAIRY,22,0,0,0,0
2017-08-20,3,DELI,7,0,0,0,0
2017-08-20,3,EGGS,0,0,0,0,0
2017-08-20,3,FROZEN FOODS,0,0,0,0,0
2017-08-20,3,GROCERY I,40,0,0,0,0
2017-08-20,3,GROCERY II,0,0,0,0,0
2017-08-20,3,HARDWARE,0,0,0,0,0
2017-08-20,3,HOME AND KITCHEN I,1,0,0,0,0
2017-08-20,3,HOME AND KITCHEN II,3,0,0,0,0
2017-08-20,3,HOME APPLIANCES,0,0,0,0,0
2017-08-20,3,HOME CARE,9,0,0,0,0
2017-08-20,3,LADIESWEAR,0,0,0,0,0
2017-08-20,3,LAWN AND GARDEN,0,0,0,0,0
2017-08-20,3,LINGERIE,5,0,0,0,0
2017-08-20,3,"LIQUOR,WINE,BEER",6,0,0,0,0
2017-08-20,3,MAGAZINES,0,0,0,0,0
2017-08-20,3,MEATS,0,0,0,0,0
2017-08-20,3,PERSONAL CARE,13,0,0,0,0
2017-08-20,3,PET SUPPLIES,0,0,0,0,0
2017-08-20,3,PLAYERS AND ELECTRONICS,0,0,0,0,0
2017-08-20,3,POULTRY,0,0,0,0,0
2017-08-20,3,PREPARED FOODS,0,0,0,0,0
2017-08-20,3,PRODUCE,6,0,0,0,0
2017-08-20,3,SCHOOL AND OFFICE SUPPLIES,0,0,0,0,0
2017-08-20,3,SEAFOOD,0,0,0,0,0
2017-08-20,4,AUTOMOTIVE,0,0,0,0,0
2017-08-20,4,BABY CARE,0,0,0,0,0
2017-08-20,4,BEAUTY,2,0,0,0,0
2017-08-20,4,BEVERAGES,13,0,0,0,0
2017-08-20,4,BOOKS,0,0,0,0,0
2017-08-20,4,BREAD/BAKERY,9,0,0,0,0
2017-08-20,4,CELEBRATION,0,0,0,0,0
2017-08-20,4,CLEANING,10,0,0,0,0
2017-08-20,4,DAIRY,17,0,0,0,0
2017-08-20,4,DELI,10,0,0,0,0
2017-08-20,4,EGGS,0,0,0,0,0
2017-08-20,4,FROZEN FOODS,0,0,0,0,0
2017-08-20,4,GROCERY I,34,0,0,0,0
2017-08-20,4,GROCERY II,0,0,0,0,0
2017-08-20,4,HARDWARE,0,0,0,0,0
2017-08-20,4,HOME AND KITCHEN I,0,0,0,0,0
2017-08-20,4,HOME AND KITCHEN II,0,0,0,0,0
2017-08-20,4,HOME APPLIANCES,0,0,0,0,0
2017-08-20,4,HOME CARE,8,0,0,0,0
2017-08-20,4,LADIESWEAR,0,0,0,0,0
2017-08-20,4,LAWN AND GARDEN,0,0,0,0,0
2017-08-20,4,LINGERIE,0,0,0,0,0
2017-08-20,4,"LIQUOR,WINE,BEER",5,0,0,0,0
2017-08-20,4,MAGAZINES,0,0,0,0,0
2017-08-20,4,MEATS,0,0,0,0,0
2017-08-20,4,PERSONAL CARE,9,0,0,0,0
2017-08-20,4,PET SUPPLIES,0,0,0,0,0
2017-08-20,4,PLAYERS AND ELECTRONICS,0,0,0,0,0
2017-08-20,4,POULTRY,0,0,0,0,0
2017-08-20,4,PREPARED FOODS,0,0,0,0,0
2017-08-20,4,PRODUCE,6,0,0,0,0
2017-08-20,4,SCHOOL AND OFFICE SUPPLIES,0,0,0,0,0
2017-08-20,4,SEAFOOD,0,0,0,0,0
2017-08-20,5,AUTOMOTIVE,0,0,0,0,0
2017-08-20,5,BABY CARE,0,0,0,0,0
2017-08-20,5,BEAUTY,1,0,0,0,0
2017-08-20,5,BEVERAGES,15,0,0,0,0
2017-08-20,5,BOOKS,0,0,0,0,0
2017-08-20,5,BREAD/BAKERY,9,0,0,0,0
2017-08-20,5,CELEBRATION,0,0,0,0,0
2017-08-20,5,CLEANING,10,0,0,0,0
2017-08-20,5,DAIRY,18,0,0,0,0
2017-08-20,5,DELI,8,0,0,0,0
2017-08-20,5,EGGS,0,0,0,0,0
2017-08-20,5,FROZEN FOODS,0,0,0,0,0
2017-08-20,5,GROCERY I,36,0,0,0,0
2017-08-20,5,GROCERY II,0,0,0,0,0
2017-08-20,5,HARDWARE,0,0,0,0,0
2017-08-20,5,HOME AND KITCHEN I,0,0,0,0,0
2017-08-20,5,HOME AND KITCHEN II,0,0,0,0,0
2017-08-20,5,HOME APPLIANCES,0,0,0,0,0
2017-08-20,5,HOME CARE,8,0,0,0,0
2017-08-20,5,LADIESWEAR,0,0,0,0,0
2017-08-20,5,LAWN AND GARDEN,0,0,0,0,0
2017-08-20,5,LINGERIE,0,0,0,0,0
2017-08-20,5,"LIQUOR,WINE,BEER",3,0,0,0,0
2017-08-20,5,MAGAZINES,0,0,0,0,0
2017-08-20,5,MEATS,0,0,0,0,0
2017-08-20,5,PERSONAL CARE,15,0,0,0,0
2017-08-20,5,PET SUPPLIES,0,0,0,0,0
2017-08-20,5,PLAYERS AND ELECTRONICS,0,0,0,0,0
2017-08-20,5,POULTRY,0,0,0,0,0
2017-08-20,5,PREPARED FOODS,0,0,0,0,0
2017-08-20,5,PRODUCE,5,0,0,0,0
2017-08-20,5,SCHOOL AND OFFICE SUPPLIES,0,0,0,0,0
2017-08-20,5,SEAFOOD,0,0,0,0,0
2017-08-20,6,AUTOMOTIVE,0,0,0,0,0
2017-08-20,6,BABY CARE,0,0,0,0,0
2017-08-20,6,BEAUTY,1,0,0,0,0
2017-08-20,6,BEVERAGES,20,0,0,0,0
2017-08-20,6,BOOKS,0,0,0,0,0
2017-08-20,6,BREAD/BAKERY,9,0,0,0,0
2017-08-20,6,CELEBRATION,0,0,0,0,0
2017-08-20,6,CLEANING,14,0,0,0,0
2017-08-20,6,DAIRY,22,0,0,0,0
2017-08-20,6,DELI,9,0,0,0,0
2017-08-20,6,EGGS,0,0,0,0,0
2017-08-20,6,FROZEN FOODS,0,0,0,0,0
2017-08-20,6,GROCERY I,36,0,0,0,0
2017-08-20,6,GROCERY II,0,0,0,0,0
2017-08-20,6,HARDWARE,0,0,0,0,0
2017-08-20,6,HOME AND KITCHEN I,1,0,0,0,0
2017-08-20,6,HOME AND KITCHEN II,2,0,0,0,0
2017-08-20,6,HOME APPLIANCES,0,0,0,0,0
2017-08-20,6,HOME CARE,7,0,0,0,0
2017-08-20,6,LADIESWEAR,0,0,0,0,0
2017-08-20,6,LAWN AND GARDEN,0,0,0,0,0
2017-08-20,6,LINGERIE,4,0,0,0,0
2017-08-20,6,"LIQUOR,WINE,BEER",5,0,0,0,0
2017-08-20,6,MAGAZINES,0,0,0,0,0
2017-08-20,6,MEATS,0,0,0,0,0
2017-08-20,6,PERSONAL CARE,12,0,0,0,0
2017-08-20,6,PET SUPPLIES,0,0,0,0,0
2017-08-20,6,PLAYERS AND ELECTRONICS,0,0,0,0,0
2017-08-20,6,POULTRY,0,0,0,0,0
2017-08-20,6,PREPARED FOODS,0,0,0,0,0
2017-08-20,6,PRODUCE,5,0,0,0,0
2017-08-20,6,SCHOOL AND OFFICE SUPPLIES,0,0,0,0,0
2017-08-20,6,SEAFOOD,0,0,0,0,0
2017-08-20,7,AUTOMOTIVE,0,0,0,0,0
2017-08-20,7,BABY CARE,0,0,0,0,0
2017-08-20,7,BEAUTY,2,0,0,0,0
2017-08-20,7,BEVERAGES,15,0,0,0,0
2017-08-20,7,BOOKS,0,0,0,0,0
2017-08-20,7,BREAD/BAKERY,8,0,0,0,0
2017-08-20,7,CELEBRATION,0,0,0,0,0
2017-08-20,7,CLEANING,7,0,0,0,0
2017-08-20,7,DAIRY,21,0,0,0,0
2017-08-20,7,DELI,10,0,0,0,0
2017-08-20,7,EGGS,0,0,0,0,0
2017-08-20,7,FROZEN FOODS,0,0,0,0,0
2017-08-20,7,GROCERY I,32,0,0,0,0
2017-08-20,7,GROCERY II,0,0,0,0,0
2017-08-20,7,HARDWARE,0,0,0,0,0
2017-08-20,7,HOME AND KITCHEN I,1,0,0,0,0
2017-08-20,7,HOME AND KITCHEN II,3,0,0,0,0
2017-08-20,7,HOME APPLIANCES,0,0,0,0,0
2017-08-20,7,HOME CARE,6,0,0,0,0
2017-08-20,7,LADIESWEAR,0,0,0,0,0
2017-08-20,7,LAWN AND GARDEN,0,0,0,0,0
2017-08-20,7,LINGERIE,3,0,0,0,0
2017-08-20,7,"LIQUOR,WINE,BEER",5,0,0,0,0
2017-08-20,7,MAGAZINES,0,0,0,0,0
2017-08-20,7,MEATS,0,0,0,0,0
2017-08-20,7,PERSONAL CARE,10,0,0,0,0
2017-08-20,7,PET SUPPLIES,0,0,0,0,0
2017-08-20,7,PLAYERS AND ELECTRONICS,0,0,0,0,0
2017-08-20,7,POULTRY,0,0,0,0,0
2017-08-20,7,PREPARED FOODS,0,0,0,0,0
2017-08-20,7,PRODUCE,3,0,0,0,0
2017-08-20,7,SCHOOL AND OFFICE SUPPLIES,0,0,0,0,0
2017-08-20,7,SEAFOOD,0,0,0,0,0
2017-08-20,8,AUTOMOTIVE,0,0,0,0,0
2017-08-20,8,BABY CARE,0,0,0,0,0
2017-08-20,8,BEAUTY,2,0,0,0,0
2017-08-20,8,BEVERAGES,18,0,0,0,0
2017-08-20,8,BOOKS,0,0,0,0,0
2017-08-20,8,BREAD/BAKERY,12,0,0,0,0
2017-08-20,8,CELEBRATION,0,0,0,0,0
2017-08-20,8,CLEANING,12,0,0,0,0
2017-08-20,8,DAIRY,21,0,0,0,0
2017-08-20,8,DELI,10,0,0,0,0
2017-08-20,8,EGGS,0,0,0,0,0
2017-08-20,8,FROZEN FOODS,0,0,0,0,0
2017-08-20,8,GROCERY I,37,0,0,0,0
2017-08-20,8,GROCERY II,0,0,0,0,0
2017-08-20,8,HARDWARE,0,0,0,0,0
2017-08-20,8,HOME AND KITCHEN I,0,0,0,0,0
2017-08-20,8,HOME AND KITCHEN II,3,0,0,0,0
2017-08-20,8,HOME APPLIANCES,0,0,0,0,0
2017-08-20,8,HOME CARE,6,0,0,0,0
2017-08-20,8,LADIESWEAR,0,0,0,0,0
2017-08-20,8,LAWN AND GARDEN,0,0,0,0,0
2017-08-20,8,LINGERIE,2,0,0,0,0
2017-08-20,8,"LIQUOR,WINE,BEER",5,0,0,0,0
2017-08-20,8,MAGAZINES,0,0,0,0,0
2017-08-20,8,MEATS,0,0,0,0,0
2017-08-20,8,PERSONAL CARE,12,0,0,0,0
2017-08-20,8,PET SUPPLIES,0,0,0,0,0
2017-08-20,8,PLAYERS AND ELECTRONICS,0,0,0,0,0
2017-08-20,8,POULTRY,0,0,0,0,0
2017-08-20,8,PREPARED FOODS,0,0,0,0,0
2017-08-20,8,PRODUCE,6,0,0,0,0
2017-08-20,8,SCHOOL AND OFFICE SUPPLIES,0,0,0,0,0
2017-08-20,8,SEAFOOD,0,0,0,0,0
2017-08-20,9,AUTOMOTIVE,0,0,0,0,0
2017-08-20,9,BABY CARE,0,0,0,0,0
2017-08-20,9,BEAUTY,1,0,0,0,0
2017-08-20,9,BEVERAGES,30,0,0,0,0
2017-08-20,9,BOOKS,0,0,0,0,0
2017-08-20,9,BREAD/BAKERY,74,0,0,0,0
2017-08-20,9,CELEBRATION,0,0,0,0,0
2017-08-20,9,CLEANING,24,0,0,0,0
2017-08-20,9,DAIRY,21,0,0,0,0
2017-08-20,9,DELI,10,0,0,0,0
2017-08-20,9,EGGS,1,0,0,0,0
2017-08-20,9,FROZEN FOODS,0,0,0,0,0
2017-08-20,9,GROCERY I,67,0,0,0,0
2017-08-20,9,GROCERY II,4,0,0,0,0
2017-08-20,9,HARDWARE,0,0,0,0,0
2017-08-20,9,HOME AND KITCHEN I,1,0,0,0,0
2017-08-20,9,HOME AND KITCHEN II,2,0,0,0,0
2017-08-20,9,HOME APPLIANCES,0,0,0,0,0
2017-08-20,9,HOME CARE,12,0,0,0,0
2017-08-20,9,LADIESWEAR,0,0,0,0,0
2017-08-20,9,LAWN AND GARDEN,0,0,0,0,0
2017-08-20,9,LINGERIE,4,0,0,0,0
2017-08-20,9,"LIQUOR,WINE,BEER",6,0,0,0,0
2017-08-20,9,MAGAZINES,0,0,0,0,0
2017-08-20,9,MEATS,0,0,0,0,0
2017-08-20,9,PERSONAL CARE,12,0,0,0,0
2017-08-20,9,PET SUPPLIES,0,0,0,0,0
2017-08-20,9,PLAYERS AND ELECTRONICS,0,0,0,0,0
2017-08-20,9,POULTRY,1,0,0,0,0
2017-08-20,9,PREPARED FOODS,0,0,0,0,0
2017-08-20,9,PRODUCE,1,0,0,0,0
2017-08-20,9,SCHOOL AND OFFICE SUPPLIES,8,0,0,0,0
2017-08-20,9,SEAFOOD,0,0,0,0,0
2017-08-20,10,AUTOMOTIVE,0,0,0,0,0
2017-08-20,10,BABY CARE,0,0,0,0,0
2017-08-20,10,BEAUTY,0,0,0,0,0
2017-08-20,10,BEVERAGES,21,0,0,0,0
2017-08-20,10,BOOKS,0,0,0,0,0
2017-08-20,10,BREAD/BAKERY,29,0,0,0,0
2017-08-20,10,CELEBRATION,0,0,0,0,0
2017-08-20,10,CLEANING,15,0,0,0,0
2017-08-20,10,DAIRY,9,0,0,0,0
2017-08-20,10,DELI,4,0,0,0,0
2017-08-20,10,EGGS,1,0,0,0,0
2017-08-20,10,FROZEN FOODS,0,0,0,0,0
2017-08-20,10,GROCERY I,56,0,0,0,0
2017-08-20,10,GROCERY II,2,0,0,0,0
2017-08-20,10,HARDWARE,0,0,0,0,0
2017-08-20,10,HOME AND KITCHEN I,0,0,0,0,0
2017-08-20,10,HOME AND KITCHEN II,0,0,0,0,0
2017-08-20,10,HOME APPLIANCES,0,0,0,0,0
2017-08-20,10,HOME CARE,10,0,0,0,0
2017-08-20,10,LADIESWEAR,0,0,0,0,0
2017-08-20,10,LAWN AND GARDEN,0,0,0,0,0
2017-08-20,10,LINGERIE,0,0,0,0,0
2017-08-20,10,"LIQUOR,WINE,BEER",0,0,0,0,0
2017-08-20,10,MAGAZINES,0,0,0,0,0
2017-08-20,10,MEATS,0,0,0,0,0
2017-08-20,10,PERSONAL CARE,9,0,0,0,0
2017-08-20,10,PET SUPPLIES,0,0,0,0,0
2017-08-20,10,PLAYERS AND ELECTRONICS,0,0,0,0,0
2017-08-20,10,POULTRY,0,0,0,0,0
2017-08-20,10,PREPARED FOODS,0,0,0,0,0
2017-08-20,10,PRODUCE,1,0,0,0,0
2017-08-20,10,SCHOOL AND OFFICE SUPPLIES,3,0,0,0,0
2017-08-20,10,SEAFOOD,0,0,0,0,0
2017-08-20,11,AUTOMOTIVE,0,0,0,0,0
2017-08-20,11,BABY CARE,0,0,0,0,0
2017-08-20,11,BEAUTY,0,0,0,0,0
2017-08-20,11,BEVERAGES,34,0,0,0,0
2017-08-20,11,BOOKS,0,0,0,0,0
2017-08-20,11,BREAD/BAKERY,63,0,0,0,0
2017-08-20,11,CELEBRATION,0,0,0,0,0
2017-08-20,11,CLEANING,24,0,0,0,0
2017-08-20,11,DAIRY,15,0,0,0,0
2017-08-20,11,DELI,10,0,0,0,0
2017-08-20,11,EGGS,1,0,0,0,0
2017-08-20,11,FROZEN FOODS,0,0,0,0,0
2017-08-20,11,GROCERY I,70,0,0,0,0
2017-08-20,11,GROCERY II,6,0,0,0,0
2017-08-20,11,HARDWARE,0,0,0,0,0
2017-08-20,11,HOME AND KITCHEN I,1,0,0,0,0
2017-08-20,11,HOME AND KITCHEN II,1,0,0,0,0
2017-08-20,11,HOME APPLIANCES,0,0,0,0,0
2017-08-20,11,HOME CARE,10,0,0,0,0
2017-08-20,11,LADIESWEAR,0,0,0,0,0
2017-08-20,11,LAWN AND GARDEN,0,0,0,0,0
2017-08-20,11,LINGERIE,0,0,0,0,0
2017-08-20,11,"LIQUOR,WINE,BEER",3,0,0,0,0
2017-08-20,11,MAGAZINES,0,0,0,0,0
2017-08-20,11,MEATS,0,0,0,0,0
2017-08-20,11,PERSONAL CARE,12,0,0,0,0
2017-08-20,11,PET SUPPLIES,0,0,0,0,0
2017-08-20,11,PLAYERS AND ELECTRONICS,0,0,0,0,0
2017-08-20,11,POULTRY,0,0,0,0,0
2017-08-20,11,PREPARED FOODS,0,0,0,0,0
2017-08-20,11,PRODUCE,1,0,0,0,0
2017-08-20,11,SCHOOL AND OFFICE SUPPLIES,9,0,0,0,0
2017-08-20,11,SEAFOOD,0,0,0,0,0
2017-08-20,12,AUTOMOTIVE,0,0,0,0,0
2017-08-20,12,BABY CARE,0,0,0,0,0
2017-08-20,12,BEAUTY,0,0,0,0,0
2017-08-20,12,BEVERAGES,21,0,0,0,0
2017-08-20,12,BOOKS,0,0,0,0,0
2017-08-20,12,BREAD/BAKERY,36,0,0,0,0
2017-08-20,12,CELEBRATION,0,0,0,0,0
2017-08-20,12,CLEANING,14,0,0,0,0
2017-08-20,12,DAIRY,15,0,0,0,0
2017-08-20,12,DELI,7,0,0,0,0
2017-08-20,12,EGGS,1,0,0,0,0
2017-08-20,12,FROZEN FOODS,0,0,0,0,0
2017-08-20,12,GROCERY I,51,0,0,0,0
2017-08-20,12,GROCERY II,3,0,0,0,0
2017-08-20,12,HARDWARE,0,0,0,0,0
2017-08-20,12,HOME AND KITCHEN I,0,0,0,0,0
2017-08-20,12,HOME AND KITCHEN II,1,0,0,0,0
2017-08-20,12,HOME APPLIANCES,0,0,0,0,0
2017-08-20,12,HOME CARE,8,0,0,0,0
2017-08-20,12,LADIESWEAR,0,0,0,0,0
2017-08-20,12,LAWN AND GARDEN,0,0,0,0,0
2017-08-20,12,LINGERIE,4,0,0,0,0
2017-08-20,12,"LIQUOR,WINE,BEER",3,0,0,0,0
2017-08-20,12,MAGAZINES,0,0,0,0,0
2017-08-20,12,MEATS,0,0,0,0,0
2017-08-20,12,PERSONAL CARE,9,0,0,0,0
2017-08-20,12,PET SUPPLIES,0,0,0,0,0
2017-08-20,12,PLAYERS AND ELECTRONICS,0,0,0,0,0
2017-08-20,12,POULTRY,0,0,0,0,0
2017-08-20,12,PREPARED FOODS,0,0,0,0,0
2017-08-20,12,PRODUCE,1,0,0,0,0
2017-08-20,12,SCHOOL AND OFFICE SUPPLIES,1,0,0,0,0
2017-08-20,12,SEAFOOD,0,0,0,0,0
2017-08-20,13,AUTOMOTIVE,0,0,0,0,0
2017-08-20,13,BABY CARE,0,0,0,0,0
2017-08-20,13,BEAUTY,1,0,0,0,0
2017-08-20,13,BEVERAGES,19,0,0,0,0
2017-08-20,13,BOOKS,0,0,0,0,0
2017-08-20,13,BREAD/BAKERY,28,0,0,0,0
2017-08-20,13,CELEBRATION,0,0,0,0,0
2017-08-20,13,CLEANING,16,0,0,0,0
2017-08-20,13,DAIRY,6,0,0,0,0
2017-08-20,13,DELI,3,0,0,0,0
2017-08-20,13,EGGS,1,0,0,0,0
2017-08-20,13,FROZEN FOODS,0,0,0,0,0
2017-08-20,13,GROCERY I,48,0,0,0,0
2017-08-20,13,GROCERY II,2,0,0,0,0
2017-08-20,13,HARDWARE,0,0,0,0,0
2017-08-20,13,HOME AND KITCHEN I,0,0,0,0,0
2017-08-20,13,HOME AND KITCHEN II,1,0,0,0,0
2017-08-20,13,HOME APPLIANCES,0,0,0,0,0
2017-08-20,13,HOME CARE,10,0,0,0,0
2017-08-20,13,LADIESWEAR,0,0,0,0,0
2017-08-20,13,LAWN AND GARDEN,0,0,0,0,0
2017-08-20,13,LINGERIE,0,0,0,0,0
2017-08-20,13,"LIQUOR,WINE,BEER",1,0,0,0,0
2017-08-20,13,MAGAZINES,0,0,0,0,0
2017-08-20,13,MEATS,0,0,0,0,0
2017-08-20,13,PERSONAL CARE,10,0,0,0,0
2017-08-20,13,PET SUPPLIES,0,0,0,0,0
2017-08-20,13,PLAYERS AND ELECTRONICS,0,0,0,0,0
2017-08-20,13,POULTRY,0,0,0,0,0
2017-08-20,13,PREPARED FOODS,0,0,0,0,0
2017-08-20,13,PRODUCE,0,0,0,0,0
2017-08-20,13,SCHOOL AND OFFICE SUPPLIES,3,0,0,0,0
2017-08-20,13,SEAFOOD,0,0,0,0,0
2017-08-20,14,AUTOMOTIVE,0,0,0,0,0
2017-08-20,14,BABY CARE,0,0,0,0,0
2017-08-20,14,BEAUTY,0,0,0,0,0
2017-08-20,14,BEVERAGES,22,0,0,0,0
2017-08-20,14,BOOKS,0,0,0,0,0
2017-08-20,14,BREAD/BAKERY,27,0,0,0,0
2017-08-20,14,CELEBRATION,0,0,0,0,0
2017-08-20,14,CLEANING,20,0,0,0,0
2017-08-20,14,DAIRY,13,0,0,0,0
2017-08-20,14,DELI,6,0,0,0,0
2017-08-20,14,EGGS,1,0,0,0,0
2017-08-20,14,FROZEN FOODS,0,0,0,0,0
2017-08-20,14,GROCERY I,49,0,0,0,0
2017-08-20,14,GROCERY II,1,0,0,0,0
2017-08-20,14,HARDWARE,0,0,0,0,0
2017-08-20,14,HOME AND KITCHEN I,0,0,0,0,0
2017-08-20,14,HOME AND KITCHEN II,0,0,0,0,0
2017-08-20,14,HOME APPLIANCES,0,0,0,0,0
2017-08-20,14,HOME CARE,6,0,0,0,0
2017-08-20,14,LADIESWEAR,0,0,0,0,0
2017-08-20,14,LAWN AND GARDEN,0,0,0,0,0
2017-08-20,14,LINGERIE,0,0,0,0,0
2017-08-20,14,"LIQUOR,WINE,BEER",1,0,0,0,0
2017-08-20,14,MAGAZINES,0,0,0,0,0
2017-08-20,14,MEATS,0,0,0,0,0
2017-08-20,14,PERSONAL CARE,9,0,0,0,0
2017-08-20,14,PET SUPPLIES,0,0,0,0,0
2017-08-20,14,PLAYERS AND ELECTRONICS,0,0,0,0,0
2017-08-20,14,POULTRY,0,0,0,0,0
2017-08-20,14,PREPARED FOODS,0,0,0,0,0
2017-08-20,14,PRODUCE,1,0,0,0,0
2017-08-20,14,SCHOOL AND OFFICE SUPPLIES,3,0,0,0,0
2017-08-20,14,SEAFOOD,0,0,0,0,0
2017-08-20,15,AUTOMOTIVE,1,0,0,0,0
2017-08-20,15,BABY CARE,0,0,0,0,0
2017-08-20,15,BEAUTY,0,0,0,0,0
2017-08-20,15,BEVERAGES,21,0,0,0,0
2017-08-20,15,BOOKS,0,0,0,0,0
2017-08-20,15,BREAD/BAKERY,31,0,0,0,0
2017-08-20,15,CELEBRATION,0,0,0,0,0
2017-08-20,15,CLEANING,23,0,0,0,0
2017-08-20,15,DAIRY,13,0,0,0,0
2017-08-20,15,DELI,6,0,0,0,0
2017-08-20,15,EGGS,1,0,0,0,0
2017-08-20,15,FROZEN FOODS,0,0,0,0,0
2017-08-20,15,GROCERY I,57,0,0,0,0
2017-08-20,15,GROCERY II,2,0,0,0,0
2017-08-20,15,HARDWARE,0,0,0,0,0
2017-08-20,15,HOME AND KITCHEN I,0,0,0,0,0
2017-08-20,15,HOME AND KITCHEN II,2,0,0,0,0
2017-08-20,15,HOME APPLIANCES,0,0,0,0,0
2017-08-20,15,HOME CARE,9,0,0,0,0
2017-08-20,15,LADIESWEAR,0,0,0,0,0
2017-08-20,15,LAWN AND GARDEN,0,0,0,0,0
2017-08-20,15,LINGERIE,0,0,0,0,0
2017-08-20,15,"LIQUOR,WINE,BEER",0,0,0,0,0
2017-08-20,15,MAGAZINES,0,0,0,0,0
2017-08-20,15,MEATS,0,0,0,0,0
2017-08-20,15,PERSONAL CARE,10,0,0,0,0
2017-08-20,15,PET SUPPLIES,0,0,0,0,0
2017-08-20,15,PLAYERS AND ELECTRONICS,0,0,0,0,0
2017-08-20,15,POULTRY,0,0,0,0,0
2017-08-20,15,PREPARED FOODS,0,0,0,0,0
2017-08-20,15,PRODUCE,2,0,0,0,0
2017-08-20,15,SCHOOL AND OFFICE SUPPLIES,5,0,0,0,0
2017-08-20,15,SEAFOOD,0,0,0,0,0
2017-08-20,16,AUTOMOTIVE,0,0,0,0,0
2017-08-20,16,BABY CARE,0,0,0,0,0
2017-08-20,16,BEAUTY,1,0,0,0,0
2017-08-20,16,BEVERAGES,20,0,0,0,0
2017-08-20,16,BOOKS,0,0,0,0,0
2017-08-20,16,BREAD/BAKERY,38,0,0,0,0
2017-08-20,16,CELEBRATION,0,0,0,0,0
2017-08-20,16,CLEANING,19,0,0,0,0
2017-08-20,16,DAIRY,10,0,0,0,0
2017-08-20,16,DELI,6,0,0,0,0
2017-08-20,16,EGGS,1,0,0,0,0
2017-08-20,16,FROZEN FOODS,0,0,0,0,0
2017-08-20,16,GROCERY I,48,0,0,0,0
2017-08-20,16,GROCERY II,3,0,0,0,0
2017-08-20,16,HARDWARE,0,0,0,0,0
2017-08-20,16,HOME AND KITCHEN I,0,0,0,0,0
2017-08-20,16,HOME AND KITCHEN II,1,0,0,0,0
2017-08-20,16,HOME APPLIANCES,0,0,0,0,0
2017-08-20,16,HOME CARE,9,0,0,0,0
2017-08-20,16,LADIESWEAR,0,0,0,0,0
2017-08-20,16,LAWN AND GARDEN,0,0,0,0,0
2017-08-20,16,LINGERIE,0,0,0,0,0
2017-08-20,16,"LIQUOR,WINE,BEER",3,0,0,0,0
2017-08-20,16,MAGAZINES,0,0,0,0,0
2017-08-20,16,MEATS,0,0,0,0,0
2017-08-20,16,PERSONAL CARE,10,0,0,0,0
2017-08-20,16,PET SUPPLIES,0,0,0,0,0
2017-08-20,16,PLAYERS AND ELECTRONICS,0,0,0,0,0
2017-08-20,16,POULTRY,0,0,0,0,0
2017-08-20,16,PREPARED FOODS,0,0,0,0,0
2017-08-20,16,PRODUCE,0,0,0,0,0
2017-08-20,16,SCHOOL AND OFFICE SUPPLIES,0,0,0,0,0
2017-08-20,16,SEAFOOD,0,0,0,0,0
2017-08-20,17,AUTOMOTIVE,0,0,0,0,0
2017-08-20,17,BABY CARE,0,0,0,0,0
2017-08-20,17,BEAUTY,1,0,0,0,0
2017-08-20,17,BEVERAGES,20,0,0,0,0
2017-08-20,17,BOOKS,0,0,0,0,0
2017-08-20,17,BREAD/BAKERY,57,0,0,0,0
2017-08-20,17,CELEBRATION,0,0,0,0,0
2017-08-20,17,CLEANING,17,0,0,0,0
2017-08-20,17,DAIRY,17,0,0,0,0
2017-08-20,17,DELI,8,0,0,0,0
2017-08-20,17,EGGS,1,0,0,0,0
2017-08-20,17,FROZEN FOODS,0,0,0,0,0
2017-08-20,17,GROCERY I,57,0,0,0,0
2017-08-20,17,GROCERY II,5,0,0,0,0
2017-08-20,17,HARDWARE,0,0,0,0,0
2017-08-20,17,HOME AND KITCHEN I,1,0,0,0,0
2017-08-20,17,HOME AND KITCHEN II,0,0,0,0,0
2017-08-20,17,HOME APPLIANCES,0,0,0,0,0
2017-08-20,17,HOME CARE,10,0,0,0,0
2017-08-20,17,LADIESWEAR,0,0,0,0,0
2017-08-20,17,LAWN AND GARDEN,0,0,0,0,0
2017-08-20,17,LINGERIE,3,0,0,0,0
2017-08-20,17,"LIQUOR,WINE,BEER",3,0,0,0,0
2017-08-20,17,MAGAZINES,0,0,0,0,0
2017-08-20,17,MEATS,0,0,0,0,0
2017-08-20,17,PERSONAL CARE,11,0,0,0,0
2017-08-20,17,PET SUPPLIES,0,0,0,0,0
2017-08-20,17,PLAYERS AND ELECTRONICS,0,0,0,0,0
2017-08-20,17,POULTRY,1,0,0,0,0
2017-08-20,17,PREPARED FOODS,0,0,0,0,0
2017-08-20,17,PRODUCE,0,0,0,0,0
2017-08-20,17,SCHOOL AND OFFICE SUPPLIES,7,0,0,0,0
2017-08-20,17,SEAFOOD,0,0,0,0,0
2017-08-20,18,AUTOMOTIVE,0,0,0,0,0
2017-08-20,18,BABY CARE,0,0,0,0,0
2017-08-20,18,BEAUTY,2,0,0,0,0
2017-08-20,18,BEVERAGES,27,0,0,0,0
2017-08-20,18,BOOKS,0,0,0,0,0
2017-08-20,18,BREAD/BAKERY,84,0,0,0,0
2017-08-20,18,CELEBRATION,0,0,0,0,0
2017-08-20,18,CLEANING,22,0,0,0,0
2017-08-20,18,DAIRY,22,0,0,0,0
2017-08-20,18,DELI,10,0,0,0,0
2017-08-20,18,EGGS,1,0,0,0,0
2017-08-20,18,FROZEN FOODS,0,0,0,0,0
2017-08-20,18,GROCERY I,62,0,0,0,0
2017-08-20,18,GROCERY II,5,0,0,0,0
2017-08-20,18,HARDWARE,0,0,0,0,0
2017-08-20,18,HOME AND KITCHEN I,0,0,0,0,0
2017-08-20,18,HOME AND KITCHEN II,1,0,0,0,0
2017-08-20,18,HOME APPLIANCES,0,0,0,0,0
2017-08-20,18,HOME CARE,12,0,0,0,0
2017-08-20,18,LADIESWEAR,0,0,0,0,0
2017-08-20,18,LAWN AND GARDEN,0,0,0,0,0
2017-08-20,18,LINGERIE,1,0,0,0,0
2017-08-20,18,"LIQUOR,WINE,BEER",5,0,0,0,0
2017-08-20,18,MAGAZINES,0,0,0,0,0
2017-08-20,18,MEATS,0,0,0,0,0
2017-08-20,18,PERSONAL CARE,11,0,0,0,0
2017-08-20,18,PET SUPPLIES,0,0,0,0,0
2017-08-20,18,PLAYERS AND ELECTRONICS,0,0,0,0,0
2017-08-20,18,POULTRY,1,0,0,0,0
2017-08-20,18,PREPARED FOODS,0,0,0,0,0
2017-08-20,18,PRODUCE,1,0,0,0,0
2017-08-20,18,SCHOOL AND OFFICE SUPPLIES,9,0,0,0,0
2017-08-20,18,SEAFOOD,0,0,0,0,0
2017-08-20,19,AUTOMOTIVE,0,0,0,0,0
2017-08-20,19,BABY CARE,0,0,0,0,0
2017-08-20,19,BEAUTY,0,0,0,0,0
2017-08-20,19,BEVERAGES,17,0,0,0,0
2017-08-20,19,BOOKS,0,0,0,0,0
2017-08-20,19,BREAD/BAKERY,32,0,0,0,0
2017-08-20,19,CELEBRATION,0,0,0,0,0
2017-08-20,19,CLEANING,13,0,0,0,0
2017-08-20,19,DAIRY,8,0,0,0,0
2017-08-20,19,DELI,7,0,0,0,0
2017-08-20,19,EGGS,1,0,0,0,0
2017-08-20,19,FROZEN FOODS,0,0,0,0,0
2017-08-20,19,GROCERY I,51,0,0,0,0
2017-08-20,19,GROCERY II,3,0,0,0,0
2017-08-20,19,HARDWARE,0,0,0,0,0
2017-08-20,19,HOME AND KITCHEN I,0,0,0,0,0
2017-08-20,19,HOME AND KITCHEN II,0,0,0,0,0
2017-08-20,19,HOME APPLIANCES,0,0,0,0,0
2017-08-20,19,HOME CARE,8,0,0,0,0
2017-08-20,19,LADIESWEAR,0,0,0,0,0
2017-08-20,19,LAWN AND GARDEN,0,0,0,0,0
2017-08-20,19,LINGERIE,0,0,0,0,0
2017-08-20,19,"LIQUOR,WINE,BEER",1,0,0,0,0
2017-08-20,19,MAGAZINES,0,0,0,0,0
2017-08-20,19,MEATS,0,0,0,0,0
2017-08-20,19,PERSONAL CARE,8,0,0,0,0
2017-08-20,19,PET SUPPLIES,0,0,0,0,0
2017-08-20,19,PLAYERS AND ELECTRONICS,0,0,0,0,0
2017-08-20,19,POULTRY,0,0,0,0,0
2017-08-20,19,PREPARED FOODS,0,0,0,0,0
2017-08-20,19,PRODUCE,1,0,0,0,0
2017-08-20,19,SCHOOL AND OFFICE SUPPLIES,2,0,0,0,0
2017-08-20,19,SEAFOOD,0,0,0,0,0
2017-08-20,20,AUTOMOTIVE,0,0,0,0,0
2017-08-20,20,BABY CARE,0,0,0,0,0
2017-08-20,20,BEAUTY,1,0,0,0,0
2017-08-20,20,BEVERAGES,29,0,0,0,0
2017-08-20,20,BOOKS,0,0,0,0,0
2017-08-20,20,BREAD/BAKERY,76,0,0,0,0
2017-08-20,20,CELEBRATION,0,0,0,0,0
2017-08-20,20,CLEANING,28,0,0,0,0
2017-08-20,20,DAIRY,22,0,0,0,0
2017-08-20,20,DELI,10,0,0,0,0
2017-08-20,20,EGGS,1,0,0,0,0
2017-08-20,20,FROZEN FOODS,0,0,0,0,0
2017-08-20,20,GROCERY I,68,0,0,0,0
2017-08-20,20,GROCERY II,4,0,0,0,0
2017-08-20,20,HARDWARE,0,0,0,0,0
2017-08-20,20,HOME AND KITCHEN I,0,0,0,0,0
2017-08-20,20,HOME AND KITCHEN II,2,0,0,0,0
2017-08-20,20,HOME APPLIANCES,0,0,0,0,0
2017-08-20,20,HOME CARE,10,0,0,0,0
2017-08-20,20,LADIESWEAR,0,0,0,0,0
2017-08-20,20,LAWN AND GARDEN,0,0,0,0,0
2017-08-20,20,LINGERIE,1,0,0,0,0
2017-08-20,20,"LIQUOR,WINE,BEER",4,0,0,0,0
2017-08-20,20,MAGAZINES,0,0,0,0,0
2017-08-20,20,MEATS,0,0,0,0,0
2017-08-20,20,PERSONAL CARE,14,0,0,0,0
2017-08-20,20,PET SUPPLIES,0,0,0,0,0
2017-08-20,20,PLAYERS AND ELECTRONICS,0,0,0,0,0
2017-08-20,20,POULTRY,1,0,0,0,0
2017-08-20,20,PREPARED FOODS,0,0,0,0,0
2017-08-20,20,PRODUCE,1,0,0,0,0
2017-08-20,20,SCHOOL AND OFFICE SUPPLIES,8,0,0,0,0
2017-08-20,20,SEAFOOD,0,0,0,0,0
2017-08-20,21,AUTOMOTIVE,0,0,0,0,0
2017-08-20,21,BABY CARE,0,0,0,0,0
2017-08-20,21,BEAUTY,1,0,0,0,0
2017-08-20,21,BEVERAGES,30,0,0,0,0
2017-08-20,21,BOOKS,0,0,0,0,0
2017-08-20,21,BREAD/BAKERY,76,0,0,0,0
2017-08-20,21,CELEBRATION,0,0,0,0,0
2017-08-20,21,CLEANING,27,0,0,0,0
2017-08-20,21,DAIRY,16,0,0,0,0
2017-08-20,21,DELI,10,0,0,0,0
2017-08-20,21,EGGS,1,0,0,0,0
2017-08-20,21,FROZEN FOODS,0,0,0,0,0
2017-08-20,21,GROCERY I,70,0,0,0,0
2017-08-20,21,GROCERY II,5,0,0,0,0
2017-08-20,21,HARDWARE,0,0,0,0,0
2017-08-20,21,HOME AND KITCHEN I,1,0,0,0,0
2017-08-20,21,HOME AND KITCHEN II,2,0,0,0,0
2017-08-20,21,HOME APPLIANCES,0,0,0,0,0
2017-08-20,21,HOME CARE,12,0,0,0,0
2017-08-20,21,LADIESWEAR,0,0,0,0,0
2017-08-20,21,LAWN AND GARDEN,0,0,0,0,0
2017-08-20,21,LINGERIE,0,0,0,0,0
2017-08-20,21,"LIQUOR,WINE,BEER",5,0,0,0,0
2017-08-20,21,MAGAZINES,0,0,0,0,0
2017-08-20,21,MEATS,0,0,0,0,0
2017-08-20,21,PERSONAL CARE,12,0,0,0,0
2017-08-20,21,PET SUPPLIES,0,0,0,0,0
2017-08-20,21,PLAYERS AND ELECTRONICS,0,0,0,0,0
2017-08-20,21,POULTRY,1,0,0,0,0
2017-08-20,21,PREPARED FOODS,0,0,0,0,0
2017-08-20,21,PRODUCE,0,0,0,0,0
2017-08-20,21,SCHOOL AND OFFICE SUPPLIES,0,0,0,0,0
2017-08-20,21,SEAFOOD,0,0,0,0,0
2017-08-20,22,AUTOMOTIVE,0,0,0,0,0
2017-08-20,22,BABY CARE,0,0,0,0,0
2017-08-20,22,BEAUTY,0,0,0,0,0
2017-08-20,22,BEVERAGES,22,0,0,0,0
2017-08-20,22,BOOKS,0,0,0,0,0
2017-08-20,22,BREAD/BAKERY,33,0,0,0,0
2017-08-20,22,CELEBRATION,0,0,0,0,0
2017-08-20,22,CLEANING,20,0,0,0,0
2017-08-20,22,DAIRY,9,0,0,0,0
2017-08-20,22,DELI,6,0,0,0,0
2017-08-20,22,EGGS,1,0,0,0,0
2017-08-20,22,FROZEN FOODS,0,0,0,0,0
2017-08-20,22,GROCERY I,54,0,0,0,0
2017-08-20,22,GROCERY II,1,0,0,0,0
2017-08-20,22,HARDWARE,0,0,0,0,0
2017-08-20,22,HOME AND KITCHEN I,1,0,0,0,0
2017-08-20,22,HOME AND KITCHEN II,1,0,0,0,0
2017-08-20,22,HOME APPLIANCES,0,0,0,0,0
2017-08-20,22,HOME CARE,8,0,0,0,0
2017-08-20,22,LADIESWEAR,0,0,0,0,0
2017-08-20,22,LAWN AND GARDEN,0,0,0,0,0
2017-08-20,22,LINGERIE,0,0,0,0,0
2017-08-20,22,"LIQUOR,WINE,BEER",2,0,0,0,0
2017-08-20,22,MAGAZINES,0,0,0,0,0
2017-08-20,22,MEATS,0,0,0,0,0
2017-08-20,22,PERSONAL CARE,10,0,0,0,0
2017-08-20,22,PET SUPPLIES,0,0,0,0,0
2017-08-20,22,PLAYERS AND ELECTRONICS,0,0,0,0,0
2017-08-20,22,POULTRY,0,0,0,0,0
2017-08-20,22,PREPARED FOODS,0,0,0,0,0
2017-08-20,22,PRODUCE,0,0,0,0,0
2017-08-20,22,SCHOOL AND OFFICE SUPPLIES,4,0,0,0,0
2017-08-20,22,SEAFOOD,0,0,0,0,0
2017-08-20,23,AUTOMOTIVE,0,0,0,0,0
2017-08-20,23,BABY CARE,0,0,0,0,0
2017-08-20,23,BEAUTY,1,0,0,0,0
2017-08-20,23,BEVERAGES,14,0,0,0,0
2017-08-20,23,BOOKS,0,0,0,0,0
2017-08-20,23,BREAD/BAKERY,5,0,0,0,0
2017-08-20,23,CELEBRATION,0,0,0,0,0
2017-08-20,23,CLEANING,8,0,0,0,0
2017-08-20,23,DAIRY,13,0,0,0,0
2017-08-20,23,DELI,7,0,0,0,0
2017-08-20,23,EGGS,0,0,0,0,0
2017-08-20,23,FROZEN FOODS,0,0,0,0,0
2017-08-20,23,GROCERY I,28,0,0,0,0
2017-08-20,23,GROCERY II,0,0,0,0,0
2017-08-20,23,HARDWARE,0,0,0,0,0
2017-08-20,23,HOME AND KITCHEN I,1,0,0,0,0
2017-08-20,23,HOME AND KITCHEN II,3,0,0,0,0
2017-08-20,23,HOME APPLIANCES,0,0,0,0,0
2017-08-20,23,HOME CARE,6,0,0,0,0
2017-08-20,23,LADIESWEAR,0,0,0,0,0
2017-08-20,23,LAWN AND GARDEN,0,0,0,0,0
2017-08-20,23,LINGERIE,2,0,0,0,0
2017-08-20,23,"LIQUOR,WINE,BEER",5,0,0,0,0
2017-08-20,23,MAGAZINES,0,0,0,0,0
2017-08-20,23,MEATS,0,0,0,0,0
2017-08-20,23,PERSONAL CARE,11,0,0,0,0
2017-08-20,23,PET SUPPLIES,0,0,0,0,0
2017-08-20,23,PLAYERS AND ELECTRONICS,0,0,0,0,0
2017-08-20,23,POULTRY,0,0,0,0,0
2017-08-20,23,PREPARED FOODS,0,0,0,0,0
2017-08-20,23,PRODUCE,5,0,0,0,0
2017-08-20,23,SCHOOL AND OFFICE SUPPLIES,0,0,0,0,0
2017-08-20,23,SEAFOOD,0,0,0,0,0
2017-08-20,24,AUTOMOTIVE,0,0,0,0,0
2017-08-20,24,BABY CARE,0,0,0,0,0
2017-08-20,24,BEAUTY,0,0,0,0,0
2017-08-20,24,BEVERAGES,17,0,0,0,0
2017-08-20,24,BOOKS,0,0,0,0,0
2017-08-20,24,BREAD/BAKERY,11,0,0,0,0
2017-08-20,24,CELEBRATION,0,0,0,0,0
2017-08-20,24,CLEANING,10,0,0,0,0
2017-08-20,24,DAIRY,20,0,0,0,0
2017-08-20,24,DELI,10,0,0,0,0
2017-08-20,24,EGGS,0,0,0,0,0
2017-08-20,24,FROZEN FOODS,0,0,0,0,0
2017-08-20,24,GROCERY I,31,0,0,0,0
2017-08-20,24,GROCERY II,0,0,0,0,0
2017-08-20,24,HARDWARE,0,0,0,0,0
2017-08-20,24,HOME AND KITCHEN I,2,0,0,0,0
2017-08-20,24,HOME AND KITCHEN II,4,0,0,0,0
2017-08-20,24,HOME APPLIANCES,0,0,0,0,0
2017-08-20,24,HOME CARE,7,0,0,0,0
2017-08-20,24,LADIESWEAR,0,0,0,0,0
2017-08-20,24,LAWN AND GARDEN,0,0,0,0,0
2017-08-20,24,LINGERIE,0,0,0,0,0
2017-08-20,24,"LIQUOR,WINE,BEER",4,0,0,0,0
2017-08-20,24,MAGAZINES,0,0,0,0,0
2017-08-20,24,MEATS,0,0,0,0,0
2017-08-20,24,PERSONAL CARE,11,0,0,0,0
2017-08-20,24,PET SUPPLIES,0,0,0,0,0
2017-08-20,24,PLAYERS AND ELECTRONICS,0,0,0,0,0
2017-08-20,24,POULTRY,0,0,0,0,0
2017-08-20,24,PREPARED FOODS,0,0,0,0,0
2017-08-20,24,PRODUCE,6,0,0,0,0
2017-08-20,24,SCHOOL AND OFFICE SUPPLIES,0,0,0,0,0
2017-08-20,24,SEAFOOD,0,0,0,0,0
2017-08-20,25,AUTOMOTIVE,0,0,0,0,0
2017-08-20,25,BABY CARE,0,0,0,0,0
2017-08-20,25,BEAUTY,1,0,0,0,0
2017-08-20,25,BEVERAGES,15,0,0,0,0
2017-08-20,25,BOOKS,0,0,0,0,0
2017-08-20,25,BREAD/BAKERY,12,0,0,0,0
2017-08-20,25,CELEBRATION,0,0,0,0,0
2017-08-20,25,CLEANING,7,0,0,0,0
2017-08-20,25,DAIRY,15,0,0,0,0
2017-08-20,25,DELI,6,0,0,0,0
2017-08-20,25,EGGS,0,0,0,0,0
2017-08-20,25,FROZEN FOODS,0,0,0,0,0
2017-08-20,25,GROCERY I,34,0,0,0,0
2017-08-20,25,GROCERY II,0,0,0,0,0
2017-08-20,25,HARDWARE,0,0,0,0,0
2017-08-20,25,HOME AND KITCHEN I,0,0,0,0,0
2017-08-20,25,HOME AND KITCHEN II,0,0,0,0,0
2017-08-20,25,HOME APPLIANCES,0,0,0,0,0
2017-08-20,25,HOME CARE,4,0,0,0,0
2017-08-20,25,LADIESWEAR,0,0,0,0,0
2017-08-20,25,LAWN AND GARDEN,0,0,0,0,0
2017-08-20,25,LINGERIE,0,0,0,0,0
2017-08-20,25,"LIQUOR,WINE,BEER",5,0,0,0,0
2017-08-20,25,MAGAZINES,0,0,0,0,0
2017-08-20,25,MEATS,0,0,0,0,0
2017-08-20,25,PERSONAL CARE,12,0,0,0,0
2017-08-20,25,PET SUPPLIES,0,0,0,0,0
2017-08-20,25,PLAYERS AND ELECTRONICS,0,0,0,0,0
2017-08-20,25,POULTRY,0,0,0,0,0
2017-08-20,25,PREPARED FOODS,0,0,0,0,0
2017-08-20,25,PRODUCE,2,0,0,0,0
2017-08-20,25,SCHOOL AND OFFICE SUPPLIES,0,0,0,0,0
2017-08-20,25,SEAFOOD,0,0,0,0,0
2017-08-20,26,AUTOMOTIVE,0,0,0,0,0
2017-08-20,26,BABY CARE,0,0,0,0,0
2017-08-20,26,BEAUTY,0,0,0,0,0
2017-08-20,26,BEVERAGES,15,0,0,0,0
2017-08-20,26,BOOKS,0,0,0,0,0
2017-08-20,26,BREAD/BAKERY,10,0,0,0,0
2017-08-20,26,CELEBRATION,0,0,0,0,0
2017-08-20,26,CLEANING,7,0,0,0,0
2017-08-20,26,DAIRY,12,0,0,0,0
2017-08-20,26,DELI,3,0,0,0,0
2017-08-20,26,EGGS,0,0,0,0,0
2017-08-20,26,FROZEN FOODS,0,0,0,0,0
2017-08-20,26,GROCERY I,31,0,0,0,0
2017-08-20,26,GROCERY II,0,0,0,0,0
2017-08-20,26,HARDWARE,0,0,0,0,0
2017-08-20,26,HOME AND KITCHEN I,0,0,0,0,0
2017-08-20,26,HOME AND KITCHEN II,0,0,0,0,0
2017-08-20,26,HOME APPLIANCES,0,0,0,0,0
2017-08-20,26,HOME CARE,4,0,0,0,0
2017-08-20,26,LADIESWEAR,0,0,0,0,0
2017-08-20,26,LAWN AND GARDEN,0,0,0,0,0
2017-08-20,26,LINGERIE,0,0,0,0,0
2017-08-20,26,"LIQUOR,WINE,BEER",4,0,0,0,0
2017-08-20,26,MAGAZINES,0,0,0,0,0
2017-08-20,26,MEATS,0,0,0,0,0
2017-08-20,26,PERSONAL CARE,9,0,0,0,0
2017-08-20,26,PET SUPPLIES,0,0,0,0,0
2017-08-20,26,PLAYERS AND ELECTRONICS,0,0,0,0,0
2017-08-20,26,POULTRY,0,0,0,0,0
2017-08-20,26,PREPARED FOODS,0,0,0,0,0
2017-08-20,26,PRODUCE,4,0,0,0,0
2017-08-20,26,SCHOOL AND OFFICE SUPPLIES,0,0,0,0,0
2017-08-20,26,SEAFOOD,0,0,0,0,0
2017-08-20,27,AUTOMOTIVE,0,0,0,0,0
2017-08-20,27,BABY CARE,0,0,0,0,0
2017-08-20,27,BEAUTY,2,0,0,0,0
2017-08-20,27,BEVERAGES,19,0,0,0,0
2017-08-20,27,BOOKS,0,0,0,0,0
2017-08-20,27,BREAD/BAKERY,12,0,0,0,0
2017-08-20,27,CELEBRATION,0,0,0,0,0
2017-08-20,27,CLEANING,9,0,0,0,0
2017-08-20,27,DAIRY,23,0,0,0,0
2017-08-20,27,DELI,9,0,0,0,0
2017-08-20,27,EGGS,0,0,0,0,0
2017-08-20,27,FROZEN FOODS,0,0,0,0,0
2017-08-20,27,GROCERY I,36,0,0,0,0
2017-08-20,27,GROCERY II,0,0,0,0,0
2017-08-20,27,HARDWARE,0,0,0,0,0
2017-08-20,27,HOME AND KITCHEN I,0,0,0,0,0
2017-08-20,27,HOME AND KITCHEN II,2,0,0,0,0
2017-08-20,27,HOME APPLIANCES,0,0,0,0,0
2017-08-20,27,HOME CARE,8,0,0,0,0
2017-08-20,27,LADIESWEAR,0,0,0,0,0
2017-08-20,27,LAWN AND GARDEN,0,0,0,0,0
2017-08-20,27,LINGERIE,0,0,0,0,0
2017-08-20,27,"LIQUOR,WINE,BEER",6,0,0,0,0
2017-08-20,27,MAGAZINES,0,0,0,0,0
2017-08-20,27,MEATS,0,0,0,0,0
2017-08-20,27,PERSONAL CARE,13,0,0,0,0
2017-08-20,27,PET SUPPLIES,0,0,0,0,0
2017-08-20,27,PLAYERS AND ELECTRONICS,0,0,0,0,0
2017-08-20,27,POULTRY,0,0,0,0,0
2017-08-20,27,PREPARED FOODS,0,0,0,0,0
2017-08-20,27,PRODUCE,4,0,0,0,0
2017-08-20,27,SCHOOL AND OFFICE SUPPLIES,0,0,0,0,0
2017-08-20,27,SEAFOOD,0,0,0,0,0
2017-08-20,28,AUTOMOTIVE,0,0,0,0,0
2017-08-20,28,BABY CARE,0,0,0,0,0
2017-08-20,28,BEAUTY,0,0,0,0,0
2017-08-20,28,BEVERAGES,28,0,0,0,0
2017-08-20,28,BOOKS,0,0,0,0,0
2017-08-20,28,BREAD/BAKERY,80,0,0,0,0
2017-08-20,28,CELEBRATION,0,0,0,0,0
2017-08-20,28,CLEANING,26,0,0,0,0
2017-08-20,28,DAIRY,22,0,0,0,0
2017-08-20,28,DELI,10,0,0,0,0
2017-08-20,28,EGGS,1,0,0,0,0
2017-08-20,28,FROZEN FOODS,0,0,0,0,0
2017-08-20,28,GROCERY I,69,0,0,0,0
2017-08-20,28,GROCERY II,3,0,0,0,0
2017-08-20,28,HARDWARE,0,0,0,0,0
2017-08-20,28,HOME AND KITCHEN I,1,0,0,0,0
2017-08-20,28,HOME AND KITCHEN II,1,0,0,0,0
2017-08-20,28,HOME APPLIANCES,0,0,0,0,0
2017-08-20,28,HOME CARE,10,0,0,0,0
2017-08-20,28,LADIESWEAR,0,0,0,0,0
2017-08-20,28,LAWN AND GARDEN,0,0,0,0,0
2017-08-20,28,LINGERIE,0,0,0,0,0
2017-08-20,28,"LIQUOR,WINE,BEER",4,0,0,0,0
2017-08-20,28,MAGAZINES,0,0,0,0,0
2017-08-20,28,MEATS,0,0,0,0,0
2017-08-20,28,PERSONAL CARE,11,0,0,0,0
2017-08-20,28,PET SUPPLIES,0,0,0,0,0
2017-08-20,28,PLAYERS AND ELECTRONICS,0,0,0,0,0
2017-08-20,28,POULTRY,0,0,0,0,0
2017-08-20,28,PREPARED FOODS,0,0,0,0,0
2017-08-20,28,PRODUCE,1,0,0,0,0
2017-08-20,28,SCHOOL AND OFFICE SUPPLIES,0,0,0,0,0
2017-08-20,28,SEAFOOD,0,0,0,0,0
2017-08-20,29,AUTOMOTIVE,0,0,0,0,0
2017-08-20,29,BABY CARE,0,0,0,0,0
2017-08-20,29,BEAUTY,0,0,0,0,0
2017-08-20,29,BEVERAGES,26,0,0,0,0
2017-08-20,29,BOOKS,0,0,0,0,0
2017-08-20,29,BREAD/BAKERY,78,0,0,0,0
2017-08-20,29,CELEBRATION,0,0,0,0,0
2017-08-20,29,CLEANING,25,0,0,0,0
2017-08-20,29,DAIRY,24,0,0,0,0
2017-08-20,29,DELI,10,0,0,0,0
2017-08-20,29,EGGS,1,0,0,0,0
2017-08-20,29,FROZEN FOODS,0,0,0,0,0
2017-08-20,29,GROCERY I,67,0,0,0,0
2017-08-20,29,GROCERY II,4,0,0,0,0
2017-08-20,29,HARDWARE,0,0,0,0,0
2017-08-20,29,HOME AND KITCHEN I,2,0,0,0,0
2017-08-20,29,HOME AND KITCHEN II,1,0,0,0,0
2017-08-20,29,HOME APPLIANCES,0,0,0,0,0
2017-08-20,29,HOME CARE,11,0,0,0,0
2017-08-20,29,LADIESWEAR,0,0,0,0,0
2017-08-20,29,LAWN AND GARDEN,0,0,0,0,0
2017-08-20,29,LINGERIE,0,0,0,0,0
2017-08-20,29,"LIQUOR,WINE,BEER",4,0,0,0,0
2017-08-20,29,MAGAZINES,0,0,0,0,0
2017-08-20,29,MEATS,0,0,0,0,0
2017-08-20,29,PERSONAL CARE,12,0,0,0,0
2017-08-20,29,PET SUPPLIES,0,0,0,0,0
2017-08-20,29,PLAYERS AND ELECTRONICS,0,0,0,0,0
2017-08-20,29,POULTRY,0,0,0,0,0
2017-08-20,29,PREPARED FOODS,0,0,0,0,0
2017-08-20,29,PRODUCE,2,0,0,0,0
2017-08-20,29,SCHOOL AND OFFICE SUPPLIES,0,0,0,0,0
2017-08-20,29,SEAFOOD,0,0,0,0,0
2017-08-20,30,AUTOMOTIVE,0,0,0,0,0
2017-08-20,30,BABY CARE,0,0,0,0,0
2017-08-20,30,BEAUTY,0,0,0,0,0
2017-08-20,30,BEVERAGES,21,0,0,0,0
2017-08-20,30,BOOKS,0,0,0,0,0
2017-08-20,30,BREAD/BAKERY,35,0,0,0,0
2017-08-20,30,CELEBRATION,0,0,0,0,0
2017-08-20,30,CLEANING,16,0,0,0,0
2017-08-20,30,DAIRY,10,0,0,0,0
2017-08-20,30,DELI,4,0,0,0,0
2017-08-20,30,EGGS,1,0,0,0,0
2017-08-20,30,FROZEN FOODS,0,0,0,0,0
2017-08-20,30,GROCERY I,48,0,0,0,0
2017-08-20,30,GROCERY II,3,0,0,0,0
2017-08-20,30,HARDWARE,0,0,0,0,0
2017-08-20,30,HOME AND KITCHEN I,1,0,0,0,0
2017-08-20,30,HOME AND KITCHEN II,0,0,0,0,0
2017-08-20,30,HOME APPLIANCES,0,0,0,0,0
2017-08-20,30,HOME CARE,7,0,0,0,0
2017-08-20,30,LADIESWEAR,0,0,0,0,0
2017-08-20,30,LAWN AND GARDEN,0,0,0,0,0
2017-08-20,30,LINGERIE,0,0,0,0,0
2017-08-20,30,"LIQUOR,WINE,BEER",1,0,0,0,0
2017-08-20,30,MAGAZINES,0,0,0,0,0
2017-08-20,30,MEATS,0,0,0,0,0
2017-08-20,30,PERSONAL CARE,5,0,0,0,0
2017-08-20,30,PET SUPPLIES,0,0,0,0,0
2017-08-20,30,PLAYERS AND ELECTRONICS,0,0,0,0,0
2017-08-20,30,POULTRY,0,0,0,0,0
2017-08-20,30,PREPARED FOODS,0,0,0,0,0
2017-08-20,30,PRODUCE,0,0,0,0,0
2017-08-20,30,SCHOOL AND OFFICE SUPPLIES,0,0,0,0,0
2017-08-20,30,SEAFOOD,0,0,0,0,0
2017-08-20,31,AUTOMOTIVE,0,0,0,0,0
2017-08-20,31,BABY CARE,0,0,0,0,0
2017-08-20,31,BEAUTY,1,0,0,0,0
2017-08-20,31,BEVERAGES,31,0,0,0,0
2017-08-20,31,BOOKS,0,0,0,0,0
2017-08-20,31,BREAD/BAKERY,68,0,0,0,0
2017-08-20,31,CELEBRATION,0,0,0,0,0
2017-08-20,31,CLEANING,25,0,0,0,0
2017-08-20,31,DAIRY,14,0,0,0,0
2017-08-20,31,DELI,10,0,0,0,0
2017-08-20,31,EGGS,1,0,0,0,0
2017-08-20,31,FROZEN FOODS,0,0,0,0,0
2017-08-20,31,GROCERY I,63,0,0,0,0
2017-08-20,31,GROCERY II,5,0,0,0,0
2017-08-20,31,HARDWARE,0,0,0,0,0
2017-08-20,31,HOME AND KITCHEN I,1,0,0,0,0
2017-08-20,31,HOME AND KITCHEN II,1,0,0,0,0
2017-08-20,31,HOME APPLIANCES,0,0,0,0,0
2017-08-20,31,HOME CARE,11,0,0,0,0
2017-08-20,31,LADIESWEAR,0,0,0,0,0
2017-08-20,31,LAWN AND GARDEN,0,0,0,0,0
2017-08-20,31,LINGERIE,0,0,0,0,0
2017-08-20,31,"LIQUOR,WINE,BEER",1,0,0,0,0
2017-08-20,31,MAGAZINES,0,0,0,0,0
2017-08-20,31,MEATS,0,0,0,0,0
2017-08-20,31,PERSONAL CARE,12,0,0,0,0
2017-08-20,31,PET SUPPLIES,0,0,0,0,0
2017-08-20,31,PLAYERS AND ELECTRONICS,1,0,0,0,0
2017-08-20,31,POULTRY,0,0,0,0,0
2017-08-20,31,PREPARED FOODS,0,0,0,0,0
2017-08-20,31,PRODUCE,1,0,0,0,0
2017-08-20,31,SCHOOL AND OFFICE SUPPLIES,0,0,0,0,0
2017-08-20,31,SEAFOOD,0,0,0,0,0
2017-08-20,32,AUTOMOTIVE,0,0,0,0,0
2017-08-20,32,BABY CARE,0,0,0,0,0
2017-08-20,32,BEAUTY,0,0,0,0,0
2017-08-20,32,BEVERAGES,19,0,0,0,0
2017-08-20,32,BOOKS,0,0,0,0,0
2017-08-20,32,BREAD/BAKERY,33,0,0,0,0
2017-08-20,32,CELEBRATION,0,0,0,0,0
2017-08-20,32,CLEANING,18,0,0,0,0
2017-08-20,32,DAIRY,5,0,0,0,0
2017-08-20,32,DELI,1,0,0,0,0
2017-08-20,32,EGGS,1,0,0,0,0
2017-08-20,32,FROZEN FOODS,0,0,0,0,0
2017-08-20,32,GROCERY I,49,0,0,0,0
2017-08-20,32,GROCERY II,3,0,0,0,0
2017-08-20,32,HARDWARE,0,0,0,0,0
2017-08-20,32,HOME AND KITCHEN I,1,0,0,0,0
2017-08-20,32,HOME AND KITCHEN II,0,0,0,0,0
2017-08-20,32,HOME APPLIANCES,0,0,0,0,0
2017-08-20,32,HOME CARE,3,0,0,0,0
2017-08-20,32,LADIESWEAR,0,0,0,0,0
2017-08-20,32,LAWN AND GARDEN,0,0,0,0,0
2017-08-20,32,LINGERIE,0,0,0,0,0
2017-08-20,32,"LIQUOR,WINE,BEER",1,0,0,0,0
2017-08-20,32,MAGAZINES,0,0,0,0,0
2017-08-20,32,MEATS,0,0,0,0,0
2017-08-20,32,PERSONAL CARE,7,0,0,0,0
2017-08-20,32,PET SUPPLIES,0,0,0,0,0
2017-08-20,32,PLAYERS AND ELECTRONICS,0,0,0,0,0
2017-08-20,32,POULTRY,0,0,0,0,0
2017-08-20,32,PREPARED FOODS,0,0,0,0,0
2017-08-20,32,PRODUCE,1,0,0,0,0
2017-08-20,32,SCHOOL AND OFFICE SUPPLIES,0,0,0,0,0
2017-08-20,32,SEAFOOD,0,0,0,0,0
2017-08-20,33,AUTOMOTIVE,0,0,0,0,0
2017-08-20,33,BABY CARE,0,0,0,0,0
2017-08-20,33,BEAUTY,0,0,0,0,0
2017-08-20,33,BEVERAGES,24,0,0,0,0
2017-08-20,33,BOOKS,0,0,0,0,0
2017-08-20,33,BREAD/BAKERY,44,0,0,0,0
2017-08-20,33,CELEBRATION,0,0,0,0,0
2017-08-20,33,CLEANING,17,0,0,0,0
2017-08-20,33,DAIRY,12,0,0,0,0
2017-08-20,33,DELI,6,0,0,0,0
2017-08-20,33,EGGS,1,0,0,0,0
2017-08-20,33,FROZEN FOODS,0,0,0,0,0
2017-08-20,33,GROCERY I,54,0,0,0,0
2017-08-20,33,GROCERY II,1,0,0,0,0
2017-08-20,33,HARDWARE,0,0,0,0,0
2017-08-20,33,HOME AND KITCHEN I,0,0,0,0,0
2017-08-20,33,HOME AND KITCHEN II,0,0,0,0,0
2017-08-20,33,HOME APPLIANCES,0,0,0,0,0
2017-08-20,33,HOME CARE,9,0,0,0,0
2017-08-20,33,LADIESWEAR,0,0,0,0,0
2017-08-20,33,LAWN AND GARDEN,0,0,0,0,0
2017-08-20,33,LINGERIE,0,0,0,0,0
2017-08-20,33,"LIQUOR,WINE,BEER",2,0,0,0,0
2017-08-20,33,MAGAZINES,0,0,0,0,0
2017-08-20,33,MEATS,0,0,0,0,0
2017-08-20,33,PERSONAL CARE,10,0,0,0,0
2017-08-20,33,PET SUPPLIES,0,0,0,0,0
2017-08-20,33,PLAYERS AND ELECTRONICS,0,0,0,0,0
2017-08-20,33,POULTRY,0,0,0,0,0
2017-08-20,33,PREPARED FOODS,0,0,0,0,0
2017-08-20,33,PRODUCE,1,0,0,0,0
2017-08-20,33,SCHOOL AND OFFICE SUPPLIES,0,0,0,0,0
2017-08-20,33,SEAFOOD,0,0,0,0,0
2017-08-20,34,AUTOMOTIVE,0,0,0,0,0
2017-08-20,34,BABY CARE,0,0,0,0,0
2017-08-20,34,BEAUTY,0,0,0,0,0
2017-08-20,34,BEVERAGES,26,0,0,0,0
2017-08-20,34,BOOKS,0,0,0,0,0
2017-08-20,34,BREAD/BAKERY,74,0,0,0,0
2017-08-20,34,CELEBRATION,0,0,0,0,0
2017-08-20,34,CLEANING,29,0,0,0,0
2017-08-20,34,DAIRY,10,0,0,0,0
2017-08-20,34,DELI,6,0,0,0,0
2017-08-20,34,EGGS,1,0,0,0,0
2017-08-20,34,FROZEN FOODS,0,0,0,0,0
2017-08-20,34,GROCERY I,67,0,0,0,0
2017-08-20,34,GROCERY II,3,0,0,0,0
2017-08-20,34,HARDWARE,0,0,0,0,0
2017-08-20,34,HOME AND KITCHEN I,0,0,0,0,0
2017-08-20,34,HOME AND KITCHEN II,1,0,0,0,0
2017-08-20,34,HOME APPLIANCES,0,0,0,0,0
2017-08-20,34,HOME CARE,9,0,0,0,0
2017-08-20,34,LADIESWEAR,0,0,0,0,0
2017-08-20,34,LAWN AND GARDEN,0,0,0,0,0
2017-08-20,34,LINGERIE,0,0,0,0,0
2017-08-20,34,"LIQUOR,WINE,BEER",1,0,0,0,0
2017-08-20,34,MAGAZINES,0,0,0,0,0
2017-08-20,34,MEATS,0,0,0,0,0
2017-08-20,34,PERSONAL CARE,12,0,0,0,0
2017-08-20,34,PET SUPPLIES,0,0,0,0,0
2017-08-20,34,PLAYERS AND ELECTRONICS,0,0,0,0,0
2017-08-20,34,POULTRY,0,0,0,0,0
2017-08-20,34,PREPARED FOODS,0,0,0,0,0
2017-08-20,34,PRODUCE,0,0,0,0,0
2017-08-20,34,SCHOOL AND OFFICE SUPPLIES,0,0,0,0,0
2017-08-20,34,SEAFOOD,0,0,0,0,0
2017-08-20,35,AUTOMOTIVE,0,0,0,0,0
2017-08-20,35,BABY CARE,0,0,0,0,0
2017-08-20,35,BEAUTY,0,0,0,0,0
2017-08-20,35,BEVERAGES,19,0,0,0,0
2017-08-20,35,BOOKS,0,0,0,0,0
2017-08-20,35,BREAD/BAKERY,28,0,0,0,0
2017-08-20,35,CELEBRATION,0,0,0,0,0
2017-08-20,35,CLEANING,20,0,0,0,0
2017-08-20,35,DAIRY,6,0,0,0,0
2017-08-20,35,DELI,2,0,0,0,0
2017-08-20,35,EGGS,1,0,0,0,0
2017-08-20,35,FROZEN FOODS,0,0,0,0,0
2017-08-20,35,GROCERY I,46,0,0,0,0
2017-08-20,35,GROCERY II,4,0,0,0,0
2017-08-20,35,HARDWARE,0,0,0,0,0
2017-08-20,35,HOME AND KITCHEN I,1,0,0,0,0
2017-08-20,35,HOME AND KITCHEN II,0,0,0,0,0
2017-08-20,35,HOME APPLIANCES,0,0,0,0,0
2017-08-20,35,HOME CARE,6,0,0,0,0
2017-08-20,35,LADIESWEAR,0,0,0,0,0
2017-08-20,35,LAWN AND GARDEN,0,0,0,0,0
2017-08-20,35,LINGERIE,0,0,0,0,0
2017-08-20,35,"LIQUOR,WINE,BEER",4,0,0,0,0
2017-08-20,35,MAGAZINES,0,0,0,0,0
2017-08-20,35,MEATS,0,0,0,0,0
2017-08-20,35,PERSONAL CARE,7,0,0,0,0
2017-08-20,35,PET SUPPLIES,0,0,0,0,0
2017-08-20,35,PLAYERS AND ELECTRONICS,0,0,0,0,0
2017-08-20,35,POULTRY,0,0,0,0,0
2017-08-20,35,PREPARED FOODS,0,0,0,0,0
2017-08-20,35,PRODUCE,0,0,0,0,0
2017-08-20,35,SCHOOL AND OFFICE SUPPLIES,0,0,0,0,0
2017-08-20,35,SEAFOOD,0,0,0,0,0
2017-08-20,36,AUTOMOTIVE,0,0,0,0,0
2017-08-20,36,BABY CARE,0,0,0,0,0
2017-08-20,36,BEAUTY,0,0,0,0,0
2017-08-20,36,BEVERAGES,31,0,0,0,0
2017-08-20,36,BOOKS,0,0,0,0,0
2017-08-20,36,BREAD/BAKERY,78,0,0,0,0
2017-08-20,36,CELEBRATION,0,0,0,0,0
2017-08-20,36,CLEANING,24,0,0,0,0
2017-08-20,36,DAIRY,19,0,0,0,0
2017-08-20,36,DELI,8,0,0,0,0
2017-08-20,36,EGGS,1,0,0,0,0
2017-08-20,36,FROZEN FOODS,0,0,0,0,0
2017-08-20,36,GROCERY I,60,0,0,0,0
2017-08-20,36,GROCERY II,3,0,0,0,0
2017-08-20,36,HARDWARE,0,0,0,0,0
2017-08-20,36,HOME AND KITCHEN I,0,0,0,0,0
2017-08-20,36,HOME AND KITCHEN II,1,0,0,0,0
2017-08-20,36,HOME APPLIANCES,0,0,0,0,0
2017-08-20,36,HOME CARE,9,0,0,0,0
2017-08-20,36,LADIESWEAR,0,0,0,0,0
2017-08-20,36,LAWN AND GARDEN,0,0,0,0,0
2017-08-20,36,LINGERIE,0,0,0,0,0
2017-08-20,36,"LIQUOR,WINE,BEER",5,0,0,0,0
2017-08-20,36,MAGAZINES,0,0,0,0,0
2017-08-20,36,MEATS,0,0,0,0,0
2017-08-20,36,PERSONAL CARE,11,0,0,0,0
2017-08-20,36,PET SUPPLIES,0,0,0,0,0
2017-08-20,36,PLAYERS AND ELECTRONICS,0,0,0,0,0
2017-08-20,36,POULTRY,0,0,0,0,0
2017-08-20,36,PREPARED FOODS,0,0,0,0,0
2017-08-20,36,PRODUCE,2,0,0,0,0
2017-08-20,36,SCHOOL AND OFFICE SUPPLIES,0,0,0,0,0
2017-08-20,36,SEAFOOD,0,0,0,0,0
2017-08-20,37,AUTOMOTIVE,0,0,0,0,0
2017-08-20,37,BABY CARE,0,0,0,0,0
2017-08-20,37,BEAUTY,2,0,0,0,0
2017-08-20,37,BEVERAGES,15,0,0,0,0
2017-08-20,37,BOOKS,0,0,0,0,0
2017-08-20,37,BREAD/BAKERY,10,0,0,0,0
2017-08-20,37,CELEBRATION,0,0,0,0,0
2017-08-20,37,CLEANING,10,0,0,0,0
2017-08-20,37,DAIRY,17,0,0,0,0
2017-08-20,37,DELI,9,0,0,0,0
2017-08-20,37,EGGS,0,0,0,0,0
2017-08-20,37,FROZEN FOODS,0,0,0,0,0
2017-08-20,37,GROCERY I,29,0,0,0,0
2017-08-20,37,GROCERY II,0,0,0,0,0
2017-08-20,37,HARDWARE,0,0,0,0,0
2017-08-20,37,HOME AND KITCHEN I,0,0,0,0,0
2017-08-20,37,HOME AND KITCHEN II,1,0,0,0,0
2017-08-20,37,HOME APPLIANCES,0,0,0,0,0
2017-08-20,37,HOME CARE,6,0,0,0,0
2017-08-20,37,LADIESWEAR,0,0,0,0,0
2017-08-20,37,LAWN AND GARDEN,0,0,0,0,0
2017-08-20,37,LINGERIE,0,0,0,0,0
2017-08-20,37,"LIQUOR,WINE,BEER",6,0,0,0,0
2017-08-20,37,MAGAZINES,0,0,0,0,0
2017-08-20,37,MEATS,0,0,0,0,0
2017-08-20,37,PERSONAL CARE,11,0,0,0,0
2017-08-20,37,PET SUPPLIES,0,0,0,0,0
2017-08-20,37,PLAYERS AND ELECTRONICS,0,0,0,0,0
2017-08-20,37,POULTRY,0,0,0,0,0
2017-08-20,37,PREPARED FOODS,0,0,0,0,0
2017-08-20,37,PRODUCE,5,0,0,0,0
2017-08-20,37,SCHOOL AND OFFICE SUPPLIES,0,0,0,0,0
2017-08-20,37,SEAFOOD,0,0,0,0,0
2017-08-20,38,AUTOMOTIVE,0,0,0,0,0
2017-08-20,38,BABY CARE,0,0,0,0,0
2017-08-20,38,BEAUTY,1,0,0,0,0
2017-08-20,38,BEVERAGES,15,0,0,0,0
2017-08-20,38,BOOKS,0,0,0,0,0
2017-08-20,38,BREAD/BAKERY,11,0,0,0,0
2017-08-20,38,CELEBRATION,0,0,0,0,0
2017-08-20,38,CLEANING,10,0,0,0,0
2017-08-20,38,DAIRY,16,0,0,0,0
2017-08-20,38,DELI,7,0,0,0,0
2017-08-20,38,EGGS,0,0,0,0,0
2017-08-20,38,FROZEN FOODS,0,0,0,0,0
2017-08-20,38,GROCERY I,35,0,0,0,0
2017-08-20,38,GROCERY II,0,0,0,0,0
2017-08-20,38,HARDWARE,0,0,0,0,0
2017-08-20,38,HOME AND KITCHEN I,1,0,0,0,0
2017-08-20,38,HOME AND KITCHEN II,2,0,0,0,0
2017-08-20,38,HOME APPLIANCES,0,0,0,0,0
2017-08-20,38,HOME CARE,7,0,0,0,0
2017-08-20,38,LADIESWEAR,0,0,0,0,0
2017-08-20,38,LAWN AND GARDEN,0,0,0,0,0
2017-08-20,38,LINGERIE,0,0,0,0,0
2017-08-20,38,"LIQUOR,WINE,BEER",7,0,0,0,0
2017-08-20,38,MAGAZINES,0,0,0,0,0
2017-08-20,38,MEATS,0,0,0,0,0
2017-08-20,38,PERSONAL CARE,14,0,0,0,0
2017-08-20,38,PET SUPPLIES,0,0,0,0,0
2017-08-20,38,PLAYERS AND ELECTRONICS,0,0,0,0,0
2017-08-20,38,POULTRY,0,0,0,0,0
2017-08-20,38,PREPARED FOODS,0,0,0,0,0
2017-08-20,38,PRODUCE,6,0,0,0,0
2017-08-20,38,SCHOOL AND OFFICE SUPPLIES,0,0,0,0,0
2017-08-20,38,SEAFOOD,0,0,0,0,0
2017-08-20,39,AUTOMOTIVE,0,0,0,0,0
2017-08-20,39,BABY CARE,0,0,0,0,0
2017-08-20,39,BEAUTY,1,0,0,0,0
2017-08-20,39,BEVERAGES,28,0,0,0,0
2017-08-20,39,BOOKS,0,0,0,0,0
2017-08-20,39,BREAD/BAKERY,79,0,0,0,0
2017-08-20,39,CELEBRATION,0,0,0,0,0
2017-08-20,39,CLEANING,27,0,0,0,0
2017-08-20,39,DAIRY,23,0,0,0,0
2017-08-20,39,DELI,9,0,0,0,0
2017-08-20,39,EGGS,1,0,0,0,0
2017-08-20,39,FROZEN FOODS,0,0,0,0,0
2017-08-20,39,GROCERY I,65,0,0,0,0
2017-08-20,39,GROCERY II,6,0,0,0,0
2017-08-20,39,HARDWARE,0,0,0,0,0
2017-08-20,39,HOME AND KITCHEN I,1,0,0,0,0
2017-08-20,39,HOME AND KITCHEN II,1,0,0,0,0
2017-08-20,39,HOME APPLIANCES,0,0,0,0,0
2017-08-20,39,HOME CARE,13,0,0,0,0
2017-08-20,39,LADIESWEAR,0,0,0,0,0
2017-08-20,39,LAWN AND GARDEN,0,0,0,0,0
2017-08-20,39,LINGERIE,1,0,0,0,0
2017-08-20,39,"LIQUOR,WINE,BEER",5,0,0,0,0
2017-08-20,39,MAGAZINES,0,0,0,0,0
2017-08-20,39,MEATS,0,0,0,0,0
2017-08-20,39,PERSONAL CARE,14,0,0,0,0
2017-08-20,39,PET SUPPLIES,0,0,0,0,0
2017-08-20,39,PLAYERS AND ELECTRONICS,0,0,0,0,0
2017-08-20,39,POULTRY,1,0,0,0,0
2017-08-20,39,PREPARED FOODS,0,0,0,0,0
2017-08-20,39,PRODUCE,1,0,0,0,0
2017-08-20,39,SCHOOL AND OFFICE SUPPLIES,6,0,0,0,0
2017-08-20,39,SEAFOOD,0,0,0,0,0
2017-08-20,40,AUTOMOTIVE,0,0,0,0,0
2017-08-20,40,BABY CARE,0,0,0,0,0
2017-08-20,40,BEAUTY,1,0,0,0,0
2017-08-20,40,BEVERAGES,27,0,0,0,0
2017-08-20,40,BOOKS,0,0,0,0,0
2017-08-20,40,BREAD/BAKERY,52,0,0,0,0
2017-08-20,40,CELEBRATION,0,0,0,0,0
2017-08-20,40,CLEANING,19,0,0,0,0
2017-08-20,40,DAIRY,9,0,0,0,0
2017-08-20,40,DELI,7,0,0,0,0
2017-08-20,40,EGGS,1,0,0,0,0
2017-08-20,40,FROZEN FOODS,0,0,0,0,0
2017-08-20,40,GROCERY I,59,0,0,0,0
2017-08-20,40,GROCERY II,3,0,0,0,0
2017-08-20,40,HARDWARE,0,0,0,0,0
2017-08-20,40,HOME AND KITCHEN I,0,0,0,0,0
2017-08-20,40,HOME AND KITCHEN II,0,0,0,0,0
2017-08-20,40,HOME APPLIANCES,0,0,0,0,0
2017-08-20,40,HOME CARE,9,0,0,0,0
2017-08-20,40,LADIESWEAR,0,0,0,0,0
2017-08-20,40,LAWN AND GARDEN,0,0,0,0,0
2017-08-20,40,LINGERIE,0,0,0,0,0
2017-08-20,40,"LIQUOR,WINE,BEER",0,0,0,0,0
2017-08-20,40,MAGAZINES,0,0,0,0,0
2017-08-20,40,MEATS,0,0,0,0,0
2017-08-20,40,PERSONAL CARE,9,0,0,0,0
2017-08-20,40,PET SUPPLIES,0,0,0,0,0
2017-08-20,40,PLAYERS AND ELECTRONICS,0,0,0,0,0
2017-08-20,40,POULTRY,1,0,0,0,0
2017-08-20,40,PREPARED FOODS,0,0,0,0,0
2017-08-20,40,PRODUCE,1,0,0,0,0
2017-08-20,40,SCHOOL AND OFFICE SUPPLIES,0,0,0,0,0
2017-08-20,40,SEAFOOD,0,0,0,0,0
2017-08-20,41,AUTOMOTIVE,0,0,0,0,0
2017-08-20,41,BABY CARE,0,0,0,0,0
2017-08-20,41,BEAUTY,2,0,0,0,0
2017-08-20,41,BEVERAGES,18,0,0,0,0
2017-08-20,41,BOOKS,0,0,0,0,0
2017-08-20,41,BREAD/BAKERY,8,0,0,0,0
2017-08-20,41,CELEBRATION,0,0,0,0,0
2017-08-20,41,CLEANING,13,0,0,0,0
2017-08-20,41,DAIRY,16,0,0,0,0
2017-08-20,41,DELI,9,0,0,0,0
2017-08-20,41,EGGS,0,0,0,0,0
2017-08-20,41,FROZEN FOODS,0,0,0,0,0
2017-08-20,41,GROCERY I,38,0,0,0,0
2017-08-20,41,GROCERY II,0,0,0,0,0
2017-08-20,41,HARDWARE,0,0,0,0,0
2017-08-20,41,HOME AND KITCHEN I,1,0,0,0,0
2017-08-20,41,HOME AND KITCHEN II,0,0,0,0,0
2017-08-20,41,HOME APPLIANCES,0,0,0,0,0
2017-08-20,41,HOME CARE,7,0,0,0,0
2017-08-20,41,LADIESWEAR,0,0,0,0,0
2017-08-20,41,LAWN AND GARDEN,0,0,0,0,0
2017-08-20,41,LINGERIE,0,0,0,0,0
2017-08-20,41,"LIQUOR,WINE,BEER",1,0,0,0,0
2017-08-20,41,MAGAZINES,0,0,0,0,0
2017-08-20,41,MEATS,0,0,0,0,0
2017-08-20,41,PERSONAL CARE,14,0,0,0,0
2017-08-20,41,PET SUPPLIES,0,0,0,0,0
2017-08-20,41,PLAYERS AND ELECTRONICS,0,0,0,0,0
2017-08-20,41,POULTRY,0,0,0,0,0
2017-08-20,41,PREPARED FOODS,0,0,0,0,0
2017-08-20,41,PRODUCE,6,0,0,0,0
2017-08-20,41,SCHOOL AND OFFICE SUPPLIES,0,0,0,0,0
2017-08-20,41,SEAFOOD,0,0,0,0,0
2017-08-20,42,AUTOMOTIVE,0,0,0,0,0
2017-08-20,42,BABY CARE,0,0,0,0,0
2017-08-20,42,BEAUTY,2,0,0,0,0
2017-08-20,42,BEVERAGES,17,0,0,0,0
2017-08-20,42,BOOKS,0,0,0,0,0
2017-08-20,42,BREAD/BAKERY,12,0,0,0,0
2017-08-20,42,CELEBRATION,0,0,0,0,0
2017-08-20,42,CLEANING,11,0,0,0,0
2017-08-20,42,DAIRY,17,0,0,0,0
2017-08-20,42,DELI,10,0,0,0,0
2017-08-20,42,EGGS,0,0,0,0,0
2017-08-20,42,FROZEN FOODS,0,0,0,0,0
2017-08-20,42,GROCERY I,34,0,0,0,0
2017-08-20,42,GROCERY II,0,0,0,0,0
2017-08-20,42,HARDWARE,0,0,0,0,0
2017-08-20,42,HOME AND KITCHEN I,0,0,0,0,0
2017-08-20,42,HOME AND KITCHEN II,2,0,0,0,0
2017-08-20,42,HOME APPLIANCES,0,0,0,0,0
2017-08-20,42,HOME CARE,5,0,0,0,0
2017-08-20,42,LADIESWEAR,0,0,0,0,0
2017-08-20,42,LAWN AND GARDEN,0,0,0,0,0
2017-08-20,42,LINGERIE,1,0,0,0,0
2017-08-20,42,"LIQUOR,WINE,BEER",6,0,0,0,0
2017-08-20,42,MAGAZINES,0,0,0,0,0
2017-08-20,42,MEATS,0,0,0,0,0
2017-08-20,42,PERSONAL CARE,11,0,0,0,0
2017-08-20,42,PET SUPPLIES,0,0,0,0,0
2017-08-20,42,PLAYERS AND ELECTRONICS,0,0,0,0,0
2017-08-20,42,POULTRY,0,0,0,0,0
2017-08-20,42,PREPARED FOODS,0,0,0,0,0
2017-08-20,42,PRODUCE,4,0,0,0,0
2017-08-20,42,SCHOOL AND OFFICE SUPPLIES,0,0,0,0,0
2017-08-20,42,SEAFOOD,0,0,0,0,0
2017-08-20,43,AUTOMOTIVE,0,0,0,0,0
2017-08-20,43,BABY CARE,0,0,0,0,0
2017-08-20,43,BEAUTY,1,0,0,0,0
2017-08-20,43,BEVERAGES,28,0,0,0,0
2017-08-20,43,BOOKS,0,0,0,0,0
2017-08-20,43,BREAD/BAKERY,77,0,0,0,0
2017-08-20,43,CELEBRATION,0,0,0,0,0
2017-08-20,43,CLEANING,24,0,0,0,0
2017-08-20,43,DAIRY,17,0,0,0,0
2017-08-20,43,DELI,9,0,0,0,0
2017-08-20,43,EGGS,1,0,0,0,0
2017-08-20,43,FROZEN FOODS,0,0,0,0,0
2017-08-20,43,GROCERY I,59,0,0,0,0
2017-08-20,43,GROCERY II,2,0,0,0,0
2017-08-20,43,HARDWARE,0,0,0,0,0
2017-08-20,43,HOME AND KITCHEN I,1,0,0,0,0
2017-08-20,43,HOME AND KITCHEN II,1,0,0,0,0
2017-08-20,43,HOME APPLIANCES,0,0,0,0,0
2017-08-20,43,HOME CARE,11,0,0,0,0
2017-08-20,43,LADIESWEAR,0,0,0,0,0
2017-08-20,43,LAWN AND GARDEN,0,0,0,0,0
2017-08-20,43,LINGERIE,0,0,0,0,0
2017-08-20,43,"LIQUOR,WINE,BEER",3,0,0,0,0
2017-08-20,43,MAGAZINES,0,0,0,0,0
2017-08-20,43,MEATS,0,0,0,0,0
2017-08-20,43,PERSONAL CARE,12,0,0,0,0
2017-08-20,43,PET SUPPLIES,0,0,0,0,0
2017-08-20,43,PLAYERS AND ELECTRONICS,0,0,0,0,0
2017-08-20,43,POULTRY,0,0,0,0,0
2017-08-20,43,PREPARED FOODS,0,0,0,0,0
2017-08-20,43,PRODUCE,0,0,0,0,0
2017-08-20,43,SCHOOL AND OFFICE SUPPLIES,0,0,0,0,0
2017-08-20,43,SEAFOOD,0,0,0,0,0
2017-08-20,44,AUTOMOTIVE,0,0,0,0,0
2017-08-20,44,BABY CARE,0,0,0,0,0
2017-08-20,44,BEAUTY,1,0,0,0,0
2017-08-20,44,BEVERAGES,18,0,0,0,0
2017-08-20,44,BOOKS,0,0,0,0,0
2017-08-20,44,BREAD/BAKERY,12,0,0,0,0
2017-08-20,44,CELEBRATION,0,0,0,0,0
2017-08-20,44,CLEANING,14,0,0,0,0
2017-08-20,44,DAIRY,22,0,0,0,0
2017-08-20,44,DELI,10,0,0,0,0
2017-08-20,44,EGGS,0,0,0,0,0
2017-08-20,44,FROZEN FOODS,0,0,0,0,0
2017-08-20,44,GROCERY I,40,0,0,0,0
2017-08-20,44,GROCERY II,0,0,0,0,0
2017-08-20,44,HARDWARE,0,0,0,0,0
2017-08-20,44,HOME AND KITCHEN I,2,0,0,0,0
2017-08-20,44,HOME AND KITCHEN II,3,0,0,0,0
2017-08-20,44,HOME APPLIANCES,0,0,0,0,0
2017-08-20,44,HOME CARE,8,0,0,0,0
2017-08-20,44,LADIESWEAR,10,0,0,0,0
2017-08-20,44,LAWN AND GARDEN,0,0,0,0,0
2017-08-20,44,LINGERIE,6,0,0,0,0
2017-08-20,44,"LIQUOR,WINE,BEER",6,0,0,0,0
2017-08-20,44,MAGAZINES,0,0,0,0,0
2017-08-20,44,MEATS,0,0,0,0,0
2017-08-20,44,PERSONAL CARE,15,0,0,0,0
2017-08-20,44,PET SUPPLIES,0,0,0,0,0
2017-08-20,44,PLAYERS AND ELECTRONICS,1,0,0,0,0
2017-08-20,44,POULTRY,0,0,0,0,0
2017-08-20,44,PREPARED FOODS,0,0,0,0,0
2017-08-20,44,PRODUCE,5,0,0,0,0
2017-08-20,44,SCHOOL AND OFFICE SUPPLIES,12,0,0,0,0
2017-08-20,44,SEAFOOD,0,0,0,0,0
2017-08-20,45,AUTOMOTIVE,0,0,0,0,0
2017-08-20,45,BABY CARE,0,0,0,0,0
2017-08-20,45,BEAUTY,2,0,0,0,0
2017-08-20,45,BEVERAGES,18,0,0,0,0
2017-08-20,45,BOOKS,0,0,0,0,0
2017-08-20,45,BREAD/BAKERY,12,0,0,0,0
2017-08-20,45,CELEBRATION,0,0,0,0,0
2017-08-20,45,CLEANING,11,0,0,0,0
2017-08-20,45,DAIRY,22,0,0,0,0
2017-08-20,45,DELI,10,0,0,0,0
2017-08-20,45,EGGS,0,0,0,0,0
2017-08-20,45,FROZEN FOODS,0,0,0,0,0
2017-08-20,45,GROCERY I,38,0,0,0,0
2017-08-20,45,GROCERY II,0,0,0,0,0
2017-08-20,45,HARDWARE,0,0,0,0,0
2017-08-20,45,HOME AND KITCHEN I,2,0,0,0,0
2017-08-20,45,HOME AND KITCHEN II,3,0,0,0,0
2017-08-20,45,HOME APPLIANCES,0,0,0,0,0
2017-08-20,45,HOME CARE,8,0,0,0,0
2017-08-20,45,LADIESWEAR,10,0,0,0,0
2017-08-20,45,LAWN AND GARDEN,0,0,0,0,0
2017-08-20,45,LINGERIE,6,0,0,0,0
2017-08-20,45,"LIQUOR,WINE,BEER",9,0,0,0,0
2017-08-20,45,MAGAZINES,0,0,0,0,0
2017-08-20,45,MEATS,0,0,0,0,0
2017-08-20,45,PERSONAL CARE,14,0,0,0,0
2017-08-20,45,PET SUPPLIES,0,0,0,0,0
2017-08-20,45,PLAYERS AND ELECTRONICS,0,0,0,0,0
2017-08-20,45,POULTRY,0,0,0,0,0
2017-08-20,45,PREPARED FOODS,0,0,0,0,0
2017-08-20,45,PRODUCE,6,0,0,0,0
2017-08-20,45,SCHOOL AND OFFICE SUPPLIES,12,0,0,0,0
2017-08-20,45,SEAFOOD,0,0,0,0,0
2017-08-20,46,AUTOMOTIVE,0,0,0,0,0
2017-08-20,46,BABY CARE,0,0,0,0,0
2017-08-20,46,BEAUTY,2,0,0,0,0
2017-08-20,46,BEVERAGES,18,0,0,0,0
2017-08-20,46,BOOKS,0,0,0,0,0
2017-08-20,46,BREAD/BAKERY,12,0,0,0,0
2017-08-20,46,CELEBRATION,0,0,0,0,0
2017-08-20,46,CLEANING,15,0,0,0,0
2017-08-20,46,DAIRY,21,0,0,0,0
2017-08-20,46,DELI,10,0,0,0,0
2017-08-20,46,EGGS,0,0,0,0,0
2017-08-20,46,FROZEN FOODS,0,0,0,0,0
2017-08-20,46,GROCERY I,39,0,0,0,0
2017-08-20,46,GROCERY II,0,0,0,0,0
2017-08-20,46,HARDWARE,0,0,0,0,0
2017-08-20,46,HOME AND KITCHEN I,1,0,0,0,0
2017-08-20,46,HOME AND KITCHEN II,3,0,0,0,0
2017-08-20,46,HOME APPLIANCES,0,0,0,0,0
2017-08-20,46,HOME CARE,9,0,0,0,0
2017-08-20,46,LADIESWEAR,16,0,0,0,0
2017-08-20,46,LAWN AND GARDEN,0,0,0,0,0
2017-08-20,46,LINGERIE,3,0,0,0,0
2017-08-20,46,"LIQUOR,WINE,BEER",6,0,0,0,0
2017-08-20,46,MAGAZINES,0,0,0,0,0
2017-08-20,46,MEATS,0,0,0,0,0
2017-08-20,46,PERSONAL CARE,12,0,0,0,0
2017-08-20,46,PET SUPPLIES,0,0,0,0,0
2017-08-20,46,PLAYERS AND ELECTRONICS,2,0,0,0,0
2017-08-20,46,POULTRY,0,0,0,0,0
2017-08-20,46,PREPARED FOODS,0,0,0,0,0
2017-08-20,46,PRODUCE,5,0,0,0,0
2017-08-20,46,SCHOOL AND OFFICE SUPPLIES,12,0,0,0,0
2017-08-20,46,SEAFOOD,0,0,0,0,0
2017-08-20,47,AUTOMOTIVE,0,0,0,0,0
2017-08-20,47,BABY CARE,0,0,0,0,0
2017-08-20,47,BEAUTY,2,0,0,0,0
2017-08-20,47,BEVERAGES,18,0,0,0,0
2017-08-20,47,BOOKS,0,0,0,0,0
2017-08-20,47,BREAD/BAKERY,12,0,0,0,0
2017-08-20,47,CELEBRATION,0,0,0,0,0
2017-08-20,47,CLEANING,11,0,0,0,0
2017-08-20,47,DAIRY,22,0,0,0,0
2017-08-20,47,DELI,10,0,0,0,0
2017-08-20,47,EGGS,0,0,0,0,0
2017-08-20,47,FROZEN FOODS,0,0,0,0,0
2017-08-20,47,GROCERY I,41,0,0,0,0
2017-08-20,47,GROCERY II,0,0,0,0,0
2017-08-20,47,HARDWARE,0,0,0,0,0
2017-08-20,47,HOME AND KITCHEN I,2,0,0,0,0
2017-08-20,47,HOME AND KITCHEN II,3,0,0,0,0
2017-08-20,47,HOME APPLIANCES,0,0,0,0,0
2017-08-20,47,HOME CARE,7,0,0,0,0
2017-08-20,47,LADIESWEAR,13,0,0,0,0
2017-08-20,47,LAWN AND GARDEN,0,0,0,0,0
2017-08-20,47,LINGERIE,4,0,0,0,0
2017-08-20,47,"LIQUOR,WINE,BEER",7,0,0,0,0
2017-08-20,47,MAGAZINES,0,0,0,0,0
2017-08-20,47,MEATS,0,0,0,0,0
2017-08-20,47,PERSONAL CARE,15,0,0,0,0
2017-08-20,47,PET SUPPLIES,0,0,0,0,0
2017-08-20,47,PLAYERS AND ELECTRONICS,0,0,0,0,0
2017-08-20,47,POULTRY,0,0,0,0,0
2017-08-20,47,PREPARED FOODS,0,0,0,0,0
2017-08-20,47,PRODUCE,4,0,0,0,0
2017-08-20,47,SCHOOL AND OFFICE SUPPLIES,12,0,0,0,0
2017-08-20,47,SEAFOOD,0,0,0,0,0
2017-08-20,48,AUTOMOTIVE,0,0,0,0,0
2017-08-20,48,BABY CARE,0,0,0,0,0
2017-08-20,48,BEAUTY,2,0,0,0,0
2017-08-20,48,BEVERAGES,14,0,0,0,0
2017-08-20,48,BOOKS,0,0,0,0,0
2017-08-20,48,BREAD/BAKERY,12,0,0,0,0
2017-08-20,48,CELEBRATION,0,0,0,0,0
2017-08-20,48,CLEANING,12,0,0,0,0
2017-08-20,48,DAIRY,21,0,0,0,0
2017-08-20,48,DELI,9,0,0,0,0
2017-08-20,48,EGGS,0,0,0,0,0
2017-08-20,48,FROZEN FOODS,0,0,0,0,0
2017-08-20,48,GROCERY I,39,0,0,0,0
2017-08-20,48,GROCERY II,0,0,0,0,0
2017-08-20,48,HARDWARE,0,0,0,0,0
2017-08-20,48,HOME AND KITCHEN I,3,0,0,0,0
2017-08-20,48,HOME AND KITCHEN II,2,0,0,0,0
2017-08-20,48,HOME APPLIANCES,0,0,0,0,0
2017-08-20,48,HOME CARE,7,0,0,0,0
2017-08-20,48,LADIESWEAR,10,0,0,0,0
2017-08-20,48,LAWN AND GARDEN,0,0,0,0,0
2017-08-20,48,LINGERIE,2,0,0,0,0
2017-08-20,48,"LIQUOR,WINE,BEER",3,0,0,0,0
2017-08-20,48,MAGAZINES,0,0,0,0,0
2017-08-20,48,MEATS,0,0,0,0,0
2017-08-20,48,PERSONAL CARE,13,0,0,0,0
2017-08-20,48,PET SUPPLIES,0,0,0,0,0
2017-08-20,48,PLAYERS AND ELECTRONICS,2,0,0,0,0
2017-08-20,48,POULTRY,0,0,0,0,0
2017-08-20,48,PREPARED FOODS,0,0,0,0,0
2017-08-20,48,PRODUCE,5,0,0,0,0
2017-08-20,48,SCHOOL AND OFFICE SUPPLIES,12,0,0,0,0
2017-08-20,48,SEAFOOD,0,0,0,0,0
2017-08-20,49,AUTOMOTIVE,0,0,0,0,0
2017-08-20,49,BABY CARE,0,0,0,0,0
2017-08-20,49,BEAUTY,1,0,0,0,0
2017-08-20,49,BEVERAGES,20,0,0,0,0
2017-08-20,49,BOOKS,0,0,0,0,0
2017-08-20,49,BREAD/BAKERY,10,0,0,0,0
2017-08-20,49,CELEBRATION,0,0,0,0,0
2017-08-20,49,CLEANING,12,0,0,0,0
2017-08-20,49,DAIRY,20,0,0,0,0
2017-08-20,49,DELI,10,0,0,0,0
2017-08-20,49,EGGS,0,0,0,0,0
2017-08-20,49,FROZEN FOODS,0,0,0,0,0
2017-08-20,49,GROCERY I,41,0,0,0,0
2017-08-20,49,GROCERY II,0,0,0,0,0
2017-08-20,49,HARDWARE,0,0,0,0,0
2017-08-20,49,HOME AND KITCHEN I,1,0,0,0,0
2017-08-20,49,HOME AND KITCHEN II,2,0,0,0,0
2017-08-20,49,HOME APPLIANCES,0,0,0,0,0
2017-08-20,49,HOME CARE,9,0,0,0,0
2017-08-20,49,LADIESWEAR,8,0,0,0,0
2017-08-20,49,LAWN AND GARDEN,0,0,0,0,0
2017-08-20,49,LINGERIE,5,0,0,0,0
2017-08-20,49,"LIQUOR,WINE,BEER",5,0,0,0,0
2017-08-20,49,MAGAZINES,0,0,0,0,0
2017-08-20,49,MEATS,0,0,0,0,0
2017-08-20,49,PERSONAL CARE,12,0,0,0,0
2017-08-20,49,PET SUPPLIES,0,0,0,0,0
2017-08-20,49,PLAYERS AND ELECTRONICS,0,0,0,0,0
2017-08-20,49,POULTRY,0,0,0,0,0
2017-08-20,49,PREPARED FOODS,0,0,0,0,0
2017-08-20,49,PRODUCE,6,0,0,0,0
2017-08-20,49,SCHOOL AND OFFICE SUPPLIES,12,0,0,0,0
2017-08-20,49,SEAFOOD,0,0,0,0,0
2017-08-20,50,AUTOMOTIVE,0,0,0,0,0
2017-08-20,50,BABY CARE,0,0,0,0,0
2017-08-20,50,BEAUTY,2,0,0,0,0
2017-08-20,50,BEVERAGES,17,0,0,0,0
2017-08-20,50,BOOKS,0,0,0,0,0
2017-08-20,50,BREAD/BAKERY,10,0,0,0,0
2017-08-20,50,CELEBRATION,0,0,0,0,0
2017-08-20,50,CLEANING,9,0,0,0,0
2017-08-20,50,DAIRY,18,0,0,0,0
2017-08-20,50,DELI,10,0,0,0,0
2017-08-20,50,EGGS,0,0,0,0,0
2017-08-20,50,FROZEN FOODS,0,0,0,0,0
2017-08-20,50,GROCERY I,38,0,0,0,0
2017-08-20,50,GROCERY II,0,0,0,0,0
2017-08-20,50,HARDWARE,0,0,0,0,0
2017-08-20,50,HOME AND KITCHEN I,1,0,0,0,0
2017-08-20,50,HOME AND KITCHEN II,2,0,0,0,0
2017-08-20,50,HOME APPLIANCES,0,0,0,0,0
2017-08-20,50,HOME CARE,7,0,0,0,0
2017-08-20,50,LADIESWEAR,5,0,0,0,0
2017-08-20,50,LAWN AND GARDEN,0,0,0,0,0
2017-08-20,50,LINGERIE,0,0,0,0,0
2017-08-20,50,"LIQUOR,WINE,BEER",6,0,0,0,0
2017-08-20,50,MAGAZINES,0,0,0,0,0
2017-08-20,50,MEATS,0,0,0,0,0
2017-08-20,50,PERSONAL CARE,13,0,0,0,0
2017-08-20,50,PET SUPPLIES,0,0,0,0,0
2017-08-20,50,PLAYERS AND ELECTRONICS,0,0,0,0,0
2017-08-20,50,POULTRY,0,0,0,0,0
2017-08-20,50,PREPARED FOODS,0,0,0,0,0
2017-08-20,50,PRODUCE,4,0,0,0,0
2017-08-20,50,SCHOOL AND OFFICE SUPPLIES,12,0,0,0,0
2017-08-20,50,SEAFOOD,0,0,0,0,0
2017-08-20,51,AUTOMOTIVE,0,0,0,0,0
2017-08-20,51,BABY CARE,0,0,0,0,0
2017-08-20,51,BEAUTY,1,0,0,0,0
2017-08-20,51,BEVERAGES,18,0,0,0,0
2017-08-20,51,BOOKS,0,0,0,0,0
2017-08-20,51,BREAD/BAKERY,12,0,0,0,0
2017-08-20,51,CELEBRATION,0,0,0,0,0
2017-08-20,51,CLEANING,11,0,0,0,0
2017-08-20,51,DAIRY,20,0,0,0,0
2017-08-20,51,DELI,9,0,0,0,0
2017-08-20,51,EGGS,0,0,0,0,0
2017-08-20,51,FROZEN FOODS,0,0,0,0,0
2017-08-20,51,GROCERY I,37,0,0,0,0
2017-08-20,51,GROCERY II,0,0,0,0,0
2017-08-20,51,HARDWARE,0,0,0,0,0
2017-08-20,51,HOME AND KITCHEN I,0,0,0,0,0
2017-08-20,51,HOME AND KITCHEN II,2,0,0,0,0
2017-08-20,51,HOME APPLIANCES,0,0,0,0,0
2017-08-20,51,HOME CARE,8,0,0,0,0
2017-08-20,51,LADIESWEAR,0,0,0,0,0
2017-08-20,51,LAWN AND GARDEN,0,0,0,0,0
2017-08-20,51,LINGERIE,0,0,0,0,0
2017-08-20,51,"LIQUOR,WINE,BEER",6,0,0,0,0
2017-08-20,51,MAGAZINES,0,0,0,0,0
2017-08-20,51,MEATS,0,0,0,0,0
2017-08-20,51,PERSONAL CARE,12,0,0,0,0
2017-08-20,51,PET SUPPLIES,0,0,0,0,0
2017-08-20,51,PLAYERS AND ELECTRONICS,1,0,0,0,0
2017-08-20,51,POULTRY,0,0,0,0,0
2017-08-20,51,PREPARED FOODS,0,0,0,0,0
2017-08-20,51,PRODUCE,6,0,0,0,0
2017-08-20,51,SCHOOL AND OFFICE SUPPLIES,0,0,0,0,0
2017-08-20,51,SEAFOOD,0,0,0,0,0
2017-08-20,52,AUTOMOTIVE,0,0,0,0,0
2017-08-20,52,BABY CARE,0,0,0,0,0
2017-08-20,52,BEAUTY,1,0,0,0,0
2017-08-20,52,BEVERAGES,17,0,0,0,0
2017-08-20,52,BOOKS,0,0,0,0,0
2017-08-20,52,BREAD/BAKERY,12,0,0,0,0
2017-08-20,52,CELEBRATION,0,0,0,0,0
2017-08-20,52,CLEANING,10,0,0,0,0
2017-08-20,52,DAIRY,22,0,0,0,0
2017-08-20,52,DELI,9,0,0,0,0
2017-08-20,52,EGGS,0,0,0,0,0
2017-08-20,52,FROZEN FOODS,0,0,0,0,0
2017-08-20,52,GROCERY I,41,0,0,0,0
2017-08-20,52,GROCERY II,0,0,0,0,0
2017-08-20,52,HARDWARE,0,0,0,0,0
2017-08-20,52,HOME AND KITCHEN I,0,0,0,0,0
2017-08-20,52,HOME AND KITCHEN II,3,0,0,0,0
2017-08-20,52,HOME APPLIANCES,0,0,0,0,0
2017-08-20,52,HOME CARE,8,0,0,0,0
2017-08-20,52,LADIESWEAR,0,0,0,0,0
2017-08-20,52,LAWN AND GARDEN,0,0,0,0,0
2017-08-20,52,LINGERIE,0,0,0,0,0
2017-08-20,52,"LIQUOR,WINE,BEER",4,0,0,0,0
2017-08-20,52,MAGAZINES,0,0,0,0,0
2017-08-20,52,MEATS,0,0,0,0,0
2017-08-20,52,PERSONAL CARE,12,0,0,0,0
2017-08-20,52,PET SUPPLIES,0,0,0,0,0
2017-08-20,52,PLAYERS AND ELECTRONICS,0,0,0,0,0
2017-08-20,52,POULTRY,0,0,0,0,0
2017-08-20,52,PREPARED FOODS,0,0,0,0,0
2017-08-20,52,PRODUCE,5,0,0,0,0
2017-08-20,52,SCHOOL AND OFFICE SUPPLIES,0,0,0,0,0
2017-08-20,52,SEAFOOD,0,0,0,0,0
2017-08-20,53,AUTOMOTIVE,0,0,0,0,0
2017-08-20,53,BABY CARE,0,0,0,0,0
2017-08-20,53,BEAUTY,1,0,0,0,0
2017-08-20,53,BEVERAGES,16,0,0,0,0
2017-08-20,53,BOOKS,0,0,0,0,0
2017-08-20,53,BREAD/BAKERY,10,0,0,0,0
2017-08-20,53,CELEBRATION,0,0,0,0,0
2017-08-20,53,CLEANING,12,0,0,0,0
2017-08-20,53,DAIRY,18,0,0,0,0
2017-08-20,53,DELI,10,0,0,0,0
2017-08-20,53,EGGS,0,0,0,0,0
2017-08-20,53,FROZEN FOODS,0,0,0,0,0
2017-08-20,53,GROCERY I,29,0,0,0,0
2017-08-20,53,GROCERY II,0,0,0,0,0
2017-08-20,53,HARDWARE,0,0,0,0,0
2017-08-20,53,HOME AND KITCHEN I,1,0,0,0,0
2017-08-20,53,HOME AND KITCHEN II,1,0,0,0,0
2017-08-20,53,HOME APPLIANCES,0,0,0,0,0
2017-08-20,53,HOME CARE,7,0,0,0,0
2017-08-20,53,LADIESWEAR,0,0,0,0,0
2017-08-20,53,LAWN AND GARDEN,0,0,0,0,0
2017-08-20,53,LINGERIE,0,0,0,0,0
2017-08-20,53,"LIQUOR,WINE,BEER",6,0,0,0,0
2017-08-20,53,MAGAZINES,0,0,0,0,0
2017-08-20,53,MEATS,0,0,0,0,0
2017-08-20,53,PERSONAL CARE,12,0,0,0,0
2017-08-20,53,PET SUPPLIES,0,0,0,0,0
2017-08-20,53,PLAYERS AND ELECTRONICS,0,0,0,0,0
2017-08-20,53,POULTRY,0,0,0,0,0
2017-08-20,53,PREPARED FOODS,0,0,0,0,0
2017-08-20,53,PRODUCE,2,0,0,0,0
2017-08-20,53,SCHOOL AND OFFICE SUPPLIES,0,0,0,0,0
2017-08-20,53,SEAFOOD,0,0,0,0,0
2017-08-20,54,AUTOMOTIVE,0,0,0,0,0
2017-08-20,54,BABY CARE,0,0,0,0,0
2017-08-20,54,BEAUTY,1,0,0,0,0
2017-08-20,54,BEVERAGES,29,0,0,0,0
2017-08-20,54,BOOKS,0,0,0,0,0
2017-08-20,54,BREAD/BAKERY,39,0,0,0,0
2017-08-20,54,CELEBRATION,0,0,0,0,0
2017-08-20,54,CLEANING,21,0,0,0,0
2017-08-20,54,DAIRY,7,0,0,0,0
2017-08-20,54,DELI,5,0,0,0,0
2017-08-20,54,EGGS,1,0,0,0,0
2017-08-20,54,FROZEN FOODS,1,0,0,0,0
2017-08-20,54,GROCERY I,60,0,0,0,0
2017-08-20,54,GROCERY II,2,0,0,0,0
2017-08-20,54,HARDWARE,0,0,0,0,0
2017-08-20,54,HOME AND KITCHEN I,1,0,0,0,0
2017-08-20,54,HOME AND KITCHEN II,0,0,0,0,0
2017-08-20,54,HOME APPLIANCES,0,0,0,0,0
2017-08-20,54,HOME CARE,9,0,0,0,0
2017-08-20,54,LADIESWEAR,0,0,0,0,0
2017-08-20,54,LAWN AND GARDEN,0,0,0,0,0
2017-08-20,54,LINGERIE,0,0,0,0,0
2017-08-20,54,"LIQUOR,WINE,BEER",2,0,0,0,0
2017-08-20,54,MAGAZINES,0,0,0,0,0
2017-08-20,54,MEATS,0,0,0,0,0
2017-08-20,54,PERSONAL CARE,11,0,0,0,0
2017-08-20,54,PET SUPPLIES,0,0,0,0,0
2017-08-20,54,PLAYERS AND ELECTRONICS,0,0,0,0,0
2017-08-20,54,POULTRY,0,0,0,0,0
2017-08-20,54,PREPARED FOODS,0,0,0,0,0
2017-08-20,54,PRODUCE,0,0,0,0,0
2017-08-20,54,SCHOOL AND OFFICE SUPPLIES,0,0,0,0,0
2017-08-20,54,SEAFOOD,0,0,0,0,0
2017-08-21,1,AUTOMOTIVE,0,0,0,0,0
2017-08-21,1,BABY CARE,0,0,0,0,0
2017-08-21,1,BEAUTY,1,0,0,0,0
2017-08-21,1,BEVERAGES,14,0,0,0,0
2017-08-21,1,BOOKS,0,0,0,0,0
2017-08-21,1,BREAD/BAKERY,10,0,0,0,0
2017-08-21,1,CELEBRATION,0,0,0,0,0
2017-08-21,1,CLEANING,9,0,0,0,0
2017-08-21,1,DAIRY,20,0,0,0,0
2017-08-21,1,DELI,7,0,0,0,0
2017-08-21,1,EGGS,0,0,0,0,0
2017-08-21,1,FROZEN FOODS,0,0,0,0,0
2017-08-21,1,GROCERY I,26,0,0,0,0
2017-08-21,1,GROCERY II,0,0,0,0,0
2017-08-21,1,HARDWARE,0,0,0,0,0
2017-08-21,1,HOME AND KITCHEN I,0,0,0,0,0
2017-08-21,1,HOME AND KITCHEN II,3,0,0,0,0
2017-08-21,1,HOME APPLIANCES,0,0,0,0,0
2017-08-21,1,HOME CARE,8,0,0,0,0
2017-08-21,1,LADIESWEAR,0,0,0,0,0
2017-08-21,1,LAWN AND GARDEN,0,0,0,0,0
2017-08-21,1,LINGERIE,0,0,0,0,0
2017-08-21,1,"LIQUOR,WINE,BEER",5,0,0,0,0
2017-08-21,1,MAGAZINES,0,0,0,0,0
2017-08-21,1,MEATS,0,0,0,0,0
2017-08-21,1,PERSONAL CARE,11,0,0,0,0
2017-08-21,1,PET SUPPLIES,0,0,0,0,0
2017-08-21,1,PLAYERS AND ELECTRONICS,1,0,0,0,0
2017-08-21,1,POULTRY,0,0,0,0,0
2017-08-21,1,PREPARED FOODS,0,0,0,0,0
2017-08-21,1,PRODUCE,3,0,0,0,0
2017-08-21,1,SCHOOL AND OFFICE SUPPLIES,0,0,0,0,0
2017-08-21,1,SEAFOOD,0,0,0,0,0
2017-08-21,2,AUTOMOTIVE,0,0,0,0,0
2017-08-21,2,BABY CARE,0,0,0,0,0
2017-08-21,2,BEAUTY,2,0,0,0,0
2017-08-21,2,BEVERAGES,16,0,0,0,0
2017-08-21,2,BOOKS,0,0,0,0,0
2017-08-21,2,BREAD/BAKERY,12,0,0,0,0
2017-08-21,2,CELEBRATION,0,0,0,0,0
2017-08-21,2,CLEANING,10,0,0,0,0
2017-08-21,2,DAIRY,18,0,0,0,0
2017-08-21,2,DELI,8,0,0,0,0
2017-08-21,2,EGGS,0,0,0,0,0
2017-08-21,2,FROZEN FOODS,0,0,0,0,0
2017-08-21,2,GROCERY I,38,0,0,0,0
2017-08-21,2,GROCERY II,0,0,0,0,0
2017-08-21,2,HARDWARE,0,0,0,0,0
2017-08-21,2,HOME AND KITCHEN I,0,0,0,0,0
2017-08-21,2,HOME AND KITCHEN II,2,0,0,0,0
2017-08-21,2,HOME APPLIANCES,0,0,0,0,0
2017-08-21,2,HOME CARE,5,0,0,0,0
2017-08-21,2,LADIESWEAR,0,0,0,0,0
2017-08-21,2,LAWN AND GARDEN,0,0,0,0,0
2017-08-21,2,LINGERIE,2,0,0,0,0
2017-08-21,2,"LIQUOR,WINE,BEER",5,0,0,0,0
2017-08-21,2,MAGAZINES,0,0,0,0,0
2017-08-21,2,MEATS,0,0,0,0,0
2017-08-21,2,PERSONAL CARE,13,0,0,0,0
2017-08-21,2,PET SUPPLIES,0,0,0,0,0
2017-08-21,2,PLAYERS AND ELECTRONICS,0,0,0,0,0
2017-08-21,2,POULTRY,0,0,0,0,0
2017-08-21,2,PREPARED FOODS,0,0,0,0,0
2017-08-21,2,PRODUCE,4,0,0,0,0
2017-08-21,2,SCHOOL AND OFFICE SUPPLIES,0,0,0,0,0
2017-08-21,2,SEAFOOD,0,0,0,0,0
2017-08-21,3,AUTOMOTIVE,0,0,0,0,0
2017-08-21,3,BABY CARE,0,0,0,0,0
2017-08-21,3,BEAUTY,1,0,0,0,0
2017-08-21,3,BEVERAGES,16,0,0,0,0
2017-08-21,3,BOOKS,0,0,0,0,0
2017-08-21,3,BREAD/BAKERY,12,0,0,0,0
2017-08-21,3,CELEBRATION,0,0,0,0,0
2017-08-21,3,CLEANING,11,0,0,0,0
2017-08-21,3,DAIRY,21,0,0,0,0
2017-08-21,3,DELI,9,0,0,0,0
2017-08-21,3,EGGS,0,0,0,0,0
2017-08-21,3,FROZEN FOODS,0,0,0,0,0
2017-08-21,3,GROCERY I,37,0,0,0,0
2017-08-21,3,GROCERY II,0,0,0,0,0
2017-08-21,3,HARDWARE,0,0,0,0,0
2017-08-21,3,HOME AND KITCHEN I,0,0,0,0,0
2017-08-21,3,HOME AND KITCHEN II,2,0,0,0,0
2017-08-21,3,HOME APPLIANCES,0,0,0,0,0
2017-08-21,3,HOME CARE,8,0,0,0,0
2017-08-21,3,LADIESWEAR,0,0,0,0,0
2017-08-21,3,LAWN AND GARDEN,0,0,0,0,0
2017-08-21,3,LINGERIE,0,0,0,0,0
2017-08-21,3,"LIQUOR,WINE,BEER",4,0,0,0,0
2017-08-21,3,MAGAZINES,0,0,0,0,0
2017-08-21,3,MEATS,0,0,0,0,0
2017-08-21,3,PERSONAL CARE,14,0,0,0,0
2017-08-21,3,PET SUPPLIES,0,0,0,0,0
2017-08-21,3,PLAYERS AND ELECTRONICS,0,0,0,0,0
2017-08-21,3,POULTRY,0,0,0,0,0
2017-08-21,3,PREPARED FOODS,0,0,0,0,0
2017-08-21,3,PRODUCE,2,0,0,0,0
2017-08-21,3,SCHOOL AND OFFICE SUPPLIES,0,0,0,0,0
2017-08-21,3,SEAFOOD,0,0,0,0,0
2017-08-21,4,AUTOMOTIVE,0,0,0,0,0
2017-08-21,4,BABY CARE,0,0,0,0,0
2017-08-21,4,BEAUTY,2,0,0,0,0
2017-08-21,4,BEVERAGES,18,0,0,0,0
2017-08-21,4,BOOKS,0,0,0,0,0
2017-08-21,4,BREAD/BAKERY,8,0,0,0,0
2017-08-21,4,CELEBRATION,0,0,0,0,0
2017-08-21,4,CLEANING,10,0,0,0,0
2017-08-21,4,DAIRY,21,0,0,0,0
2017-08-21,4,DELI,10,0,0,0,0
2017-08-21,4,EGGS,0,0,0,0,0
2017-08-21,4,FROZEN FOODS,0,0,0,0,0
2017-08-21,4,GROCERY I,29,0,0,0,0
2017-08-21,4,GROCERY II,0,0,0,0,0
2017-08-21,4,HARDWARE,0,0,0,0,0
2017-08-21,4,HOME AND KITCHEN I,0,0,0,0,0
2017-08-21,4,HOME AND KITCHEN II,0,0,0,0,0
2017-08-21,4,HOME APPLIANCES,0,0,0,0,0
2017-08-21,4,HOME CARE,5,0,0,0,0
2017-08-21,4,LADIESWEAR,0,0,0,0,0
2017-08-21,4,LAWN AND GARDEN,0,0,0,0,0
2017-08-21,4,LINGERIE,0,0,0,0,0
2017-08-21,4,"LIQUOR,WINE,BEER",4,0,0,0,0
2017-08-21,4,MAGAZINES,0,0,0,0,0
2017-08-21,4,MEATS,0,0,0,0,0
2017-08-21,4,PERSONAL CARE,11,0,0,0,0
2017-08-21,4,PET SUPPLIES,0,0,0,0,0
2017-08-21,4,PLAYERS AND ELECTRONICS,0,0,0,0,0
2017-08-21,4,POULTRY,0,0,0,0,0
2017-08-21,4,PREPARED FOODS,0,0,0,0,0
2017-08-21,4,PRODUCE,2,0,0,0,0
2017-08-21,4,SCHOOL AND OFFICE SUPPLIES,0,0,0,0,0
2017-08-21,4,SEAFOOD,0,0,0,0,0
2017-08-21,5,AUTOMOTIVE,0,0,0,0,0
2017-08-21,5,BABY CARE,0,0,0,0,0
2017-08-21,5,BEAUTY,2,0,0,0,0
2017-08-21,5,BEVERAGES,15,0,0,0,0
2017-08-21,5,BOOKS,0,0,0,0,0
2017-08-21,5,BREAD/BAKERY,8,0,0,0,0
2017-08-21,5,CELEBRATION,0,0,0,0,0
2017-08-21,5,CLEANING,11,0,0,0,0
2017-08-21,5,DAIRY,16,0,0,0,0
2017-08-21,5,DELI,8,0,0,0,0
2017-08-21,5,EGGS,0,0,0,0,0
2017-08-21,5,FROZEN FOODS,0,0,0,0,0
2017-08-21,5,GROCERY I,35,0,0,0,0
2017-08-21,5,GROCERY II,0,0,0,0,0
2017-08-21,5,HARDWARE,0,0,0,0,0
2017-08-21,5,HOME AND KITCHEN I,0,0,0,0,0
2017-08-21,5,HOME AND KITCHEN II,1,0,0,0,0
2017-08-21,5,HOME APPLIANCES,0,0,0,0,0
2017-08-21,5,HOME CARE,7,0,0,0,0
2017-08-21,5,LADIESWEAR,0,0,0,0,0
2017-08-21,5,LAWN AND GARDEN,0,0,0,0,0
2017-08-21,5,LINGERIE,0,0,0,0,0
2017-08-21,5,"LIQUOR,WINE,BEER",3,0,0,0,0
2017-08-21,5,MAGAZINES,0,0,0,0,0
2017-08-21,5,MEATS,0,0,0,0,0
2017-08-21,5,PERSONAL CARE,13,0,0,0,0
2017-08-21,5,PET SUPPLIES,0,0,0,0,0
2017-08-21,5,PLAYERS AND ELECTRONICS,0,0,0,0,0
2017-08-21,5,POULTRY,0,0,0,0,0
2017-08-21,5,PREPARED FOODS,0,0,0,0,0
2017-08-21,5,PRODUCE,2,0,0,0,0
2017-08-21,5,SCHOOL AND OFFICE SUPPLIES,0,0,0,0,0
2017-08-21,5,SEAFOOD,0,0,0,0,0
2017-08-21,6,AUTOMOTIVE,0,0,0,0,0
2017-08-21,6,BABY CARE,0,0,0,0,0
2017-08-21,6,BEAUTY,1,0,0,0,0
2017-08-21,6,BEVERAGES,19,0,0,0,0
2017-08-21,6,BOOKS,0,0,0,0,0
2017-08-21,6,BREAD/BAKERY,6,0,0,0,0
2017-08-21,6,CELEBRATION,0,0,0,0,0
2017-08-21,6,CLEANING,11,0,0,0,0
2017-08-21,6,DAIRY,20,0,0,0,0
2017-08-21,6,DELI,9,0,0,0,0
2017-08-21,6,EGGS,0,0,0,0,0
2017-08-21,6,FROZEN FOODS,0,0,0,0,0
2017-08-21,6,GROCERY I,39,0,0,0,0
2017-08-21,6,GROCERY II,0,0,0,0,0
2017-08-21,6,HARDWARE,0,0,0,0,0
2017-08-21,6,HOME AND KITCHEN I,1,0,0,0,0
2017-08-21,6,HOME AND KITCHEN II,2,0,0,0,0
2017-08-21,6,HOME APPLIANCES,0,0,0,0,0
2017-08-21,6,HOME CARE,8,0,0,0,0
2017-08-21,6,LADIESWEAR,0,0,0,0,0
2017-08-21,6,LAWN AND GARDEN,0,0,0,0,0
2017-08-21,6,LINGERIE,4,0,0,0,0
2017-08-21,6,"LIQUOR,WINE,BEER",1,0,0,0,0
2017-08-21,6,MAGAZINES,0,0,0,0,0
2017-08-21,6,MEATS,0,0,0,0,0
2017-08-21,6,PERSONAL CARE,13,0,0,0,0
2017-08-21,6,PET SUPPLIES,0,0,0,0,0
2017-08-21,6,PLAYERS AND ELECTRONICS,0,0,0,0,0
2017-08-21,6,POULTRY,0,0,0,0,0
2017-08-21,6,PREPARED FOODS,0,0,0,0,0
2017-08-21,6,PRODUCE,2,0,0,0,0
2017-08-21,6,SCHOOL AND OFFICE SUPPLIES,0,0,0,0,0
2017-08-21,6,SEAFOOD,0,0,0,0,0
2017-08-21,7,AUTOMOTIVE,0,0,0,0,0
2017-08-21,7,BABY CARE,0,0,0,0,0
2017-08-21,7,BEAUTY,2,0,0,0,0
2017-08-21,7,BEVERAGES,16,0,0,0,0
2017-08-21,7,BOOKS,0,0,0,0,0
2017-08-21,7,BREAD/BAKERY,12,0,0,0,0
2017-08-21,7,CELEBRATION,0,0,0,0,0
2017-08-21,7,CLEANING,8,0,0,0,0
2017-08-21,7,DAIRY,22,0,0,0,0
2017-08-21,7,DELI,8,0,0,0,0
2017-08-21,7,EGGS,0,0,0,0,0
2017-08-21,7,FROZEN FOODS,0,0,0,0,0
2017-08-21,7,GROCERY I,31,0,0,0,0
2017-08-21,7,GROCERY II,0,0,0,0,0
2017-08-21,7,HARDWARE,0,0,0,0,0
2017-08-21,7,HOME AND KITCHEN I,1,0,0,0,0
2017-08-21,7,HOME AND KITCHEN II,4,0,0,0,0
2017-08-21,7,HOME APPLIANCES,0,0,0,0,0
2017-08-21,7,HOME CARE,8,0,0,0,0
2017-08-21,7,LADIESWEAR,0,0,0,0,0
2017-08-21,7,LAWN AND GARDEN,0,0,0,0,0
2017-08-21,7,LINGERIE,0,0,0,0,0
2017-08-21,7,"LIQUOR,WINE,BEER",5,0,0,0,0
2017-08-21,7,MAGAZINES,0,0,0,0,0
2017-08-21,7,MEATS,0,0,0,0,0
2017-08-21,7,PERSONAL CARE,11,0,0,0,0
2017-08-21,7,PET SUPPLIES,0,0,0,0,0
2017-08-21,7,PLAYERS AND ELECTRONICS,0,0,0,0,0
2017-08-21,7,POULTRY,0,0,0,0,0
2017-08-21,7,PREPARED FOODS,0,0,0,0,0
2017-08-21,7,PRODUCE,2,0,0,0,0
2017-08-21,7,SCHOOL AND OFFICE SUPPLIES,0,0,0,0,0
2017-08-21,7,SEAFOOD,0,0,0,0,0
2017-08-21,8,AUTOMOTIVE,0,0,0,0,0
2017-08-21,8,BABY CARE,0,0,0,0,0
2017-08-21,8,BEAUTY,2,0,0,0,0
2017-08-21,8,BEVERAGES,17,0,0,0,0
2017-08-21,8,BOOKS,0,0,0,0,0
2017-08-21,8,BREAD/BAKERY,12,0,0,0,0
2017-08-21,8,CELEBRATION,0,0,0,0,0
2017-08-21,8,CLEANING,11,0,0,0,0
2017-08-21,8,DAIRY,20,0,0,0,0
2017-08-21,8,DELI,10,0,0,0,0
2017-08-21,8,EGGS,0,0,0,0,0
2017-08-21,8,FROZEN FOODS,0,0,0,0,0
2017-08-21,8,GROCERY I,35,0,0,0,0
2017-08-21,8,GROCERY II,0,0,0,0,0
2017-08-21,8,HARDWARE,0,0,0,0,0
2017-08-21,8,HOME AND KITCHEN I,2,0,0,0,0
2017-08-21,8,HOME AND KITCHEN II,2,0,0,0,0
2017-08-21,8,HOME APPLIANCES,0,0,0,0,0
2017-08-21,8,HOME CARE,7,0,0,0,0
2017-08-21,8,LADIESWEAR,0,0,0,0,0
2017-08-21,8,LAWN AND GARDEN,0,0,0,0,0
2017-08-21,8,LINGERIE,2,0,0,0,0
2017-08-21,8,"LIQUOR,WINE,BEER",4,0,0,0,0
2017-08-21,8,MAGAZINES,0,0,0,0,0
2017-08-21,8,MEATS,0,0,0,0,0
2017-08-21,8,PERSONAL CARE,10,0,0,0,0
2017-08-21,8,PET SUPPLIES,0,0,0,0,0
2017-08-21,8,PLAYERS AND ELECTRONICS,0,0,0,0,0
2017-08-21,8,POULTRY,0,0,0,0,0
2017-08-21,8,PREPARED FOODS,0,0,0,0,0
2017-08-21,8,PRODUCE,3,0,0,0,0
2017-08-21,8,SCHOOL AND OFFICE SUPPLIES,0,0,0,0,0
2017-08-21,8,SEAFOOD,0,0,0,0,0
2017-08-21,9,AUTOMOTIVE,0,0,0,0,0
2017-08-21,9,BABY CARE,0,0,0,0,0
2017-08-21,9,BEAUTY,1,0,0,0,0
2017-08-21,9,BEVERAGES,28,0,0,0,0
2017-08-21,9,BOOKS,0,0,0,0,0
2017-08-21,9,BREAD/BAKERY,11,0,0,0,0
2017-08-21,9,CELEBRATION,0,0,0,0,0
2017-08-21,9,CLEANING,27,0,0,0,0
2017-08-21,9,DAIRY,18,0,0,0,0
2017-08-21,9,DELI,7,0,0,0,0
2017-08-21,9,EGGS,19,0,0,0,0
2017-08-21,9,FROZEN FOODS,0,0,0,0,0
2017-08-21,9,GROCERY I,64,0,0,0,0
2017-08-21,9,GROCERY II,0,0,0,0,0
2017-08-21,9,HARDWARE,0,0,0,0,0
2017-08-21,9,HOME AND KITCHEN I,0,0,0,0,0
2017-08-21,9,HOME AND KITCHEN II,2,0,0,0,0
2017-08-21,9,HOME APPLIANCES,0,0,0,0,0
2017-08-21,9,HOME CARE,12,0,0,0,0
2017-08-21,9,LADIESWEAR,0,0,0,0,0
2017-08-21,9,LAWN AND GARDEN,0,0,0,0,0
2017-08-21,9,LINGERIE,1,0,0,0,0
2017-08-21,9,"LIQUOR,WINE,BEER",5,0,0,0,0
2017-08-21,9,MAGAZINES,0,0,0,0,0
2017-08-21,9,MEATS,0,0,0,0,0
2017-08-21,9,PERSONAL CARE,13,0,0,0,0
2017-08-21,9,PET SUPPLIES,0,0,0,0,0
2017-08-21,9,PLAYERS AND ELECTRONICS,0,0,0,0,0
2017-08-21,9,POULTRY,0,0,0,0,0
2017-08-21,9,PREPARED FOODS,0,0,0,0,0
2017-08-21,9,PRODUCE,1,0,0,0,0
2017-08-21,9,SCHOOL AND OFFICE SUPPLIES,10,0,0,0,0
2017-08-21,9,SEAFOOD,0,0,0,0,0
2017-08-21,10,AUTOMOTIVE,0,0,0,0,0
2017-08-21,10,BABY CARE,0,0,0,0,0
2017-08-21,10,BEAUTY,0,0,0,0,0
2017-08-21,10,BEVERAGES,19,0,0,0,0
2017-08-21,10,BOOKS,0,0,0,0,0
2017-08-21,10,BREAD/BAKERY,5,0,0,0,0
2017-08-21,10,CELEBRATION,0,0,0,0,0
2017-08-21,10,CLEANING,17,0,0,0,0
2017-08-21,10,DAIRY,7,0,0,0,0
2017-08-21,10,DELI,2,0,0,0,0
2017-08-21,10,EGGS,11,0,0,0,0
2017-08-21,10,FROZEN FOODS,0,0,0,0,0
2017-08-21,10,GROCERY I,50,0,0,0,0
2017-08-21,10,GROCERY II,0,0,0,0,0
2017-08-21,10,HARDWARE,0,0,0,0,0
2017-08-21,10,HOME AND KITCHEN I,0,0,0,0,0
2017-08-21,10,HOME AND KITCHEN II,0,0,0,0,0
2017-08-21,10,HOME APPLIANCES,0,0,0,0,0
2017-08-21,10,HOME CARE,8,0,0,0,0
2017-08-21,10,LADIESWEAR,0,0,0,0,0
2017-08-21,10,LAWN AND GARDEN,0,0,0,0,0
2017-08-21,10,LINGERIE,0,0,0,0,0
2017-08-21,10,"LIQUOR,WINE,BEER",0,0,0,0,0
2017-08-21,10,MAGAZINES,0,0,0,0,0
2017-08-21,10,MEATS,0,0,0,0,0
2017-08-21,10,PERSONAL CARE,10,0,0,0,0
2017-08-21,10,PET SUPPLIES,0,0,0,0,0
2017-08-21,10,PLAYERS AND ELECTRONICS,0,0,0,0,0
2017-08-21,10,POULTRY,0,0,0,0,0
2017-08-21,10,PREPARED FOODS,0,0,0,0,0
2017-08-21,10,PRODUCE,2,0,0,0,0
2017-08-21,10,SCHOOL AND OFFICE SUPPLIES,1,0,0,0,0
2017-08-21,10,SEAFOOD,0,0,0,0,0
2017-08-21,11,AUTOMOTIVE,0,0,0,0,0
2017-08-21,11,BABY CARE,0,0,0,0,0
2017-08-21,11,BEAUTY,0,0,0,0,0
2017-08-21,11,BEVERAGES,33,0,0,0,0
2017-08-21,11,BOOKS,0,0,0,0,0
2017-08-21,11,BREAD/BAKERY,8,0,0,0,0
2017-08-21,11,CELEBRATION,0,0,0,0,0
2017-08-21,11,CLEANING,22,0,0,0,0
2017-08-21,11,DAIRY,15,0,0,0,0
2017-08-21,11,DELI,10,0,0,0,0
2017-08-21,11,EGGS,18,0,0,0,0
2017-08-21,11,FROZEN FOODS,0,0,0,0,0
2017-08-21,11,GROCERY I,63,0,0,0,0
2017-08-21,11,GROCERY II,0,0,0,0,0
2017-08-21,11,HARDWARE,0,0,0,0,0
2017-08-21,11,HOME AND KITCHEN I,1,0,0,0,0
2017-08-21,11,HOME AND KITCHEN II,2,0,0,0,0
2017-08-21,11,HOME APPLIANCES,0,0,0,0,0
2017-08-21,11,HOME CARE,8,0,0,0,0
2017-08-21,11,LADIESWEAR,0,0,0,0,0
2017-08-21,11,LAWN AND GARDEN,0,0,0,0,0
2017-08-21,11,LINGERIE,0,0,0,0,0
2017-08-21,11,"LIQUOR,WINE,BEER",1,0,0,0,0
2017-08-21,11,MAGAZINES,0,0,0,0,0
2017-08-21,11,MEATS,0,0,0,0,0
2017-08-21,11,PERSONAL CARE,10,0,0,0,0
2017-08-21,11,PET SUPPLIES,0,0,0,0,0
2017-08-21,11,PLAYERS AND ELECTRONICS,0,0,0,0,0
2017-08-21,11,POULTRY,0,0,0,0,0
2017-08-21,11,PREPARED FOODS,0,0,0,0,0
2017-08-21,11,PRODUCE,3,0,0,0,0
2017-08-21,11,SCHOOL AND OFFICE SUPPLIES,5,0,0,0,0
2017-08-21,11,SEAFOOD,0,0,0,0,0
2017-08-21,12,AUTOMOTIVE,0,0,0,0,0
2017-08-21,12,BABY CARE,0,0,0,0,0
2017-08-21,12,BEAUTY,1,0,0,0,0
2017-08-21,12,BEVERAGES,19,0,0,0,0
2017-08-21,12,BOOKS,0,0,0,0,0
2017-08-21,12,BREAD/BAKERY,8,0,0,0,0
2017-08-21,12,CELEBRATION,0,0,0,0,0
2017-08-21,12,CLEANING,16,0,0,0,0
2017-08-21,12,DAIRY,14,0,0,0,0
2017-08-21,12,DELI,6,0,0,0,0
2017-08-21,12,EGGS,11,0,0,0,0
2017-08-21,12,FROZEN FOODS,0,0,0,0,0
2017-08-21,12,GROCERY I,48,0,0,0,0
2017-08-21,12,GROCERY II,0,0,0,0,0
2017-08-21,12,HARDWARE,0,0,0,0,0
2017-08-21,12,HOME AND KITCHEN I,0,0,0,0,0
2017-08-21,12,HOME AND KITCHEN II,1,0,0,0,0
2017-08-21,12,HOME APPLIANCES,0,0,0,0,0
2017-08-21,12,HOME CARE,8,0,0,0,0
2017-08-21,12,LADIESWEAR,0,0,0,0,0
2017-08-21,12,LAWN AND GARDEN,0,0,0,0,0
2017-08-21,12,LINGERIE,4,0,0,0,0
2017-08-21,12,"LIQUOR,WINE,BEER",2,0,0,0,0
2017-08-21,12,MAGAZINES,0,0,0,0,0
2017-08-21,12,MEATS,0,0,0,0,0
2017-08-21,12,PERSONAL CARE,8,0,0,0,0
2017-08-21,12,PET SUPPLIES,0,0,0,0,0
2017-08-21,12,PLAYERS AND ELECTRONICS,0,0,0,0,0
2017-08-21,12,POULTRY,0,0,0,0,0
2017-08-21,12,PREPARED FOODS,0,0,0,0,0
2017-08-21,12,PRODUCE,1,0,0,0,0
2017-08-21,12,SCHOOL AND OFFICE SUPPLIES,4,0,0,0,0
2017-08-21,12,SEAFOOD,0,0,0,0,0
2017-08-21,13,AUTOMOTIVE,0,0,0,0,0
2017-08-21,13,BABY CARE,0,0,0,0,0
2017-08-21,13,BEAUTY,0,0,0,0,0
2017-08-21,13,BEVERAGES,17,0,0,0,0
2017-08-21,13,BOOKS,0,0,0,0,0
2017-08-21,13,BREAD/BAKERY,7,0,0,0,0
2017-08-21,13,CELEBRATION,0,0,0,0,0
2017-08-21,13,CLEANING,21,0,0,0,0
2017-08-21,13,DAIRY,11,0,0,0,0
2017-08-21,13,DELI,1,0,0,0,0
2017-08-21,13,EGGS,7,0,0,0,0
2017-08-21,13,FROZEN FOODS,0,0,0,0,0
2017-08-21,13,GROCERY I,52,0,0,0,0
2017-08-21,13,GROCERY II,0,0,0,0,0
2017-08-21,13,HARDWARE,0,0,0,0,0
2017-08-21,13,HOME AND KITCHEN I,1,0,0,0,0
2017-08-21,13,HOME AND KITCHEN II,1,0,0,0,0
2017-08-21,13,HOME APPLIANCES,0,0,0,0,0
2017-08-21,13,HOME CARE,7,0,0,0,0
2017-08-21,13,LADIESWEAR,0,0,0,0,0
2017-08-21,13,LAWN AND GARDEN,0,0,0,0,0
2017-08-21,13,LINGERIE,0,0,0,0,0
2017-08-21,13,"LIQUOR,WINE,BEER",2,0,0,0,0
2017-08-21,13,MAGAZINES,0,0,0,0,0
2017-08-21,13,MEATS,0,0,0,0,0
2017-08-21,13,PERSONAL CARE,10,0,0,0,0
2017-08-21,13,PET SUPPLIES,0,0,0,0,0
2017-08-21,13,PLAYERS AND ELECTRONICS,0,0,0,0,0
2017-08-21,13,POULTRY,0,0,0,0,0
2017-08-21,13,PREPARED FOODS,0,0,0,0,0
2017-08-21,13,PRODUCE,1,0,0,0,0
2017-08-21,13,SCHOOL AND OFFICE SUPPLIES,2,0,0,0,0
2017-08-21,13,SEAFOOD,0,0,0,0,0
2017-08-21,14,AUTOMOTIVE,0,0,0,0,0
2017-08-21,14,BABY CARE,0,0,0,0,0
2017-08-21,14,BEAUTY,0,0,0,0,0
2017-08-21,14,BEVERAGES,22,0,0,0,0
2017-08-21,14,BOOKS,0,0,0,0,0
2017-08-21,14,BREAD/BAKERY,6,0,0,0,0
2017-08-21,14,CELEBRATION,0,0,0,0,0
2017-08-21,14,CLEANING,19,0,0,0,0
2017-08-21,14,DAIRY,13,0,0,0,0
2017-08-21,14,DELI,4,0,0,0,0
2017-08-21,14,EGGS,9,0,0,0,0
2017-08-21,14,FROZEN FOODS,0,0,0,0,0
2017-08-21,14,GROCERY I,50,0,0,0,0
2017-08-21,14,GROCERY II,0,0,0,0,0
2017-08-21,14,HARDWARE,0,0,0,0,0
2017-08-21,14,HOME AND KITCHEN I,0,0,0,0,0
2017-08-21,14,HOME AND KITCHEN II,1,0,0,0,0
2017-08-21,14,HOME APPLIANCES,0,0,0,0,0
2017-08-21,14,HOME CARE,5,0,0,0,0
2017-08-21,14,LADIESWEAR,0,0,0,0,0
2017-08-21,14,LAWN AND GARDEN,0,0,0,0,0
2017-08-21,14,LINGERIE,0,0,0,0,0
2017-08-21,14,"LIQUOR,WINE,BEER",0,0,0,0,0
2017-08-21,14,MAGAZINES,0,0,0,0,0
2017-08-21,14,MEATS,0,0,0,0,0
2017-08-21,14,PERSONAL CARE,10,0,0,0,0
2017-08-21,14,PET SUPPLIES,0,0,0,0,0
2017-08-21,14,PLAYERS AND ELECTRONICS,0,0,0,0,0
2017-08-21,14,POULTRY,0,0,0,0,0
2017-08-21,14,PREPARED FOODS,0,0,0,0,0
2017-08-21,14,PRODUCE,1,0,0,0,0
2017-08-21,14,SCHOOL AND OFFICE SUPPLIES,3,0,0,0,0
2017-08-21,14,SEAFOOD,0,0,0,0,0
2017-08-21,15,AUTOMOTIVE,0,0,0,0,0
2017-08-21,15,BABY CARE,0,0,0,0,0
2017-08-21,15,BEAUTY,1,0,0,0,0
2017-08-21,15,BEVERAGES,24,0,0,0,0
2017-08-21,15,BOOKS,0,0,0,0,0
2017-08-21,15,BREAD/BAKERY,4,0,0,0,0
2017-08-21,15,CELEBRATION,0,0,0,0,0
2017-08-21,15,CLEANING,23,0,0,0,0
2017-08-21,15,DAIRY,12,0,0,0,0
2017-08-21,15,DELI,8,0,0,0,0
2017-08-21,15,EGGS,13,0,0,0,0
2017-08-21,15,FROZEN FOODS,0,0,0,0,0
2017-08-21,15,GROCERY I,67,0,0,0,0
2017-08-21,15,GROCERY II,0,0,0,0,0
2017-08-21,15,HARDWARE,0,0,0,0,0
2017-08-21,15,HOME AND KITCHEN I,2,0,0,0,0
2017-08-21,15,HOME AND KITCHEN II,0,0,0,0,0
2017-08-21,15,HOME APPLIANCES,0,0,0,0,0
2017-08-21,15,HOME CARE,7,0,0,0,0
2017-08-21,15,LADIESWEAR,0,0,0,0,0
2017-08-21,15,LAWN AND GARDEN,0,0,0,0,0
2017-08-21,15,LINGERIE,0,0,0,0,0
2017-08-21,15,"LIQUOR,WINE,BEER",0,0,0,0,0
2017-08-21,15,MAGAZINES,0,0,0,0,0
2017-08-21,15,MEATS,1,0,0,0,0
2017-08-21,15,PERSONAL CARE,10,0,0,0,0
2017-08-21,15,PET SUPPLIES,0,0,0,0,0
2017-08-21,15,PLAYERS AND ELECTRONICS,0,0,0,0,0
2017-08-21,15,POULTRY,1,0,0,0,0
2017-08-21,15,PREPARED FOODS,0,0,0,0,0
2017-08-21,15,PRODUCE,4,0,0,0,0
2017-08-21,15,SCHOOL AND OFFICE SUPPLIES,4,0,0,0,0
2017-08-21,15,SEAFOOD,0,0,0,0,0
2017-08-21,16,AUTOMOTIVE,0,0,0,0,0
2017-08-21,16,BABY CARE,0,0,0,0,0
2017-08-21,16,BEAUTY,0,0,0,0,0
2017-08-21,16,BEVERAGES,20,0,0,0,0
2017-08-21,16,BOOKS,0,0,0,0,0
2017-08-21,16,BREAD/BAKERY,8,0,0,0,0
2017-08-21,16,CELEBRATION,0,0,0,0,0
2017-08-21,16,CLEANING,19,0,0,0,0
2017-08-21,16,DAIRY,8,0,0,0,0
2017-08-21,16,DELI,6,0,0,0,0
2017-08-21,16,EGGS,12,0,0,0,0
2017-08-21,16,FROZEN FOODS,0,0,0,0,0
2017-08-21,16,GROCERY I,57,0,0,0,0
2017-08-21,16,GROCERY II,0,0,0,0,0
2017-08-21,16,HARDWARE,0,0,0,0,0
2017-08-21,16,HOME AND KITCHEN I,1,0,0,0,0
2017-08-21,16,HOME AND KITCHEN II,1,0,0,0,0
2017-08-21,16,HOME APPLIANCES,0,0,0,0,0
2017-08-21,16,HOME CARE,9,0,0,0,0
2017-08-21,16,LADIESWEAR,0,0,0,0,0
2017-08-21,16,LAWN AND GARDEN,0,0,0,0,0
2017-08-21,16,LINGERIE,0,0,0,0,0
2017-08-21,16,"LIQUOR,WINE,BEER",1,0,0,0,0
2017-08-21,16,MAGAZINES,0,0,0,0,0
2017-08-21,16,MEATS,0,0,0,0,0
2017-08-21,16,PERSONAL CARE,10,0,0,0,0
2017-08-21,16,PET SUPPLIES,0,0,0,0,0
2017-08-21,16,PLAYERS AND ELECTRONICS,0,0,0,0,0
2017-08-21,16,POULTRY,0,0,0,0,0
2017-08-21,16,PREPARED FOODS,0,0,0,0,0
2017-08-21,16,PRODUCE,0,0,0,0,0
2017-08-21,16,SCHOOL AND OFFICE SUPPLIES,0,0,0,0,0
2017-08-21,16,SEAFOOD,0,0,0,0,0
2017-08-21,17,AUTOMOTIVE,0,0,0,0,0
2017-08-21,17,BABY CARE,0,0,0,0,0
2017-08-21,17,BEAUTY,1,0,0,0,0
2017-08-21,17,BEVERAGES,20,0,0,0,0
2017-08-21,17,BOOKS,0,0,0,0,0
2017-08-21,17,BREAD/BAKERY,11,0,0,0,0
2017-08-21,17,CELEBRATION,0,0,0,0,0
2017-08-21,17,CLEANING,18,0,0,0,0
2017-08-21,17,DAIRY,17,0,0,0,0
2017-08-21,17,DELI,8,0,0,0,0
2017-08-21,17,EGGS,16,0,0,0,0
2017-08-21,17,FROZEN FOODS,0,0,0,0,0
2017-08-21,17,GROCERY I,56,0,0,0,0
2017-08-21,17,GROCERY II,0,0,0,0,0
2017-08-21,17,HARDWARE,0,0,0,0,0
2017-08-21,17,HOME AND KITCHEN I,1,0,0,0,0
2017-08-21,17,HOME AND KITCHEN II,1,0,0,0,0
2017-08-21,17,HOME APPLIANCES,0,0,0,0,0
2017-08-21,17,HOME CARE,9,0,0,0,0
2017-08-21,17,LADIESWEAR,0,0,0,0,0
2017-08-21,17,LAWN AND GARDEN,0,0,0,0,0
2017-08-21,17,LINGERIE,2,0,0,0,0
2017-08-21,17,"LIQUOR,WINE,BEER",1,0,0,0,0
2017-08-21,17,MAGAZINES,0,0,0,0,0
2017-08-21,17,MEATS,0,0,0,0,0
2017-08-21,17,PERSONAL CARE,11,0,0,0,0
2017-08-21,17,PET SUPPLIES,0,0,0,0,0
2017-08-21,17,PLAYERS AND ELECTRONICS,0,0,0,0,0
2017-08-21,17,POULTRY,1,0,0,0,0
2017-08-21,17,PREPARED FOODS,0,0,0,0,0
2017-08-21,17,PRODUCE,0,0,0,0,0
2017-08-21,17,SCHOOL AND OFFICE SUPPLIES,6,0,0,0,0
2017-08-21,17,SEAFOOD,0,0,0,0,0
2017-08-21,18,AUTOMOTIVE,0,0,0,0,0
2017-08-21,18,BABY CARE,0,0,0,0,0
2017-08-21,18,BEAUTY,2,0,0,0,0
2017-08-21,18,BEVERAGES,22,0,0,0,0
2017-08-21,18,BOOKS,0,0,0,0,0
2017-08-21,18,BREAD/BAKERY,8,0,0,0,0
2017-08-21,18,CELEBRATION,0,0,0,0,0
2017-08-21,18,CLEANING,17,0,0,0,0
2017-08-21,18,DAIRY,20,0,0,0,0
2017-08-21,18,DELI,10,0,0,0,0
2017-08-21,18,EGGS,22,0,0,0,0
2017-08-21,18,FROZEN FOODS,0,0,0,0,0
2017-08-21,18,GROCERY I,63,0,0,0,0
2017-08-21,18,GROCERY II,0,0,0,0,0
2017-08-21,18,HARDWARE,0,0,0,0,0
2017-08-21,18,HOME AND KITCHEN I,0,0,0,0,0
2017-08-21,18,HOME AND KITCHEN II,0,0,0,0,0
2017-08-21,18,HOME APPLIANCES,0,0,0,0,0
2017-08-21,18,HOME CARE,9,0,0,0,0
2017-08-21,18,LADIESWEAR,0,0,0,0,0
2017-08-21,18,LAWN AND GARDEN,0,0,0,0,0
2017-08-21,18,LINGERIE,2,0,0,0,0
2017-08-21,18,"LIQUOR,WINE,BEER",3,0,0,0,0
2017-08-21,18,MAGAZINES,0,0,0,0,0
2017-08-21,18,MEATS,0,0,0,0,0
2017-08-21,18,PERSONAL CARE,11,0,0,0,0
2017-08-21,18,PET SUPPLIES,0,0,0,0,0
2017-08-21,18,PLAYERS AND ELECTRONICS,0,0,0,0,0
2017-08-21,18,POULTRY,1,0,0,0,0
2017-08-21,18,PREPARED FOODS,0,0,0,0,0
2017-08-21,18,PRODUCE,1,0,0,0,0
2017-08-21,18,SCHOOL AND OFFICE SUPPLIES,8,0,0,0,0
2017-08-21,18,SEAFOOD,0,0,0,0,0
2017-08-21,19,AUTOMOTIVE,0,0,0,0,0
2017-08-21,19,BABY CARE,0,0,0,0,0
2017-08-21,19,BEAUTY,0,0,0,0,0
2017-08-21,19,BEVERAGES,21,0,0,0,0
2017-08-21,19,BOOKS,0,0,0,0,0
2017-08-21,19,BREAD/BAKERY,8,0,0,0,0
2017-08-21,19,CELEBRATION,0,0,0,0,0
2017-08-21,19,CLEANING,19,0,0,0,0
2017-08-21,19,DAIRY,9,0,0,0,0
2017-08-21,19,DELI,7,0,0,0,0
2017-08-21,19,EGGS,12,0,0,0,0
2017-08-21,19,FROZEN FOODS,0,0,0,0,0
2017-08-21,19,GROCERY I,59,0,0,0,0
2017-08-21,19,GROCERY II,0,0,0,0,0
2017-08-21,19,HARDWARE,0,0,0,0,0
2017-08-21,19,HOME AND KITCHEN I,0,0,0,0,0
2017-08-21,19,HOME AND KITCHEN II,0,0,0,0,0
2017-08-21,19,HOME APPLIANCES,0,0,0,0,0
2017-08-21,19,HOME CARE,9,0,0,0,0
2017-08-21,19,LADIESWEAR,0,0,0,0,0
2017-08-21,19,LAWN AND GARDEN,0,0,0,0,0
2017-08-21,19,LINGERIE,0,0,0,0,0
2017-08-21,19,"LIQUOR,WINE,BEER",0,0,0,0,0
2017-08-21,19,MAGAZINES,0,0,0,0,0
2017-08-21,19,MEATS,0,0,0,0,0
2017-08-21,19,PERSONAL CARE,12,0,0,0,0
2017-08-21,19,PET SUPPLIES,0,0,0,0,0
2017-08-21,19,PLAYERS AND ELECTRONICS,0,0,0,0,0
2017-08-21,19,POULTRY,0,0,0,0,0
2017-08-21,19,PREPARED FOODS,0,0,0,0,0
2017-08-21,19,PRODUCE,1,0,0,0,0
2017-08-21,19,SCHOOL AND OFFICE SUPPLIES,3,0,0,0,0
2017-08-21,19,SEAFOOD,0,0,0,0,0
2017-08-21,20,AUTOMOTIVE,0,0,0,0,0
2017-08-21,20,BABY CARE,0,0,0,0,0
2017-08-21,20,BEAUTY,1,0,0,0,0
2017-08-21,20,BEVERAGES,24,0,0,0,0
2017-08-21,20,BOOKS,0,0,0,0,0
2017-08-21,20,BREAD/BAKERY,9,0,0,0,0
2017-08-21,20,CELEBRATION,0,0,0,0,0
2017-08-21,20,CLEANING,24,0,0,0,0
2017-08-21,20,DAIRY,19,0,0,0,0
2017-08-21,20,DELI,10,0,0,0,0
2017-08-21,20,EGGS,19,0,0,0,0
2017-08-21,20,FROZEN FOODS,0,0,0,0,0
2017-08-21,20,GROCERY I,65,0,0,0,0
2017-08-21,20,GROCERY II,0,0,0,0,0
2017-08-21,20,HARDWARE,0,0,0,0,0
2017-08-21,20,HOME AND KITCHEN I,0,0,0,0,0
2017-08-21,20,HOME AND KITCHEN II,1,0,0,0,0
2017-08-21,20,HOME APPLIANCES,0,0,0,0,0
2017-08-21,20,HOME CARE,8,0,0,0,0
2017-08-21,20,LADIESWEAR,0,0,0,0,0
2017-08-21,20,LAWN AND GARDEN,0,0,0,0,0
2017-08-21,20,LINGERIE,0,0,0,0,0
2017-08-21,20,"LIQUOR,WINE,BEER",1,0,0,0,0
2017-08-21,20,MAGAZINES,0,0,0,0,0
2017-08-21,20,MEATS,0,0,0,0,0
2017-08-21,20,PERSONAL CARE,13,0,0,0,0
2017-08-21,20,PET SUPPLIES,0,0,0,0,0
2017-08-21,20,PLAYERS AND ELECTRONICS,0,0,0,0,0
2017-08-21,20,POULTRY,0,0,0,0,0
2017-08-21,20,PREPARED FOODS,0,0,0,0,0
2017-08-21,20,PRODUCE,1,0,0,0,0
2017-08-21,20,SCHOOL AND OFFICE SUPPLIES,6,0,0,0,0
2017-08-21,20,SEAFOOD,0,0,0,0,0
2017-08-21,21,AUTOMOTIVE,0,0,0,0,0
2017-08-21,21,BABY CARE,0,0,0,0,0
2017-08-21,21,BEAUTY,1,0,0,0,0
2017-08-21,21,BEVERAGES,22,0,0,0,0
2017-08-21,21,BOOKS,0,0,0,0,0
2017-08-21,21,BREAD/BAKERY,9,0,0,0,0
2017-08-21,21,CELEBRATION,0,0,0,0,0
2017-08-21,21,CLEANING,22,0,0,0,0
2017-08-21,21,DAIRY,11,0,0,0,0
2017-08-21,21,DELI,10,0,0,0,0
2017-08-21,21,EGGS,20,0,0,0,0
2017-08-21,21,FROZEN FOODS,0,0,0,0,0
2017-08-21,21,GROCERY I,62,0,0,0,0
2017-08-21,21,GROCERY II,0,0,0,0,0
2017-08-21,21,HARDWARE,0,0,0,0,0
2017-08-21,21,HOME AND KITCHEN I,0,0,0,0,0
2017-08-21,21,HOME AND KITCHEN II,2,0,0,0,0
2017-08-21,21,HOME APPLIANCES,0,0,0,0,0
2017-08-21,21,HOME CARE,8,0,0,0,0
2017-08-21,21,LADIESWEAR,0,0,0,0,0
2017-08-21,21,LAWN AND GARDEN,0,0,0,0,0
2017-08-21,21,LINGERIE,0,0,0,0,0
2017-08-21,21,"LIQUOR,WINE,BEER",3,0,0,0,0
2017-08-21,21,MAGAZINES,0,0,0,0,0
2017-08-21,21,MEATS,0,0,0,0,0
2017-08-21,21,PERSONAL CARE,10,0,0,0,0
2017-08-21,21,PET SUPPLIES,0,0,0,0,0
2017-08-21,21,PLAYERS AND ELECTRONICS,1,0,0,0,0
2017-08-21,21,POULTRY,0,0,0,0,0
2017-08-21,21,PREPARED FOODS,0,0,0,0,0
2017-08-21,21,PRODUCE,1,0,0,0,0
2017-08-21,21,SCHOOL AND OFFICE SUPPLIES,0,0,0,0,0
2017-08-21,21,SEAFOOD,0,0,0,0,0
2017-08-21,22,AUTOMOTIVE,0,0,0,0,0
2017-08-21,22,BABY CARE,0,0,0,0,0
2017-08-21,22,BEAUTY,0,0,0,0,0
2017-08-21,22,BEVERAGES,21,0,0,0,0
2017-08-21,22,BOOKS,0,0,0,0,0
2017-08-21,22,BREAD/BAKERY,9,0,0,0,0
2017-08-21,22,CELEBRATION,0,0,0,0,0
2017-08-21,22,CLEANING,18,0,0,0,0
2017-08-21,22,DAIRY,7,0,0,0,0
2017-08-21,22,DELI,7,0,0,0,0
2017-08-21,22,EGGS,12,0,0,0,0
2017-08-21,22,FROZEN FOODS,0,0,0,0,0
2017-08-21,22,GROCERY I,58,0,0,0,0
2017-08-21,22,GROCERY II,0,0,0,0,0
2017-08-21,22,HARDWARE,0,0,0,0,0
2017-08-21,22,HOME AND KITCHEN I,1,0,0,0,0
2017-08-21,22,HOME AND KITCHEN II,0,0,0,0,0
2017-08-21,22,HOME APPLIANCES,0,0,0,0,0
2017-08-21,22,HOME CARE,6,0,0,0,0
2017-08-21,22,LADIESWEAR,0,0,0,0,0
2017-08-21,22,LAWN AND GARDEN,0,0,0,0,0
2017-08-21,22,LINGERIE,0,0,0,0,0
2017-08-21,22,"LIQUOR,WINE,BEER",2,0,0,0,0
2017-08-21,22,MAGAZINES,0,0,0,0,0
2017-08-21,22,MEATS,0,0,0,0,0
2017-08-21,22,PERSONAL CARE,9,0,0,0,0
2017-08-21,22,PET SUPPLIES,0,0,0,0,0
2017-08-21,22,PLAYERS AND ELECTRONICS,0,0,0,0,0
2017-08-21,22,POULTRY,0,0,0,0,0
2017-08-21,22,PREPARED FOODS,0,0,0,0,0
2017-08-21,22,PRODUCE,1,0,0,0,0
2017-08-21,22,SCHOOL AND OFFICE SUPPLIES,5,0,0,0,0
2017-08-21,22,SEAFOOD,0,0,0,0,0
2017-08-21,23,AUTOMOTIVE,0,0,0,0,0
2017-08-21,23,BABY CARE,0,0,0,0,0
2017-08-21,23,BEAUTY,2,0,0,0,0
2017-08-21,23,BEVERAGES,7,0,0,0,0
2017-08-21,23,BOOKS,0,0,0,0,0
2017-08-21,23,BREAD/BAKERY,8,0,0,0,0
2017-08-21,23,CELEBRATION,0,0,0,0,0
2017-08-21,23,CLEANING,7,0,0,0,0
2017-08-21,23,DAIRY,14,0,0,0,0
2017-08-21,23,DELI,6,0,0,0,0
2017-08-21,23,EGGS,0,0,0,0,0
2017-08-21,23,FROZEN FOODS,0,0,0,0,0
2017-08-21,23,GROCERY I,29,0,0,0,0
2017-08-21,23,GROCERY II,0,0,0,0,0
2017-08-21,23,HARDWARE,0,0,0,0,0
2017-08-21,23,HOME AND KITCHEN I,1,0,0,0,0
2017-08-21,23,HOME AND KITCHEN II,2,0,0,0,0
2017-08-21,23,HOME APPLIANCES,0,0,0,0,0
2017-08-21,23,HOME CARE,5,0,0,0,0
2017-08-21,23,LADIESWEAR,0,0,0,0,0
2017-08-21,23,LAWN AND GARDEN,0,0,0,0,0
2017-08-21,23,LINGERIE,1,0,0,0,0
2017-08-21,23,"LIQUOR,WINE,BEER",2,0,0,0,0
2017-08-21,23,MAGAZINES,0,0,0,0,0
2017-08-21,23,MEATS,0,0,0,0,0
2017-08-21,23,PERSONAL CARE,10,0,0,0,0
2017-08-21,23,PET SUPPLIES,0,0,0,0,0
2017-08-21,23,PLAYERS AND ELECTRONICS,0,0,0,0,0
2017-08-21,23,POULTRY,0,0,0,0,0
2017-08-21,23,PREPARED FOODS,0,0,0,0,0
2017-08-21,23,PRODUCE,3,0,0,0,0
2017-08-21,23,SCHOOL AND OFFICE SUPPLIES,0,0,0,0,0
2017-08-21,23,SEAFOOD,0,0,0,0,0
2017-08-21,24,AUTOMOTIVE,0,0,0,0,0
2017-08-21,24,BABY CARE,0,0,0,0,0
2017-08-21,24,BEAUTY,2,0,0,0,0
2017-08-21,24,BEVERAGES,16,0,0,0,0
2017-08-21,24,BOOKS,0,0,0,0,0
2017-08-21,24,BREAD/BAKERY,12,0,0,0,0
2017-08-21,24,CELEBRATION,0,0,0,0,0
2017-08-21,24,CLEANING,7,0,0,0,0
2017-08-21,24,DAIRY,19,0,0,0,0
2017-08-21,24,DELI,8,0,0,0,0
2017-08-21,24,EGGS,0,0,0,0,0
2017-08-21,24,FROZEN FOODS,0,0,0,0,0
2017-08-21,24,GROCERY I,36,0,0,0,0
2017-08-21,24,GROCERY II,0,0,0,0,0
2017-08-21,24,HARDWARE,0,0,0,0,0
2017-08-21,24,HOME AND KITCHEN I,2,0,0,0,0
2017-08-21,24,HOME AND KITCHEN II,2,0,0,0,0
2017-08-21,24,HOME APPLIANCES,0,0,0,0,0
2017-08-21,24,HOME CARE,7,0,0,0,0
2017-08-21,24,LADIESWEAR,0,0,0,0,0
2017-08-21,24,LAWN AND GARDEN,0,0,0,0,0
2017-08-21,24,LINGERIE,0,0,0,0,0
2017-08-21,24,"LIQUOR,WINE,BEER",3,0,0,0,0
2017-08-21,24,MAGAZINES,0,0,0,0,0
2017-08-21,24,MEATS,1,0,0,0,0
2017-08-21,24,PERSONAL CARE,10,0,0,0,0
2017-08-21,24,PET SUPPLIES,0,0,0,0,0
2017-08-21,24,PLAYERS AND ELECTRONICS,0,0,0,0,0
2017-08-21,24,POULTRY,0,0,0,0,0
2017-08-21,24,PREPARED FOODS,0,0,0,0,0
2017-08-21,24,PRODUCE,3,0,0,0,0
2017-08-21,24,SCHOOL AND OFFICE SUPPLIES,0,0,0,0,0
2017-08-21,24,SEAFOOD,0,0,0,0,0
2017-08-21,25,AUTOMOTIVE,0,0,0,0,0
2017-08-21,25,BABY CARE,0,0,0,0,0
2017-08-21,25,BEAUTY,1,0,0,0,0
2017-08-21,25,BEVERAGES,16,0,0,0,0
2017-08-21,25,BOOKS,0,0,0,0,0
2017-08-21,25,BREAD/BAKERY,12,0,0,0,0
2017-08-21,25,CELEBRATION,0,0,0,0,0
2017-08-21,25,CLEANING,7,0,0,0,0
2017-08-21,25,DAIRY,18,0,0,0,0
2017-08-21,25,DELI,7,0,0,0,0
2017-08-21,25,EGGS,0,0,0,0,0
2017-08-21,25,FROZEN FOODS,0,0,0,0,0
2017-08-21,25,GROCERY I,26,0,0,0,0
2017-08-21,25,GROCERY II,0,0,0,0,0
2017-08-21,25,HARDWARE,0,0,0,0,0
2017-08-21,25,HOME AND KITCHEN I,0,0,0,0,0
2017-08-21,25,HOME AND KITCHEN II,1,0,0,0,0
2017-08-21,25,HOME APPLIANCES,0,0,0,0,0
2017-08-21,25,HOME CARE,4,0,0,0,0
2017-08-21,25,LADIESWEAR,0,0,0,0,0
2017-08-21,25,LAWN AND GARDEN,0,0,0,0,0
2017-08-21,25,LINGERIE,0,0,0,0,0
2017-08-21,25,"LIQUOR,WINE,BEER",3,0,0,0,0
2017-08-21,25,MAGAZINES,0,0,0,0,0
2017-08-21,25,MEATS,0,0,0,0,0
2017-08-21,25,PERSONAL CARE,6,0,0,0,0
2017-08-21,25,PET SUPPLIES,0,0,0,0,0
2017-08-21,25,PLAYERS AND ELECTRONICS,0,0,0,0,0
2017-08-21,25,POULTRY,0,0,0,0,0
2017-08-21,25,PREPARED FOODS,0,0,0,0,0
2017-08-21,25,PRODUCE,1,0,0,0,0
2017-08-21,25,SCHOOL AND OFFICE SUPPLIES,0,0,0,0,0
2017-08-21,25,SEAFOOD,0,0,0,0,0
2017-08-21,26,AUTOMOTIVE,0,0,0,0,0
2017-08-21,26,BABY CARE,0,0,0,0,0
2017-08-21,26,BEAUTY,0,0,0,0,0
2017-08-21,26,BEVERAGES,10,0,0,0,0
2017-08-21,26,BOOKS,0,0,0,0,0
2017-08-21,26,BREAD/BAKERY,7,0,0,0,0
2017-08-21,26,CELEBRATION,0,0,0,0,0
2017-08-21,26,CLEANING,7,0,0,0,0
2017-08-21,26,DAIRY,6,0,0,0,0
2017-08-21,26,DELI,4,0,0,0,0
2017-08-21,26,EGGS,0,0,0,0,0
2017-08-21,26,FROZEN FOODS,0,0,0,0,0
2017-08-21,26,GROCERY I,26,0,0,0,0
2017-08-21,26,GROCERY II,0,0,0,0,0
2017-08-21,26,HARDWARE,0,0,0,0,0
2017-08-21,26,HOME AND KITCHEN I,0,0,0,0,0
2017-08-21,26,HOME AND KITCHEN II,0,0,0,0,0
2017-08-21,26,HOME APPLIANCES,0,0,0,0,0
2017-08-21,26,HOME CARE,4,0,0,0,0
2017-08-21,26,LADIESWEAR,0,0,0,0,0
2017-08-21,26,LAWN AND GARDEN,0,0,0,0,0
2017-08-21,26,LINGERIE,0,0,0,0,0
2017-08-21,26,"LIQUOR,WINE,BEER",2,0,0,0,0
2017-08-21,26,MAGAZINES,0,0,0,0,0
2017-08-21,26,MEATS,1,0,0,0,0
2017-08-21,26,PERSONAL CARE,5,0,0,0,0
2017-08-21,26,PET SUPPLIES,0,0,0,0,0
2017-08-21,26,PLAYERS AND ELECTRONICS,0,0,0,0,0
2017-08-21,26,POULTRY,1,0,0,0,0
2017-08-21,26,PREPARED FOODS,0,0,0,0,0
2017-08-21,26,PRODUCE,1,0,0,0,0
2017-08-21,26,SCHOOL AND OFFICE SUPPLIES,0,0,0,0,0
2017-08-21,26,SEAFOOD,0,0,0,0,0
2017-08-21,27,AUTOMOTIVE,0,0,0,0,0
2017-08-21,27,BABY CARE,0,0,0,0,0
2017-08-21,27,BEAUTY,2,0,0,0,0
2017-08-21,27,BEVERAGES,17,0,0,0,0
2017-08-21,27,BOOKS,0,0,0,0,0
2017-08-21,27,BREAD/BAKERY,10,0,0,0,0
2017-08-21,27,CELEBRATION,0,0,0,0,0
2017-08-21,27,CLEANING,8,0,0,0,0
2017-08-21,27,DAIRY,22,0,0,0,0
2017-08-21,27,DELI,8,0,0,0,0
2017-08-21,27,EGGS,0,0,0,0,0
2017-08-21,27,FROZEN FOODS,0,0,0,0,0
2017-08-21,27,GROCERY I,30,0,0,0,0
2017-08-21,27,GROCERY II,0,0,0,0,0
2017-08-21,27,HARDWARE,0,0,0,0,0
2017-08-21,27,HOME AND KITCHEN I,1,0,0,0,0
2017-08-21,27,HOME AND KITCHEN II,2,0,0,0,0
2017-08-21,27,HOME APPLIANCES,0,0,0,0,0
2017-08-21,27,HOME CARE,7,0,0,0,0
2017-08-21,27,LADIESWEAR,0,0,0,0,0
2017-08-21,27,LAWN AND GARDEN,0,0,0,0,0
2017-08-21,27,LINGERIE,0,0,0,0,0
2017-08-21,27,"LIQUOR,WINE,BEER",5,0,0,0,0
2017-08-21,27,MAGAZINES,0,0,0,0,0
2017-08-21,27,MEATS,0,0,0,0,0
2017-08-21,27,PERSONAL CARE,10,0,0,0,0
2017-08-21,27,PET SUPPLIES,0,0,0,0,0
2017-08-21,27,PLAYERS AND ELECTRONICS,0,0,0,0,0
2017-08-21,27,POULTRY,0,0,0,0,0
2017-08-21,27,PREPARED FOODS,0,0,0,0,0
2017-08-21,27,PRODUCE,3,0,0,0,0
2017-08-21,27,SCHOOL AND OFFICE SUPPLIES,0,0,0,0,0
2017-08-21,27,SEAFOOD,0,0,0,0,0
2017-08-21,28,AUTOMOTIVE,0,0,0,0,0
2017-08-21,28,BABY CARE,0,0,0,0,0
2017-08-21,28,BEAUTY,0,0,0,0,0
2017-08-21,28,BEVERAGES,28,0,0,0,0
2017-08-21,28,BOOKS,0,0,0,0,0
2017-08-21,28,BREAD/BAKERY,11,0,0,0,0
2017-08-21,28,CELEBRATION,0,0,0,0,0
2017-08-21,28,CLEANING,24,0,0,0,0
2017-08-21,28,DAIRY,19,0,0,0,0
2017-08-21,28,DELI,9,0,0,0,0
2017-08-21,28,EGGS,21,0,0,0,0
2017-08-21,28,FROZEN FOODS,0,0,0,0,0
2017-08-21,28,GROCERY I,61,0,0,0,0
2017-08-21,28,GROCERY II,0,0,0,0,0
2017-08-21,28,HARDWARE,0,0,0,0,0
2017-08-21,28,HOME AND KITCHEN I,2,0,0,0,0
2017-08-21,28,HOME AND KITCHEN II,1,0,0,0,0
2017-08-21,28,HOME APPLIANCES,0,0,0,0,0
2017-08-21,28,HOME CARE,6,0,0,0,0
2017-08-21,28,LADIESWEAR,0,0,0,0,0
2017-08-21,28,LAWN AND GARDEN,0,0,0,0,0
2017-08-21,28,LINGERIE,0,0,0,0,0
2017-08-21,28,"LIQUOR,WINE,BEER",2,0,0,0,0
2017-08-21,28,MAGAZINES,0,0,0,0,0
2017-08-21,28,MEATS,0,0,0,0,0
2017-08-21,28,PERSONAL CARE,10,0,0,0,0
2017-08-21,28,PET SUPPLIES,0,0,0,0,0
2017-08-21,28,PLAYERS AND ELECTRONICS,0,0,0,0,0
2017-08-21,28,POULTRY,1,0,0,0,0
2017-08-21,28,PREPARED FOODS,0,0,0,0,0
2017-08-21,28,PRODUCE,1,0,0,0,0
2017-08-21,28,SCHOOL AND OFFICE SUPPLIES,0,0,0,0,0
2017-08-21,28,SEAFOOD,0,0,0,0,0
2017-08-21,29,AUTOMOTIVE,0,0,0,0,0
2017-08-21,29,BABY CARE,0,0,0,0,0
2017-08-21,29,BEAUTY,0,0,0,0,0
2017-08-21,29,BEVERAGES,25,0,0,0,0
2017-08-21,29,BOOKS,0,0,0,0,0
2017-08-21,29,BREAD/BAKERY,13,0,0,0,0
2017-08-21,29,CELEBRATION,0,0,0,0,0
2017-08-21,29,CLEANING,23,0,0,0,0
2017-08-21,29,DAIRY,20,0,0,0,0
2017-08-21,29,DELI,8,0,0,0,0
2017-08-21,29,EGGS,21,0,0,0,0
2017-08-21,29,FROZEN FOODS,0,0,0,0,0
2017-08-21,29,GROCERY I,61,0,0,0,0
2017-08-21,29,GROCERY II,0,0,0,0,0
2017-08-21,29,HARDWARE,0,0,0,0,0
2017-08-21,29,HOME AND KITCHEN I,1,0,0,0,0
2017-08-21,29,HOME AND KITCHEN II,0,0,0,0,0
2017-08-21,29,HOME APPLIANCES,0,0,0,0,0
2017-08-21,29,HOME CARE,9,0,0,0,0
2017-08-21,29,LADIESWEAR,0,0,0,0,0
2017-08-21,29,LAWN AND GARDEN,0,0,0,0,0
2017-08-21,29,LINGERIE,0,0,0,0,0
2017-08-21,29,"LIQUOR,WINE,BEER",2,0,0,0,0
2017-08-21,29,MAGAZINES,0,0,0,0,0
2017-08-21,29,MEATS,0,0,0,0,0
2017-08-21,29,PERSONAL CARE,6,0,0,0,0
2017-08-21,29,PET SUPPLIES,0,0,0,0,0
2017-08-21,29,PLAYERS AND ELECTRONICS,0,0,0,0,0
2017-08-21,29,POULTRY,0,0,0,0,0
2017-08-21,29,PREPARED FOODS,0,0,0,0,0
2017-08-21,29,PRODUCE,1,0,0,0,0
2017-08-21,29,SCHOOL AND OFFICE SUPPLIES,0,0,0,0,0
2017-08-21,29,SEAFOOD,0,0,0,0,0
2017-08-21,30,AUTOMOTIVE,0,0,0,0,0
2017-08-21,30,BABY CARE,0,0,0,0,0
2017-08-21,30,BEAUTY,0,0,0,0,0
2017-08-21,30,BEVERAGES,18,0,0,0,0
2017-08-21,30,BOOKS,0,0,0,0,0
2017-08-21,30,BREAD/BAKERY,6,0,0,0,0
2017-08-21,30,CELEBRATION,0,0,0,0,0
2017-08-21,30,CLEANING,15,0,0,0,0
2017-08-21,30,DAIRY,13,0,0,0,0
2017-08-21,30,DELI,2,0,0,0,0
2017-08-21,30,EGGS,13,0,0,0,0
2017-08-21,30,FROZEN FOODS,0,0,0,0,0
2017-08-21,30,GROCERY I,45,0,0,0,0
2017-08-21,30,GROCERY II,0,0,0,0,0
2017-08-21,30,HARDWARE,0,0,0,0,0
2017-08-21,30,HOME AND KITCHEN I,1,0,0,0,0
2017-08-21,30,HOME AND KITCHEN II,1,0,0,0,0
2017-08-21,30,HOME APPLIANCES,0,0,0,0,0
2017-08-21,30,HOME CARE,5,0,0,0,0
2017-08-21,30,LADIESWEAR,0,0,0,0,0
2017-08-21,30,LAWN AND GARDEN,0,0,0,0,0
2017-08-21,30,LINGERIE,0,0,0,0,0
2017-08-21,30,"LIQUOR,WINE,BEER",0,0,0,0,0
2017-08-21,30,MAGAZINES,0,0,0,0,0
2017-08-21,30,MEATS,0,0,0,0,0
2017-08-21,30,PERSONAL CARE,6,0,0,0,0
2017-08-21,30,PET SUPPLIES,0,0,0,0,0
2017-08-21,30,PLAYERS AND ELECTRONICS,0,0,0,0,0
2017-08-21,30,POULTRY,0,0,0,0,0
2017-08-21,30,PREPARED FOODS,0,0,0,0,0
2017-08-21,30,PRODUCE,0,0,0,0,0
2017-08-21,30,SCHOOL AND OFFICE SUPPLIES,0,0,0,0,0
2017-08-21,30,SEAFOOD,0,0,0,0,0
2017-08-21,31,AUTOMOTIVE,0,0,0,0,0
2017-08-21,31,BABY CARE,0,0,0,0,0
2017-08-21,31,BEAUTY,0,0,0,0,0
2017-08-21,31,BEVERAGES,28,0,0,0,0
2017-08-21,31,BOOKS,0,0,0,0,0
2017-08-21,31,BREAD/BAKERY,6,0,0,0,0
2017-08-21,31,CELEBRATION,0,0,0,0,0
2017-08-21,31,CLEANING,26,0,0,0,0
2017-08-21,31,DAIRY,14,0,0,0,0
2017-08-21,31,DELI,6,0,0,0,0
2017-08-21,31,EGGS,13,0,0,0,0
2017-08-21,31,FROZEN FOODS,0,0,0,0,0
2017-08-21,31,GROCERY I,64,0,0,0,0
2017-08-21,31,GROCERY II,0,0,0,0,0
2017-08-21,31,HARDWARE,0,0,0,0,0
2017-08-21,31,HOME AND KITCHEN I,1,0,0,0,0
2017-08-21,31,HOME AND KITCHEN II,2,0,0,0,0
2017-08-21,31,HOME APPLIANCES,0,0,0,0,0
2017-08-21,31,HOME CARE,8,0,0,0,0
2017-08-21,31,LADIESWEAR,0,0,0,0,0
2017-08-21,31,LAWN AND GARDEN,0,0,0,0,0
2017-08-21,31,LINGERIE,0,0,0,0,0
2017-08-21,31,"LIQUOR,WINE,BEER",1,0,0,0,0
2017-08-21,31,MAGAZINES,0,0,0,0,0
2017-08-21,31,MEATS,0,0,0,0,0
2017-08-21,31,PERSONAL CARE,8,0,0,0,0
2017-08-21,31,PET SUPPLIES,0,0,0,0,0
2017-08-21,31,PLAYERS AND ELECTRONICS,0,0,0,0,0
2017-08-21,31,POULTRY,0,0,0,0,0
2017-08-21,31,PREPARED FOODS,0,0,0,0,0
2017-08-21,31,PRODUCE,1,0,0,0,0
2017-08-21,31,SCHOOL AND OFFICE SUPPLIES,0,0,0,0,0
2017-08-21,31,SEAFOOD,0,0,0,0,0
2017-08-21,32,AUTOMOTIVE,0,0,0,0,0
2017-08-21,32,BABY CARE,0,0,0,0,0
2017-08-21,32,BEAUTY,0,0,0,0,0
2017-08-21,32,BEVERAGES,18,0,0,0,0
2017-08-21,32,BOOKS,0,0,0,0,0
2017-08-21,32,BREAD/BAKERY,6,0,0,0,0
2017-08-21,32,CELEBRATION,0,0,0,0,0
2017-08-21,32,CLEANING,15,0,0,0,0
2017-08-21,32,DAIRY,6,0,0,0,0
2017-08-21,32,DELI,1,0,0,0,0
2017-08-21,32,EGGS,10,0,0,0,0
2017-08-21,32,FROZEN FOODS,0,0,0,0,0
2017-08-21,32,GROCERY I,48,0,0,0,0
2017-08-21,32,GROCERY II,0,0,0,0,0
2017-08-21,32,HARDWARE,0,0,0,0,0
2017-08-21,32,HOME AND KITCHEN I,0,0,0,0,0
2017-08-21,32,HOME AND KITCHEN II,0,0,0,0,0
2017-08-21,32,HOME APPLIANCES,0,0,0,0,0
2017-08-21,32,HOME CARE,3,0,0,0,0
2017-08-21,32,LADIESWEAR,0,0,0,0,0
2017-08-21,32,LAWN AND GARDEN,0,0,0,0,0
2017-08-21,32,LINGERIE,0,0,0,0,0
2017-08-21,32,"LIQUOR,WINE,BEER",2,0,0,0,0
2017-08-21,32,MAGAZINES,0,0,0,0,0
2017-08-21,32,MEATS,0,0,0,0,0
2017-08-21,32,PERSONAL CARE,5,0,0,0,0
2017-08-21,32,PET SUPPLIES,0,0,0,0,0
2017-08-21,32,PLAYERS AND ELECTRONICS,0,0,0,0,0
2017-08-21,32,POULTRY,0,0,0,0,0
2017-08-21,32,PREPARED FOODS,0,0,0,0,0
2017-08-21,32,PRODUCE,1,0,0,0,0
2017-08-21,32,SCHOOL AND OFFICE SUPPLIES,0,0,0,0,0
2017-08-21,32,SEAFOOD,0,0,0,0,0
2017-08-21,33,AUTOMOTIVE,0,0,0,0,0
2017-08-21,33,BABY CARE,0,0,0,0,0
2017-08-21,33,BEAUTY,0,0,0,0,0
2017-08-21,33,BEVERAGES,24,0,0,0,0
2017-08-21,33,BOOKS,0,0,0,0,0
2017-08-21,33,BREAD/BAKERY,10,0,0,0,0
2017-08-21,33,CELEBRATION,0,0,0,0,0
2017-08-21,33,CLEANING,15,0,0,0,0
2017-08-21,33,DAIRY,10,0,0,0,0
2017-08-21,33,DELI,6,0,0,0,0
2017-08-21,33,EGGS,16,0,0,0,0
2017-08-21,33,FROZEN FOODS,0,0,0,0,0
2017-08-21,33,GROCERY I,54,0,0,0,0
2017-08-21,33,GROCERY II,0,0,0,0,0
2017-08-21,33,HARDWARE,0,0,0,0,0
2017-08-21,33,HOME AND KITCHEN I,1,0,0,0,0
2017-08-21,33,HOME AND KITCHEN II,1,0,0,0,0
2017-08-21,33,HOME APPLIANCES,0,0,0,0,0
2017-08-21,33,HOME CARE,8,0,0,0,0
2017-08-21,33,LADIESWEAR,0,0,0,0,0
2017-08-21,33,LAWN AND GARDEN,0,0,0,0,0
2017-08-21,33,LINGERIE,0,0,0,0,0
2017-08-21,33,"LIQUOR,WINE,BEER",0,0,0,0,0
2017-08-21,33,MAGAZINES,0,0,0,0,0
2017-08-21,33,MEATS,0,0,0,0,0
2017-08-21,33,PERSONAL CARE,7,0,0,0,0
2017-08-21,33,PET SUPPLIES,0,0,0,0,0
2017-08-21,33,PLAYERS AND ELECTRONICS,0,0,0,0,0
2017-08-21,33,POULTRY,0,0,0,0,0
2017-08-21,33,PREPARED FOODS,0,0,0,0,0
2017-08-21,33,PRODUCE,1,0,0,0,0
2017-08-21,33,SCHOOL AND OFFICE SUPPLIES,0,0,0,0,0
2017-08-21,33,SEAFOOD,0,0,0,0,0
2017-08-21,34,AUTOMOTIVE,0,0,0,0,0
2017-08-21,34,BABY CARE,0,0,0,0,0
2017-08-21,34,BEAUTY,0,0,0,0,0
2017-08-21,34,BEVERAGES,18,0,0,0,0
2017-08-21,34,BOOKS,0,0,0,0,0
2017-08-21,34,BREAD/BAKERY,13,0,0,0,0
2017-08-21,34,CELEBRATION,0,0,0,0,0
2017-08-21,34,CLEANING,26,0,0,0,0
2017-08-21,34,DAIRY,12,0,0,0,0
2017-08-21,34,DELI,7,0,0,0,0
2017-08-21,34,EGGS,15,0,0,0,0
2017-08-21,34,FROZEN FOODS,0,0,0,0,0
2017-08-21,34,GROCERY I,62,0,0,0,0
2017-08-21,34,GROCERY II,0,0,0,0,0
2017-08-21,34,HARDWARE,0,0,0,0,0
2017-08-21,34,HOME AND KITCHEN I,0,0,0,0,0
2017-08-21,34,HOME AND KITCHEN II,1,0,0,0,0
2017-08-21,34,HOME APPLIANCES,0,0,0,0,0
2017-08-21,34,HOME CARE,9,0,0,0,0
2017-08-21,34,LADIESWEAR,0,0,0,0,0
2017-08-21,34,LAWN AND GARDEN,0,0,0,0,0
2017-08-21,34,LINGERIE,0,0,0,0,0
2017-08-21,34,"LIQUOR,WINE,BEER",0,0,0,0,0
2017-08-21,34,MAGAZINES,0,0,0,0,0
2017-08-21,34,MEATS,0,0,0,0,0
2017-08-21,34,PERSONAL CARE,11,0,0,0,0
2017-08-21,34,PET SUPPLIES,0,0,0,0,0
2017-08-21,34,PLAYERS AND ELECTRONICS,0,0,0,0,0
2017-08-21,34,POULTRY,0,0,0,0,0
2017-08-21,34,PREPARED FOODS,0,0,0,0,0
2017-08-21,34,PRODUCE,0,0,0,0,0
2017-08-21,34,SCHOOL AND OFFICE SUPPLIES,0,0,0,0,0
2017-08-21,34,SEAFOOD,0,0,0,0,0
2017-08-21,35,AUTOMOTIVE,0,0,0,0,0
2017-08-21,35,BABY CARE,0,0,0,0,0
2017-08-21,35,BEAUTY,0,0,0,0,0
2017-08-21,35,BEVERAGES,22,0,0,0,0
2017-08-21,35,BOOKS,0,0,0,0,0
2017-08-21,35,BREAD/BAKERY,6,0,0,0,0
2017-08-21,35,CELEBRATION,0,0,0,0,0
2017-08-21,35,CLEANING,17,0,0,0,0
2017-08-21,35,DAIRY,2,0,0,0,0
2017-08-21,35,DELI,6,0,0,0,0
2017-08-21,35,EGGS,13,0,0,0,0
2017-08-21,35,FROZEN FOODS,0,0,0,0,0
2017-08-21,35,GROCERY I,52,0,0,0,0
2017-08-21,35,GROCERY II,0,0,0,0,0
2017-08-21,35,HARDWARE,0,0,0,0,0
2017-08-21,35,HOME AND KITCHEN I,0,0,0,0,0
2017-08-21,35,HOME AND KITCHEN II,0,0,0,0,0
2017-08-21,35,HOME APPLIANCES,0,0,0,0,0
2017-08-21,35,HOME CARE,7,0,0,0,0
2017-08-21,35,LADIESWEAR,0,0,0,0,0
2017-08-21,35,LAWN AND GARDEN,0,0,0,0,0
2017-08-21,35,LINGERIE,0,0,0,0,0
2017-08-21,35,"LIQUOR,WINE,BEER",2,0,0,0,0
2017-08-21,35,MAGAZINES,0,0,0,0,0
2017-08-21,35,MEATS,0,0,0,0,0
2017-08-21,35,PERSONAL CARE,7,0,0,0,0
2017-08-21,35,PET SUPPLIES,0,0,0,0,0
2017-08-21,35,PLAYERS AND ELECTRONICS,0,0,0,0,0
2017-08-21,35,POULTRY,0,0,0,0,0
2017-08-21,35,PREPARED FOODS,0,0,0,0,0
2017-08-21,35,PRODUCE,1,0,0,0,0
2017-08-21,35,SCHOOL AND OFFICE SUPPLIES,0,0,0,0,0
2017-08-21,35,SEAFOOD,0,0,0,0,0
2017-08-21,36,AUTOMOTIVE,0,0,0,0,0
2017-08-21,36,BABY CARE,0,0,0,0,0
2017-08-21,36,BEAUTY,0,0,0,0,0
2017-08-21,36,BEVERAGES,29,0,0,0,0
2017-08-21,36,BOOKS,0,0,0,0,0
2017-08-21,36,BREAD/BAKERY,11,0,0,0,0
2017-08-21,36,CELEBRATION,0,0,0,0,0
2017-08-21,36,CLEANING,22,0,0,0,0
2017-08-21,36,DAIRY,14,0,0,0,0
2017-08-21,36,DELI,6,0,0,0,0
2017-08-21,36,EGGS,19,0,0,0,0
2017-08-21,36,FROZEN FOODS,0,0,0,0,0
2017-08-21,36,GROCERY I,59,0,0,0,0
2017-08-21,36,GROCERY II,0,0,0,0,0
2017-08-21,36,HARDWARE,0,0,0,0,0
2017-08-21,36,HOME AND KITCHEN I,0,0,0,0,0
2017-08-21,36,HOME AND KITCHEN II,1,0,0,0,0
2017-08-21,36,HOME APPLIANCES,0,0,0,0,0
2017-08-21,36,HOME CARE,8,0,0,0,0
2017-08-21,36,LADIESWEAR,0,0,0,0,0
2017-08-21,36,LAWN AND GARDEN,0,0,0,0,0
2017-08-21,36,LINGERIE,0,0,0,0,0
2017-08-21,36,"LIQUOR,WINE,BEER",1,0,0,0,0
2017-08-21,36,MAGAZINES,0,0,0,0,0
2017-08-21,36,MEATS,0,0,0,0,0
2017-08-21,36,PERSONAL CARE,10,0,0,0,0
2017-08-21,36,PET SUPPLIES,0,0,0,0,0
2017-08-21,36,PLAYERS AND ELECTRONICS,0,0,0,0,0
2017-08-21,36,POULTRY,0,0,0,0,0
2017-08-21,36,PREPARED FOODS,0,0,0,0,0
2017-08-21,36,PRODUCE,2,0,0,0,0
2017-08-21,36,SCHOOL AND OFFICE SUPPLIES,0,0,0,0,0
2017-08-21,36,SEAFOOD,0,0,0,0,0
2017-08-21,37,AUTOMOTIVE,0,0,0,0,0
2017-08-21,37,BABY CARE,0,0,0,0,0
2017-08-21,37,BEAUTY,2,0,0,0,0
2017-08-21,37,BEVERAGES,14,0,0,0,0
2017-08-21,37,BOOKS,0,0,0,0,0
2017-08-21,37,BREAD/BAKERY,12,0,0,0,0
2017-08-21,37,CELEBRATION,0,0,0,0,0
2017-08-21,37,CLEANING,10,0,0,0,0
2017-08-21,37,DAIRY,20,0,0,0,0
2017-08-21,37,DELI,9,0,0,0,0
2017-08-21,37,EGGS,0,0,0,0,0
2017-08-21,37,FROZEN FOODS,0,0,0,0,0
2017-08-21,37,GROCERY I,33,0,0,0,0
2017-08-21,37,GROCERY II,0,0,0,0,0
2017-08-21,37,HARDWARE,0,0,0,0,0
2017-08-21,37,HOME AND KITCHEN I,0,0,0,0,0
2017-08-21,37,HOME AND KITCHEN II,2,0,0,0,0
2017-08-21,37,HOME APPLIANCES,0,0,0,0,0
2017-08-21,37,HOME CARE,7,0,0,0,0
2017-08-21,37,LADIESWEAR,0,0,0,0,0
2017-08-21,37,LAWN AND GARDEN,0,0,0,0,0
2017-08-21,37,LINGERIE,0,0,0,0,0
2017-08-21,37,"LIQUOR,WINE,BEER",2,0,0,0,0
2017-08-21,37,MAGAZINES,0,0,0,0,0
2017-08-21,37,MEATS,0,0,0,0,0
2017-08-21,37,PERSONAL CARE,12,0,0,0,0
2017-08-21,37,PET SUPPLIES,0,0,0,0,0
2017-08-21,37,PLAYERS AND ELECTRONICS,0,0,0,0,0
2017-08-21,37,POULTRY,0,0,0,0,0
2017-08-21,37,PREPARED FOODS,0,0,0,0,0
2017-08-21,37,PRODUCE,3,0,0,0,0
2017-08-21,37,SCHOOL AND OFFICE SUPPLIES,0,0,0,0,0
2017-08-21,37,SEAFOOD,0,0,0,0,0
2017-08-21,38,AUTOMOTIVE,0,0,0,0,0
2017-08-21,38,BABY CARE,0,0,0,0,0
2017-08-21,38,BEAUTY,1,0,0,0,0
2017-08-21,38,BEVERAGES,15,0,0,0,0
2017-08-21,38,BOOKS,0,0,0,0,0
2017-08-21,38,BREAD/BAKERY,10,0,0,0,0
2017-08-21,38,CELEBRATION,0,0,0,0,0
2017-08-21,38,CLEANING,11,0,0,0,0
2017-08-21,38,DAIRY,14,0,0,0,0
2017-08-21,38,DELI,9,0,0,0,0
2017-08-21,38,EGGS,0,0,0,0,0
2017-08-21,38,FROZEN FOODS,0,0,0,0,0
2017-08-21,38,GROCERY I,35,0,0,0,0
2017-08-21,38,GROCERY II,0,0,0,0,0
2017-08-21,38,HARDWARE,0,0,0,0,0
2017-08-21,38,HOME AND KITCHEN I,1,0,0,0,0
2017-08-21,38,HOME AND KITCHEN II,1,0,0,0,0
2017-08-21,38,HOME APPLIANCES,0,0,0,0,0
2017-08-21,38,HOME CARE,6,0,0,0,0
2017-08-21,38,LADIESWEAR,0,0,0,0,0
2017-08-21,38,LAWN AND GARDEN,0,0,0,0,0
2017-08-21,38,LINGERIE,0,0,0,0,0
2017-08-21,38,"LIQUOR,WINE,BEER",6,0,0,0,0
2017-08-21,38,MAGAZINES,0,0,0,0,0
2017-08-21,38,MEATS,0,0,0,0,0
2017-08-21,38,PERSONAL CARE,11,0,0,0,0
2017-08-21,38,PET SUPPLIES,0,0,0,0,0
2017-08-21,38,PLAYERS AND ELECTRONICS,0,0,0,0,0
2017-08-21,38,POULTRY,0,0,0,0,0
2017-08-21,38,PREPARED FOODS,0,0,0,0,0
2017-08-21,38,PRODUCE,2,0,0,0,0
2017-08-21,38,SCHOOL AND OFFICE SUPPLIES,0,0,0,0,0
2017-08-21,38,SEAFOOD,0,0,0,0,0
2017-08-21,39,AUTOMOTIVE,0,0,0,0,0
2017-08-21,39,BABY CARE,0,0,0,0,0
2017-08-21,39,BEAUTY,0,0,0,0,0
2017-08-21,39,BEVERAGES,24,0,0,0,0
2017-08-21,39,BOOKS,0,0,0,0,0
2017-08-21,39,BREAD/BAKERY,9,0,0,0,0
2017-08-21,39,CELEBRATION,0,0,0,0,0
2017-08-21,39,CLEANING,23,0,0,0,0
2017-08-21,39,DAIRY,22,0,0,0,0
2017-08-21,39,DELI,9,0,0,0,0
2017-08-21,39,EGGS,21,0,0,0,0
2017-08-21,39,FROZEN FOODS,0,0,0,0,0
2017-08-21,39,GROCERY I,65,0,0,0,0
2017-08-21,39,GROCERY II,0,0,0,0,0
2017-08-21,39,HARDWARE,0,0,0,0,0
2017-08-21,39,HOME AND KITCHEN I,0,0,0,0,0
2017-08-21,39,HOME AND KITCHEN II,1,0,0,0,0
2017-08-21,39,HOME APPLIANCES,0,0,0,0,0
2017-08-21,39,HOME CARE,9,0,0,0,0
2017-08-21,39,LADIESWEAR,0,0,0,0,0
2017-08-21,39,LAWN AND GARDEN,0,0,0,0,0
2017-08-21,39,LINGERIE,1,0,0,0,0
2017-08-21,39,"LIQUOR,WINE,BEER",2,0,0,0,0
2017-08-21,39,MAGAZINES,0,0,0,0,0
2017-08-21,39,MEATS,0,0,0,0,0
2017-08-21,39,PERSONAL CARE,11,0,0,0,0
2017-08-21,39,PET SUPPLIES,0,0,0,0,0
2017-08-21,39,PLAYERS AND ELECTRONICS,0,0,0,0,0
2017-08-21,39,POULTRY,0,0,0,0,0
2017-08-21,39,PREPARED FOODS,0,0,0,0,0
2017-08-21,39,PRODUCE,1,0,0,0,0
2017-08-21,39,SCHOOL AND OFFICE SUPPLIES,4,0,0,0,0
2017-08-21,39,SEAFOOD,0,0,0,0,0
2017-08-21,40,AUTOMOTIVE,0,0,0,0,0
2017-08-21,40,BABY CARE,0,0,0,0,0
2017-08-21,40,BEAUTY,0,0,0,0,0
2017-08-21,40,BEVERAGES,29,0,0,0,0
2017-08-21,40,BOOKS,0,0,0,0,0
2017-08-21,40,BREAD/BAKERY,9,0,0,0,0
2017-08-21,40,CELEBRATION,0,0,0,0,0
2017-08-21,40,CLEANING,23,0,0,0,0
2017-08-21,40,DAIRY,12,0,0,0,0
2017-08-21,40,DELI,7,0,0,0,0
2017-08-21,40,EGGS,14,0,0,0,0
2017-08-21,40,FROZEN FOODS,0,0,0,0,0
2017-08-21,40,GROCERY I,58,0,0,0,0
2017-08-21,40,GROCERY II,0,0,0,0,0
2017-08-21,40,HARDWARE,0,0,0,0,0
2017-08-21,40,HOME AND KITCHEN I,1,0,0,0,0
2017-08-21,40,HOME AND KITCHEN II,0,0,0,0,0
2017-08-21,40,HOME APPLIANCES,0,0,0,0,0
2017-08-21,40,HOME CARE,9,0,0,0,0
2017-08-21,40,LADIESWEAR,0,0,0,0,0
2017-08-21,40,LAWN AND GARDEN,0,0,0,0,0
2017-08-21,40,LINGERIE,0,0,0,0,0
2017-08-21,40,"LIQUOR,WINE,BEER",1,0,0,0,0
2017-08-21,40,MAGAZINES,0,0,0,0,0
2017-08-21,40,MEATS,0,0,0,0,0
2017-08-21,40,PERSONAL CARE,9,0,0,0,0
2017-08-21,40,PET SUPPLIES,0,0,0,0,0
2017-08-21,40,PLAYERS AND ELECTRONICS,0,0,0,0,0
2017-08-21,40,POULTRY,1,0,0,0,0
2017-08-21,40,PREPARED FOODS,0,0,0,0,0
2017-08-21,40,PRODUCE,1,0,0,0,0
2017-08-21,40,SCHOOL AND OFFICE SUPPLIES,0,0,0,0,0
2017-08-21,40,SEAFOOD,0,0,0,0,0
2017-08-21,41,AUTOMOTIVE,0,0,0,0,0
2017-08-21,41,BABY CARE,0,0,0,0,0
2017-08-21,41,BEAUTY,1,0,0,0,0
2017-08-21,41,BEVERAGES,18,0,0,0,0
2017-08-21,41,BOOKS,0,0,0,0,0
2017-08-21,41,BREAD/BAKERY,12,0,0,0,0
2017-08-21,41,CELEBRATION,0,0,0,0,0
2017-08-21,41,CLEANING,10,0,0,0,0
2017-08-21,41,DAIRY,19,0,0,0,0
2017-08-21,41,DELI,9,0,0,0,0
2017-08-21,41,EGGS,0,0,0,0,0
2017-08-21,41,FROZEN FOODS,0,0,0,0,0
2017-08-21,41,GROCERY I,33,0,0,0,0
2017-08-21,41,GROCERY II,0,0,0,0,0
2017-08-21,41,HARDWARE,0,0,0,0,0
2017-08-21,41,HOME AND KITCHEN I,0,0,0,0,0
2017-08-21,41,HOME AND KITCHEN II,1,0,0,0,0
2017-08-21,41,HOME APPLIANCES,0,0,0,0,0
2017-08-21,41,HOME CARE,4,0,0,0,0
2017-08-21,41,LADIESWEAR,0,0,0,0,0
2017-08-21,41,LAWN AND GARDEN,0,0,0,0,0
2017-08-21,41,LINGERIE,0,0,0,0,0
2017-08-21,41,"LIQUOR,WINE,BEER",2,0,0,0,0
2017-08-21,41,MAGAZINES,0,0,0,0,0
2017-08-21,41,MEATS,0,0,0,0,0
2017-08-21,41,PERSONAL CARE,7,0,0,0,0
2017-08-21,41,PET SUPPLIES,0,0,0,0,0
2017-08-21,41,PLAYERS AND ELECTRONICS,1,0,0,0,0
2017-08-21,41,POULTRY,0,0,0,0,0
2017-08-21,41,PREPARED FOODS,0,0,0,0,0
2017-08-21,41,PRODUCE,3,0,0,0,0
2017-08-21,41,SCHOOL AND OFFICE SUPPLIES,0,0,0,0,0
2017-08-21,41,SEAFOOD,0,0,0,0,0
2017-08-21,42,AUTOMOTIVE,0,0,0,0,0
2017-08-21,42,BABY CARE,0,0,0,0,0
2017-08-21,42,BEAUTY,2,0,0,0,0
2017-08-21,42,BEVERAGES,11,0,0,0,0
2017-08-21,42,BOOKS,0,0,0,0,0
2017-08-21,42,BREAD/BAKERY,10,0,0,0,0
2017-08-21,42,CELEBRATION,0,0,0,0,0
2017-08-21,42,CLEANING,10,0,0,0,0
2017-08-21,42,DAIRY,19,0,0,0,0
2017-08-21,42,DELI,10,0,0,0,0
2017-08-21,42,EGGS,0,0,0,0,0
2017-08-21,42,FROZEN FOODS,0,0,0,0,0
2017-08-21,42,GROCERY I,34,0,0,0,0
2017-08-21,42,GROCERY II,0,0,0,0,0
2017-08-21,42,HARDWARE,0,0,0,0,0
2017-08-21,42,HOME AND KITCHEN I,0,0,0,0,0
2017-08-21,42,HOME AND KITCHEN II,1,0,0,0,0
2017-08-21,42,HOME APPLIANCES,0,0,0,0,0
2017-08-21,42,HOME CARE,7,0,0,0,0
2017-08-21,42,LADIESWEAR,0,0,0,0,0
2017-08-21,42,LAWN AND GARDEN,0,0,0,0,0
2017-08-21,42,LINGERIE,1,0,0,0,0
2017-08-21,42,"LIQUOR,WINE,BEER",5,0,0,0,0
2017-08-21,42,MAGAZINES,0,0,0,0,0
2017-08-21,42,MEATS,0,0,0,0,0
2017-08-21,42,PERSONAL CARE,13,0,0,0,0
2017-08-21,42,PET SUPPLIES,0,0,0,0,0
2017-08-21,42,PLAYERS AND ELECTRONICS,0,0,0,0,0
2017-08-21,42,POULTRY,0,0,0,0,0
2017-08-21,42,PREPARED FOODS,0,0,0,0,0
2017-08-21,42,PRODUCE,3,0,0,0,0
2017-08-21,42,SCHOOL AND OFFICE SUPPLIES,0,0,0,0,0
2017-08-21,42,SEAFOOD,0,0,0,0,0
2017-08-21,43,AUTOMOTIVE,0,0,0,0,0
2017-08-21,43,BABY CARE,0,0,0,0,0
2017-08-21,43,BEAUTY,1,0,0,0,0
2017-08-21,43,BEVERAGES,22,0,0,0,0
2017-08-21,43,BOOKS,0,0,0,0,0
2017-08-21,43,BREAD/BAKERY,9,0,0,0,0
2017-08-21,43,CELEBRATION,0,0,0,0,0
2017-08-21,43,CLEANING,20,0,0,0,0
2017-08-21,43,DAIRY,19,0,0,0,0
2017-08-21,43,DELI,8,0,0,0,0
2017-08-21,43,EGGS,18,0,0,0,0
2017-08-21,43,FROZEN FOODS,0,0,0,0,0
2017-08-21,43,GROCERY I,61,0,0,0,0
2017-08-21,43,GROCERY II,0,0,0,0,0
2017-08-21,43,HARDWARE,0,0,0,0,0
2017-08-21,43,HOME AND KITCHEN I,1,0,0,0,0
2017-08-21,43,HOME AND KITCHEN II,1,0,0,0,0
2017-08-21,43,HOME APPLIANCES,0,0,0,0,0
2017-08-21,43,HOME CARE,7,0,0,0,0
2017-08-21,43,LADIESWEAR,0,0,0,0,0
2017-08-21,43,LAWN AND GARDEN,0,0,0,0,0
2017-08-21,43,LINGERIE,0,0,0,0,0
2017-08-21,43,"LIQUOR,WINE,BEER",3,0,0,0,0
2017-08-21,43,MAGAZINES,0,0,0,0,0
2017-08-21,43,MEATS,0,0,0,0,0
2017-08-21,43,PERSONAL CARE,11,0,0,0,0
2017-08-21,43,PET SUPPLIES,0,0,0,0,0
2017-08-21,43,PLAYERS AND ELECTRONICS,0,0,0,0,0
2017-08-21,43,POULTRY,0,0,0,0,0
2017-08-21,43,PREPARED FOODS,0,0,0,0,0
2017-08-21,43,PRODUCE,0,0,0,0,0
2017-08-21,43,SCHOOL AND OFFICE SUPPLIES,0,0,0,0,0
2017-08-21,43,SEAFOOD,0,0,0,0,0
2017-08-21,44,AUTOMOTIVE,0,0,0,0,0
2017-08-21,44,BABY CARE,0,0,0,0,0
2017-08-21,44,BEAUTY,1,0,0,0,0
2017-08-21,44,BEVERAGES,17,0,0,0,0
2017-08-21,44,BOOKS,0,0,0,0,0
2017-08-21,44,BREAD/BAKERY,11,0,0,0,0
2017-08-21,44,CELEBRATION,0,0,0,0,0
2017-08-21,44,CLEANING,12,0,0,0,0
2017-08-21,44,DAIRY,22,0,0,0,0
2017-08-21,44,DELI,9,0,0,0,0
2017-08-21,44,EGGS,0,0,0,0,0
2017-08-21,44,FROZEN FOODS,0,0,0,0,0
2017-08-21,44,GROCERY I,37,0,0,0,0
2017-08-21,44,GROCERY II,0,0,0,0,0
2017-08-21,44,HARDWARE,0,0,0,0,0
2017-08-21,44,HOME AND KITCHEN I,1,0,0,0,0
2017-08-21,44,HOME AND KITCHEN II,3,0,0,0,0
2017-08-21,44,HOME APPLIANCES,0,0,0,0,0
2017-08-21,44,HOME CARE,8,0,0,0,0
2017-08-21,44,LADIESWEAR,7,0,0,0,0
2017-08-21,44,LAWN AND GARDEN,0,0,0,0,0
2017-08-21,44,LINGERIE,6,0,0,0,0
2017-08-21,44,"LIQUOR,WINE,BEER",5,0,0,0,0
2017-08-21,44,MAGAZINES,0,0,0,0,0
2017-08-21,44,MEATS,0,0,0,0,0
2017-08-21,44,PERSONAL CARE,12,0,0,0,0
2017-08-21,44,PET SUPPLIES,0,0,0,0,0
2017-08-21,44,PLAYERS AND ELECTRONICS,1,0,0,0,0
2017-08-21,44,POULTRY,0,0,0,0,0
2017-08-21,44,PREPARED FOODS,0,0,0,0,0
2017-08-21,44,PRODUCE,3,0,0,0,0
2017-08-21,44,SCHOOL AND OFFICE SUPPLIES,12,0,0,0,0
2017-08-21,44,SEAFOOD,0,0,0,0,0
2017-08-21,45,AUTOMOTIVE,0,0,0,0,0
2017-08-21,45,BABY CARE,0,0,0,0,0
2017-08-21,45,BEAUTY,2,0,0,0,0
2017-08-21,45,BEVERAGES,19,0,0,0,0
2017-08-21,45,BOOKS,0,0,0,0,0
2017-08-21,45,BREAD/BAKERY,12,0,0,0,0
2017-08-21,45,CELEBRATION,0,0,0,0,0
2017-08-21,45,CLEANING,11,0,0,0,0
2017-08-21,45,DAIRY,21,0,0,0,0
2017-08-21,45,DELI,9,0,0,0,0
2017-08-21,45,EGGS,0,0,0,0,0
2017-08-21,45,FROZEN FOODS,0,0,0,0,0
2017-08-21,45,GROCERY I,39,0,0,0,0
2017-08-21,45,GROCERY II,0,0,0,0,0
2017-08-21,45,HARDWARE,0,0,0,0,0
2017-08-21,45,HOME AND KITCHEN I,0,0,0,0,0
2017-08-21,45,HOME AND KITCHEN II,3,0,0,0,0
2017-08-21,45,HOME APPLIANCES,0,0,0,0,0
2017-08-21,45,HOME CARE,7,0,0,0,0
2017-08-21,45,LADIESWEAR,3,0,0,0,0
2017-08-21,45,LAWN AND GARDEN,0,0,0,0,0
2017-08-21,45,LINGERIE,6,0,0,0,0
2017-08-21,45,"LIQUOR,WINE,BEER",2,0,0,0,0
2017-08-21,45,MAGAZINES,0,0,0,0,0
2017-08-21,45,MEATS,0,0,0,0,0
2017-08-21,45,PERSONAL CARE,14,0,0,0,0
2017-08-21,45,PET SUPPLIES,0,0,0,0,0
2017-08-21,45,PLAYERS AND ELECTRONICS,0,0,0,0,0
2017-08-21,45,POULTRY,0,0,0,0,0
2017-08-21,45,PREPARED FOODS,0,0,0,0,0
2017-08-21,45,PRODUCE,3,0,0,0,0
2017-08-21,45,SCHOOL AND OFFICE SUPPLIES,12,0,0,0,0
2017-08-21,45,SEAFOOD,0,0,0,0,0
2017-08-21,46,AUTOMOTIVE,0,0,0,0,0
2017-08-21,46,BABY CARE,0,0,0,0,0
2017-08-21,46,BEAUTY,2,0,0,0,0
2017-08-21,46,BEVERAGES,18,0,0,0,0
2017-08-21,46,BOOKS,0,0,0,0,0
2017-08-21,46,BREAD/BAKERY,11,0,0,0,0
2017-08-21,46,CELEBRATION,0,0,0,0,0
2017-08-21,46,CLEANING,9,0,0,0,0
2017-08-21,46,DAIRY,22,0,0,0,0
2017-08-21,46,DELI,10,0,0,0,0
2017-08-21,46,EGGS,0,0,0,0,0
2017-08-21,46,FROZEN FOODS,0,0,0,0,0
2017-08-21,46,GROCERY I,38,0,0,0,0
2017-08-21,46,GROCERY II,0,0,0,0,0
2017-08-21,46,HARDWARE,0,0,0,0,0
2017-08-21,46,HOME AND KITCHEN I,0,0,0,0,0
2017-08-21,46,HOME AND KITCHEN II,2,0,0,0,0
2017-08-21,46,HOME APPLIANCES,0,0,0,0,0
2017-08-21,46,HOME CARE,7,0,0,0,0
2017-08-21,46,LADIESWEAR,3,0,0,0,0
2017-08-21,46,LAWN AND GARDEN,0,0,0,0,0
2017-08-21,46,LINGERIE,2,0,0,0,0
2017-08-21,46,"LIQUOR,WINE,BEER",6,0,0,0,0
2017-08-21,46,MAGAZINES,0,0,0,0,0
2017-08-21,46,MEATS,0,0,0,0,0
2017-08-21,46,PERSONAL CARE,12,0,0,0,0
2017-08-21,46,PET SUPPLIES,0,0,0,0,0
2017-08-21,46,PLAYERS AND ELECTRONICS,2,0,0,0,0
2017-08-21,46,POULTRY,1,0,0,0,0
2017-08-21,46,PREPARED FOODS,0,0,0,0,0
2017-08-21,46,PRODUCE,3,0,0,0,0
2017-08-21,46,SCHOOL AND OFFICE SUPPLIES,12,0,0,0,0
2017-08-21,46,SEAFOOD,0,0,0,0,0
2017-08-21,47,AUTOMOTIVE,0,0,0,0,0
2017-08-21,47,BABY CARE,0,0,0,0,0
2017-08-21,47,BEAUTY,2,0,0,0,0
2017-08-21,47,BEVERAGES,17,0,0,0,0
2017-08-21,47,BOOKS,0,0,0,0,0
2017-08-21,47,BREAD/BAKERY,12,0,0,0,0
2017-08-21,47,CELEBRATION,0,0,0,0,0
2017-08-21,47,CLEANING,13,0,0,0,0
2017-08-21,47,DAIRY,21,0,0,0,0
2017-08-21,47,DELI,10,0,0,0,0
2017-08-21,47,EGGS,0,0,0,0,0
2017-08-21,47,FROZEN FOODS,0,0,0,0,0
2017-08-21,47,GROCERY I,42,0,0,0,0
2017-08-21,47,GROCERY II,0,0,0,0,0
2017-08-21,47,HARDWARE,0,0,0,0,0
2017-08-21,47,HOME AND KITCHEN I,1,0,0,0,0
2017-08-21,47,HOME AND KITCHEN II,3,0,0,0,0
2017-08-21,47,HOME APPLIANCES,0,0,0,0,0
2017-08-21,47,HOME CARE,8,0,0,0,0
2017-08-21,47,LADIESWEAR,5,0,0,0,0
2017-08-21,47,LAWN AND GARDEN,0,0,0,0,0
2017-08-21,47,LINGERIE,5,0,0,0,0
2017-08-21,47,"LIQUOR,WINE,BEER",6,0,0,0,0
2017-08-21,47,MAGAZINES,0,0,0,0,0
2017-08-21,47,MEATS,0,0,0,0,0
2017-08-21,47,PERSONAL CARE,16,0,0,0,0
2017-08-21,47,PET SUPPLIES,0,0,0,0,0
2017-08-21,47,PLAYERS AND ELECTRONICS,0,0,0,0,0
2017-08-21,47,POULTRY,0,0,0,0,0
2017-08-21,47,PREPARED FOODS,0,0,0,0,0
2017-08-21,47,PRODUCE,3,0,0,0,0
2017-08-21,47,SCHOOL AND OFFICE SUPPLIES,12,0,0,0,0
2017-08-21,47,SEAFOOD,0,0,0,0,0
2017-08-21,48,AUTOMOTIVE,0,0,0,0,0
2017-08-21,48,BABY CARE,0,0,0,0,0
2017-08-21,48,BEAUTY,2,0,0,0,0
2017-08-21,48,BEVERAGES,12,0,0,0,0
2017-08-21,48,BOOKS,0,0,0,0,0
2017-08-21,48,BREAD/BAKERY,12,0,0,0,0
2017-08-21,48,CELEBRATION,0,0,0,0,0
2017-08-21,48,CLEANING,12,0,0,0,0
2017-08-21,48,DAIRY,19,0,0,0,0
2017-08-21,48,DELI,8,0,0,0,0
2017-08-21,48,EGGS,0,0,0,0,0
2017-08-21,48,FROZEN FOODS,0,0,0,0,0
2017-08-21,48,GROCERY I,38,0,0,0,0
2017-08-21,48,GROCERY II,0,0,0,0,0
2017-08-21,48,HARDWARE,0,0,0,0,0
2017-08-21,48,HOME AND KITCHEN I,1,0,0,0,0
2017-08-21,48,HOME AND KITCHEN II,2,0,0,0,0
2017-08-21,48,HOME APPLIANCES,0,0,0,0,0
2017-08-21,48,HOME CARE,8,0,0,0,0
2017-08-21,48,LADIESWEAR,7,0,0,0,0
2017-08-21,48,LAWN AND GARDEN,0,0,0,0,0
2017-08-21,48,LINGERIE,2,0,0,0,0
2017-08-21,48,"LIQUOR,WINE,BEER",2,0,0,0,0
2017-08-21,48,MAGAZINES,0,0,0,0,0
2017-08-21,48,MEATS,0,0,0,0,0
2017-08-21,48,PERSONAL CARE,11,0,0,0,0
2017-08-21,48,PET SUPPLIES,0,0,0,0,0
2017-08-21,48,PLAYERS AND ELECTRONICS,0,0,0,0,0
2017-08-21,48,POULTRY,0,0,0,0,0
2017-08-21,48,PREPARED FOODS,0,0,0,0,0
2017-08-21,48,PRODUCE,2,0,0,0,0
2017-08-21,48,SCHOOL AND OFFICE SUPPLIES,12,0,0,0,0
2017-08-21,48,SEAFOOD,0,0,0,0,0
2017-08-21,49,AUTOMOTIVE,0,0,0,0,0
2017-08-21,49,BABY CARE,0,0,0,0,0
2017-08-21,49,BEAUTY,1,0,0,0,0
2017-08-21,49,BEVERAGES,17,0,0,0,0
2017-08-21,49,BOOKS,0,0,0,0,0
2017-08-21,49,BREAD/BAKERY,11,0,0,0,0
2017-08-21,49,CELEBRATION,0,0,0,0,0
2017-08-21,49,CLEANING,8,0,0,0,0
2017-08-21,49,DAIRY,21,0,0,0,0
2017-08-21,49,DELI,9,0,0,0,0
2017-08-21,49,EGGS,0,0,0,0,0
2017-08-21,49,FROZEN FOODS,0,0,0,0,0
2017-08-21,49,GROCERY I,39,0,0,0,0
2017-08-21,49,GROCERY II,0,0,0,0,0
2017-08-21,49,HARDWARE,0,0,0,0,0
2017-08-21,49,HOME AND KITCHEN I,1,0,0,0,0
2017-08-21,49,HOME AND KITCHEN II,3,0,0,0,0
2017-08-21,49,HOME APPLIANCES,0,0,0,0,0
2017-08-21,49,HOME CARE,6,0,0,0,0
2017-08-21,49,LADIESWEAR,5,0,0,0,0
2017-08-21,49,LAWN AND GARDEN,0,0,0,0,0
2017-08-21,49,LINGERIE,0,0,0,0,0
2017-08-21,49,"LIQUOR,WINE,BEER",6,0,0,0,0
2017-08-21,49,MAGAZINES,0,0,0,0,0
2017-08-21,49,MEATS,0,0,0,0,0
2017-08-21,49,PERSONAL CARE,11,0,0,0,0
2017-08-21,49,PET SUPPLIES,0,0,0,0,0
2017-08-21,49,PLAYERS AND ELECTRONICS,0,0,0,0,0
2017-08-21,49,POULTRY,0,0,0,0,0
2017-08-21,49,PREPARED FOODS,0,0,0,0,0
2017-08-21,49,PRODUCE,2,0,0,0,0
2017-08-21,49,SCHOOL AND OFFICE SUPPLIES,11,0,0,0,0
2017-08-21,49,SEAFOOD,0,0,0,0,0
2017-08-21,50,AUTOMOTIVE,0,0,0,0,0
2017-08-21,50,BABY CARE,0,0,0,0,0
2017-08-21,50,BEAUTY,2,0,0,0,0
2017-08-21,50,BEVERAGES,16,0,0,0,0
2017-08-21,50,BOOKS,0,0,0,0,0
2017-08-21,50,BREAD/BAKERY,10,0,0,0,0
2017-08-21,50,CELEBRATION,0,0,0,0,0
2017-08-21,50,CLEANING,11,0,0,0,0
2017-08-21,50,DAIRY,19,0,0,0,0
2017-08-21,50,DELI,10,0,0,0,0
2017-08-21,50,EGGS,0,0,0,0,0
2017-08-21,50,FROZEN FOODS,0,0,0,0,0
2017-08-21,50,GROCERY I,34,0,0,0,0
2017-08-21,50,GROCERY II,0,0,0,0,0
2017-08-21,50,HARDWARE,0,0,0,0,0
2017-08-21,50,HOME AND KITCHEN I,0,0,0,0,0
2017-08-21,50,HOME AND KITCHEN II,2,0,0,0,0
2017-08-21,50,HOME APPLIANCES,0,0,0,0,0
2017-08-21,50,HOME CARE,7,0,0,0,0
2017-08-21,50,LADIESWEAR,3,0,0,0,0
2017-08-21,50,LAWN AND GARDEN,0,0,0,0,0
2017-08-21,50,LINGERIE,0,0,0,0,0
2017-08-21,50,"LIQUOR,WINE,BEER",4,0,0,0,0
2017-08-21,50,MAGAZINES,0,0,0,0,0
2017-08-21,50,MEATS,0,0,0,0,0
2017-08-21,50,PERSONAL CARE,12,0,0,0,0
2017-08-21,50,PET SUPPLIES,0,0,0,0,0
2017-08-21,50,PLAYERS AND ELECTRONICS,0,0,0,0,0
2017-08-21,50,POULTRY,0,0,0,0,0
2017-08-21,50,PREPARED FOODS,0,0,0,0,0
2017-08-21,50,PRODUCE,3,0,0,0,0
2017-08-21,50,SCHOOL AND OFFICE SUPPLIES,13,0,0,0,0
2017-08-21,50,SEAFOOD,0,0,0,0,0
2017-08-21,51,AUTOMOTIVE,0,0,0,0,0
2017-08-21,51,BABY CARE,0,0,0,0,0
2017-08-21,51,BEAUTY,1,0,0,0,0
2017-08-21,51,BEVERAGES,19,0,0,0,0
2017-08-21,51,BOOKS,0,0,0,0,0
2017-08-21,51,BREAD/BAKERY,10,0,0,0,0
2017-08-21,51,CELEBRATION,0,0,0,0,0
2017-08-21,51,CLEANING,11,0,0,0,0
2017-08-21,51,DAIRY,19,0,0,0,0
2017-08-21,51,DELI,8,0,0,0,0
2017-08-21,51,EGGS,0,0,0,0,0
2017-08-21,51,FROZEN FOODS,0,0,0,0,0
2017-08-21,51,GROCERY I,34,0,0,0,0
2017-08-21,51,GROCERY II,0,0,0,0,0
2017-08-21,51,HARDWARE,0,0,0,0,0
2017-08-21,51,HOME AND KITCHEN I,0,0,0,0,0
2017-08-21,51,HOME AND KITCHEN II,2,0,0,0,0
2017-08-21,51,HOME APPLIANCES,0,0,0,0,0
2017-08-21,51,HOME CARE,6,0,0,0,0
2017-08-21,51,LADIESWEAR,0,0,0,0,0
2017-08-21,51,LAWN AND GARDEN,0,0,0,0,0
2017-08-21,51,LINGERIE,0,0,0,0,0
2017-08-21,51,"LIQUOR,WINE,BEER",4,0,0,0,0
2017-08-21,51,MAGAZINES,0,0,0,0,0
2017-08-21,51,MEATS,0,0,0,0,0
2017-08-21,51,PERSONAL CARE,12,0,0,0,0
2017-08-21,51,PET SUPPLIES,0,0,0,0,0
2017-08-21,51,PLAYERS AND ELECTRONICS,0,0,0,0,0
2017-08-21,51,POULTRY,0,0,0,0,0
2017-08-21,51,PREPARED FOODS,0,0,0,0,0
2017-08-21,51,PRODUCE,2,0,0,0,0
2017-08-21,51,SCHOOL AND OFFICE SUPPLIES,0,0,0,0,0
2017-08-21,51,SEAFOOD,0,0,0,0,0
2017-08-21,52,AUTOMOTIVE,0,0,0,0,0
2017-08-21,52,BABY CARE,0,0,0,0,0
2017-08-21,52,BEAUTY,2,0,0,0,0
2017-08-21,52,BEVERAGES,16,0,0,0,0
2017-08-21,52,BOOKS,0,0,0,0,0
2017-08-21,52,BREAD/BAKERY,12,0,0,0,0
2017-08-21,52,CELEBRATION,0,0,0,0,0
2017-08-21,52,CLEANING,8,0,0,0,0
2017-08-21,52,DAIRY,22,0,0,0,0
2017-08-21,52,DELI,10,0,0,0,0
2017-08-21,52,EGGS,0,0,0,0,0
2017-08-21,52,FROZEN FOODS,0,0,0,0,0
2017-08-21,52,GROCERY I,39,0,0,0,0
2017-08-21,52,GROCERY II,0,0,0,0,0
2017-08-21,52,HARDWARE,0,0,0,0,0
2017-08-21,52,HOME AND KITCHEN I,2,0,0,0,0
2017-08-21,52,HOME AND KITCHEN II,2,0,0,0,0
2017-08-21,52,HOME APPLIANCES,0,0,0,0,0
2017-08-21,52,HOME CARE,6,0,0,0,0
2017-08-21,52,LADIESWEAR,0,0,0,0,0
2017-08-21,52,LAWN AND GARDEN,0,0,0,0,0
2017-08-21,52,LINGERIE,0,0,0,0,0
2017-08-21,52,"LIQUOR,WINE,BEER",5,0,0,0,0
2017-08-21,52,MAGAZINES,0,0,0,0,0
2017-08-21,52,MEATS,0,0,0,0,0
2017-08-21,52,PERSONAL CARE,10,0,0,0,0
2017-08-21,52,PET SUPPLIES,0,0,0,0,0
2017-08-21,52,PLAYERS AND ELECTRONICS,0,0,0,0,0
2017-08-21,52,POULTRY,0,0,0,0,0
2017-08-21,52,PREPARED FOODS,0,0,0,0,0
2017-08-21,52,PRODUCE,3,0,0,0,0
2017-08-21,52,SCHOOL AND OFFICE SUPPLIES,0,0,0,0,0
2017-08-21,52,SEAFOOD,0,0,0,0,0
2017-08-21,53,AUTOMOTIVE,0,0,0,0,0
2017-08-21,53,BABY CARE,0,0,0,0,0
2017-08-21,53,BEAUTY,2,0,0,0,0
2017-08-21,53,BEVERAGES,17,0,0,0,0
2017-08-21,53,BOOKS,0,0,0,0,0
2017-08-21,53,BREAD/BAKERY,12,0,0,0,0
2017-08-21,53,CELEBRATION,0,0,0,0,0
2017-08-21,53,CLEANING,10,0,0,0,0
2017-08-21,53,DAIRY,16,0,0,0,0
2017-08-21,53,DELI,10,0,0,0,0
2017-08-21,53,EGGS,0,0,0,0,0
2017-08-21,53,FROZEN FOODS,0,0,0,0,0
2017-08-21,53,GROCERY I,30,0,0,0,0
2017-08-21,53,GROCERY II,0,0,0,0,0
2017-08-21,53,HARDWARE,0,0,0,0,0
2017-08-21,53,HOME AND KITCHEN I,0,0,0,0,0
2017-08-21,53,HOME AND KITCHEN II,1,0,0,0,0
2017-08-21,53,HOME APPLIANCES,0,0,0,0,0
2017-08-21,53,HOME CARE,6,0,0,0,0
2017-08-21,53,LADIESWEAR,0,0,0,0,0
2017-08-21,53,LAWN AND GARDEN,0,0,0,0,0
2017-08-21,53,LINGERIE,0,0,0,0,0
2017-08-21,53,"LIQUOR,WINE,BEER",5,0,0,0,0
2017-08-21,53,MAGAZINES,0,0,0,0,0
2017-08-21,53,MEATS,0,0,0,0,0
2017-08-21,53,PERSONAL CARE,9,0,0,0,0
2017-08-21,53,PET SUPPLIES,0,0,0,0,0
2017-08-21,53,PLAYERS AND ELECTRONICS,0,0,0,0,0
2017-08-21,53,POULTRY,0,0,0,0,0
2017-08-21,53,PREPARED FOODS,0,0,0,0,0
2017-08-21,53,PRODUCE,2,0,0,0,0
2017-08-21,53,SCHOOL AND OFFICE SUPPLIES,0,0,0,0,0
2017-08-21,53,SEAFOOD,0,0,0,0,0
2017-08-21,54,AUTOMOTIVE,0,0,0,0,0
2017-08-21,54,BABY CARE,0,0,0,0,0
2017-08-21,54,BEAUTY,1,0,0,0,0
2017-08-21,54,BEVERAGES,24,0,0,0,0
2017-08-21,54,BOOKS,0,0,0,0,0
2017-08-21,54,BREAD/BAKERY,8,0,0,0,0
2017-08-21,54,CELEBRATION,0,0,0,0,0
2017-08-21,54,CLEANING,18,0,0,0,0
2017-08-21,54,DAIRY,5,0,0,0,0
2017-08-21,54,DELI,5,0,0,0,0
2017-08-21,54,EGGS,11,0,0,0,0
2017-08-21,54,FROZEN FOODS,0,0,0,0,0
2017-08-21,54,GROCERY I,58,0,0,0,0
2017-08-21,54,GROCERY II,0,0,0,0,0
2017-08-21,54,HARDWARE,0,0,0,0,0
2017-08-21,54,HOME AND KITCHEN I,1,0,0,0,0
2017-08-21,54,HOME AND KITCHEN II,1,0,0,0,0
2017-08-21,54,HOME APPLIANCES,0,0,0,0,0
2017-08-21,54,HOME CARE,7,0,0,0,0
2017-08-21,54,LADIESWEAR,0,0,0,0,0
2017-08-21,54,LAWN AND GARDEN,0,0,0,0,0
2017-08-21,54,LINGERIE,0,0,0,0,0
2017-08-21,54,"LIQUOR,WINE,BEER",0,0,0,0,0
2017-08-21,54,MAGAZINES,0,0,0,0,0
2017-08-21,54,MEATS,0,0,0,0,0
2017-08-21,54,PERSONAL CARE,10,0,0,0,0
2017-08-21,54,PET SUPPLIES,0,0,0,0,0
2017-08-21,54,PLAYERS AND ELECTRONICS,0,0,0,0,0
2017-08-21,54,POULTRY,0,0,0,0,0
2017-08-21,54,PREPARED FOODS,0,0,0,0,0
2017-08-21,54,PRODUCE,0,0,0,0,0
2017-08-21,54,SCHOOL AND OFFICE SUPPLIES,0,0,0,0,0
2017-08-21,54,SEAFOOD,0,0,0,0,0
2017-08-22,1,AUTOMOTIVE,0,0,0,0,0
2017-08-22,1,BABY CARE,0,0,0,0,0
2017-08-22,1,BEAUTY,0,0,0,0,0
2017-08-22,1,BEVERAGES,9,0,0,0,0
2017-08-22,1,BOOKS,0,0,0,0,0
2017-08-22,1,BREAD/BAKERY,6,0,0,0,0
2017-08-22,1,CELEBRATION,0,0,0,0,0
2017-08-22,1,CLEANING,10,0,0,0,0
2017-08-22,1,DAIRY,18,0,0,0,0
2017-08-22,1,DELI,7,0,0,0,0
2017-08-22,1,EGGS,0,0,0,0,0
2017-08-22,1,FROZEN FOODS,0,0,0,0,0
2017-08-22,1,GROCERY I,27,0,0,0,0
2017-08-22,1,GROCERY II,0,0,0,0,0
2017-08-22,1,HARDWARE,0,0,0,0,0
2017-08-22,1,HOME AND KITCHEN I,0,0,0,0,0
2017-08-22,1,HOME AND KITCHEN II,2,0,0,0,0
2017-08-22,1,HOME APPLIANCES,0,0,0,0,0
2017-08-22,1,HOME CARE,7,0,0,0,0
2017-08-22,1,LADIESWEAR,0,0,0,0,0
2017-08-22,1,LAWN AND GARDEN,0,0,0,0,0
2017-08-22,1,LINGERIE,0,0,0,0,0
2017-08-22,1,"LIQUOR,WINE,BEER",2,0,0,0,0
2017-08-22,1,MAGAZINES,0,0,0,0,0
2017-08-22,1,MEATS,0,0,0,0,0
2017-08-22,1,PERSONAL CARE,9,0,0,0,0
2017-08-22,1,PET SUPPLIES,0,0,0,0,0
2017-08-22,1,PLAYERS AND ELECTRONICS,2,0,0,0,0
2017-08-22,1,POULTRY,1,0,0,0,0
2017-08-22,1,PREPARED FOODS,0,0,0,0,0
2017-08-22,1,PRODUCE,3,0,0,0,0
2017-08-22,1,SCHOOL AND OFFICE SUPPLIES,0,0,0,0,0
2017-08-22,1,SEAFOOD,0,0,0,0,0
2017-08-22,2,AUTOMOTIVE,0,0,0,0,0
2017-08-22,2,BABY CARE,0,0,0,0,0
2017-08-22,2,BEAUTY,2,0,0,0,0
2017-08-22,2,BEVERAGES,11,0,0,0,0
2017-08-22,2,BOOKS,0,0,0,0,0
2017-08-22,2,BREAD/BAKERY,12,0,0,0,0
2017-08-22,2,CELEBRATION,0,0,0,0,0
2017-08-22,2,CLEANING,8,0,0,0,0
2017-08-22,2,DAIRY,21,0,0,0,0
2017-08-22,2,DELI,8,0,0,0,0
2017-08-22,2,EGGS,0,0,0,0,0
2017-08-22,2,FROZEN FOODS,0,0,0,0,0
2017-08-22,2,GROCERY I,34,0,0,0,0
2017-08-22,2,GROCERY II,0,0,0,0,0
2017-08-22,2,HARDWARE,0,0,0,0,0
2017-08-22,2,HOME AND KITCHEN I,1,0,0,0,0
2017-08-22,2,HOME AND KITCHEN II,0,0,0,0,0
2017-08-22,2,HOME APPLIANCES,0,0,0,0,0
2017-08-22,2,HOME CARE,7,0,0,0,0
2017-08-22,2,LADIESWEAR,0,0,0,0,0
2017-08-22,2,LAWN AND GARDEN,0,0,0,0,0
2017-08-22,2,LINGERIE,0,0,0,0,0
2017-08-22,2,"LIQUOR,WINE,BEER",5,0,0,0,0
2017-08-22,2,MAGAZINES,0,0,0,0,0
2017-08-22,2,MEATS,0,0,0,0,0
2017-08-22,2,PERSONAL CARE,11,0,0,0,0
2017-08-22,2,PET SUPPLIES,0,0,0,0,0
2017-08-22,2,PLAYERS AND ELECTRONICS,0,0,0,0,0
2017-08-22,2,POULTRY,0,0,0,0,0
2017-08-22,2,PREPARED FOODS,0,0,0,0,0
2017-08-22,2,PRODUCE,3,0,0,0,0
2017-08-22,2,SCHOOL AND OFFICE SUPPLIES,0,0,0,0,0
2017-08-22,2,SEAFOOD,0,0,0,0,0
2017-08-22,3,AUTOMOTIVE,0,0,0,0,0
2017-08-22,3,BABY CARE,0,0,0,0,0
2017-08-22,3,BEAUTY,2,0,0,0,0
2017-08-22,3,BEVERAGES,10,0,0,0,0
2017-08-22,3,BOOKS,0,0,0,0,0
2017-08-22,3,BREAD/BAKERY,13,0,0,0,0
2017-08-22,3,CELEBRATION,0,0,0,0,0
2017-08-22,3,CLEANING,10,0,0,0,0
2017-08-22,3,DAIRY,21,0,0,0,0
2017-08-22,3,DELI,8,0,0,0,0
2017-08-22,3,EGGS,0,0,0,0,0
2017-08-22,3,FROZEN FOODS,0,0,0,0,0
2017-08-22,3,GROCERY I,34,0,0,0,0
2017-08-22,3,GROCERY II,0,0,0,0,0
2017-08-22,3,HARDWARE,0,0,0,0,0
2017-08-22,3,HOME AND KITCHEN I,1,0,0,0,0
2017-08-22,3,HOME AND KITCHEN II,3,0,0,0,0
2017-08-22,3,HOME APPLIANCES,0,0,0,0,0
2017-08-22,3,HOME CARE,8,0,0,0,0
2017-08-22,3,LADIESWEAR,0,0,0,0,0
2017-08-22,3,LAWN AND GARDEN,0,0,0,0,0
2017-08-22,3,LINGERIE,2,0,0,0,0
2017-08-22,3,"LIQUOR,WINE,BEER",4,0,0,0,0
2017-08-22,3,MAGAZINES,0,0,0,0,0
2017-08-22,3,MEATS,0,0,0,0,0
2017-08-22,3,PERSONAL CARE,13,0,0,0,0
2017-08-22,3,PET SUPPLIES,0,0,0,0,0
2017-08-22,3,PLAYERS AND ELECTRONICS,0,0,0,0,0
2017-08-22,3,POULTRY,0,0,0,0,0
2017-08-22,3,PREPARED FOODS,0,0,0,0,0
2017-08-22,3,PRODUCE,3,0,0,0,0
2017-08-22,3,SCHOOL AND OFFICE SUPPLIES,0,0,0,0,0
2017-08-22,3,SEAFOOD,0,0,0,0,0
2017-08-22,4,AUTOMOTIVE,0,0,0,0,0
2017-08-22,4,BABY CARE,0,0,0,0,0
2017-08-22,4,BEAUTY,1,0,0,0,0
2017-08-22,4,BEVERAGES,13,0,0,0,0
2017-08-22,4,BOOKS,0,0,0,0,0
2017-08-22,4,BREAD/BAKERY,8,0,0,0,0
2017-08-22,4,CELEBRATION,0,0,0,0,0
2017-08-22,4,CLEANING,9,0,0,0,0
2017-08-22,4,DAIRY,19,0,0,0,0
2017-08-22,4,DELI,7,0,0,0,0
2017-08-22,4,EGGS,0,0,0,0,0
2017-08-22,4,FROZEN FOODS,0,0,0,0,0
2017-08-22,4,GROCERY I,32,0,0,0,0
2017-08-22,4,GROCERY II,0,0,0,0,0
2017-08-22,4,HARDWARE,0,0,0,0,0
2017-08-22,4,HOME AND KITCHEN I,0,0,0,0,0
2017-08-22,4,HOME AND KITCHEN II,0,0,0,0,0
2017-08-22,4,HOME APPLIANCES,0,0,0,0,0
2017-08-22,4,HOME CARE,8,0,0,0,0
2017-08-22,4,LADIESWEAR,0,0,0,0,0
2017-08-22,4,LAWN AND GARDEN,0,0,0,0,0
2017-08-22,4,LINGERIE,0,0,0,0,0
2017-08-22,4,"LIQUOR,WINE,BEER",5,0,0,0,0
2017-08-22,4,MAGAZINES,0,0,0,0,0
2017-08-22,4,MEATS,0,0,0,0,0
2017-08-22,4,PERSONAL CARE,9,0,0,0,0
2017-08-22,4,PET SUPPLIES,0,0,0,0,0
2017-08-22,4,PLAYERS AND ELECTRONICS,0,0,0,0,0
2017-08-22,4,POULTRY,0,0,0,0,0
2017-08-22,4,PREPARED FOODS,0,0,0,0,0
2017-08-22,4,PRODUCE,2,0,0,0,0
2017-08-22,4,SCHOOL AND OFFICE SUPPLIES,0,0,0,0,0
2017-08-22,4,SEAFOOD,0,0,0,0,0
2017-08-22,5,AUTOMOTIVE,0,0,0,0,0
2017-08-22,5,BABY CARE,0,0,0,0,0
2017-08-22,5,BEAUTY,2,0,0,0,0
2017-08-22,5,BEVERAGES,11,0,0,0,0
2017-08-22,5,BOOKS,0,0,0,0,0
2017-08-22,5,BREAD/BAKERY,7,0,0,0,0
2017-08-22,5,CELEBRATION,0,0,0,0,0
2017-08-22,5,CLEANING,10,0,0,0,0
2017-08-22,5,DAIRY,16,0,0,0,0
2017-08-22,5,DELI,7,0,0,0,0
2017-08-22,5,EGGS,0,0,0,0,0
2017-08-22,5,FROZEN FOODS,0,0,0,0,0
2017-08-22,5,GROCERY I,24,0,0,0,0
2017-08-22,5,GROCERY II,0,0,0,0,0
2017-08-22,5,HARDWARE,0,0,0,0,0
2017-08-22,5,HOME AND KITCHEN I,1,0,0,0,0
2017-08-22,5,HOME AND KITCHEN II,2,0,0,0,0
2017-08-22,5,HOME APPLIANCES,0,0,0,0,0
2017-08-22,5,HOME CARE,5,0,0,0,0
2017-08-22,5,LADIESWEAR,0,0,0,0,0
2017-08-22,5,LAWN AND GARDEN,0,0,0,0,0
2017-08-22,5,LINGERIE,0,0,0,0,0
2017-08-22,5,"LIQUOR,WINE,BEER",2,0,0,0,0
2017-08-22,5,MAGAZINES,0,0,0,0,0
2017-08-22,5,MEATS,0,0,0,0,0
2017-08-22,5,PERSONAL CARE,11,0,0,0,0
2017-08-22,5,PET SUPPLIES,0,0,0,0,0
2017-08-22,5,PLAYERS AND ELECTRONICS,0,0,0,0,0
2017-08-22,5,POULTRY,1,0,0,0,0
2017-08-22,5,PREPARED FOODS,0,0,0,0,0
2017-08-22,5,PRODUCE,3,0,0,0,0
2017-08-22,5,SCHOOL AND OFFICE SUPPLIES,0,0,0,0,0
2017-08-22,5,SEAFOOD,0,0,0,0,0
2017-08-22,6,AUTOMOTIVE,0,0,0,0,0
2017-08-22,6,BABY CARE,0,0,0,0,0
2017-08-22,6,BEAUTY,1,0,0,0,0
2017-08-22,6,BEVERAGES,18,0,0,0,0
2017-08-22,6,BOOKS,0,0,0,0,0
2017-08-22,6,BREAD/BAKERY,10,0,0,0,0
2017-08-22,6,CELEBRATION,0,0,0,0,0
2017-08-22,6,CLEANING,9,0,0,0,0
2017-08-22,6,DAIRY,20,0,0,0,0
2017-08-22,6,DELI,10,0,0,0,0
2017-08-22,6,EGGS,0,0,0,0,0
2017-08-22,6,FROZEN FOODS,0,0,0,0,0
2017-08-22,6,GROCERY I,36,0,0,0,0
2017-08-22,6,GROCERY II,0,0,0,0,0
2017-08-22,6,HARDWARE,0,0,0,0,0
2017-08-22,6,HOME AND KITCHEN I,1,0,0,0,0
2017-08-22,6,HOME AND KITCHEN II,2,0,0,0,0
2017-08-22,6,HOME APPLIANCES,0,0,0,0,0
2017-08-22,6,HOME CARE,6,0,0,0,0
2017-08-22,6,LADIESWEAR,0,0,0,0,0
2017-08-22,6,LAWN AND GARDEN,0,0,0,0,0
2017-08-22,6,LINGERIE,3,0,0,0,0
2017-08-22,6,"LIQUOR,WINE,BEER",2,0,0,0,0
2017-08-22,6,MAGAZINES,0,0,0,0,0
2017-08-22,6,MEATS,0,0,0,0,0
2017-08-22,6,PERSONAL CARE,10,0,0,0,0
2017-08-22,6,PET SUPPLIES,0,0,0,0,0
2017-08-22,6,PLAYERS AND ELECTRONICS,0,0,0,0,0
2017-08-22,6,POULTRY,0,0,0,0,0
2017-08-22,6,PREPARED FOODS,0,0,0,0,0
2017-08-22,6,PRODUCE,2,0,0,0,0
2017-08-22,6,SCHOOL AND OFFICE SUPPLIES,0,0,0,0,0
2017-08-22,6,SEAFOOD,0,0,0,0,0
2017-08-22,7,AUTOMOTIVE,0,0,0,0,0
2017-08-22,7,BABY CARE,0,0,0,0,0
2017-08-22,7,BEAUTY,2,0,0,0,0
2017-08-22,7,BEVERAGES,15,0,0,0,0
2017-08-22,7,BOOKS,0,0,0,0,0
2017-08-22,7,BREAD/BAKERY,11,0,0,0,0
2017-08-22,7,CELEBRATION,0,0,0,0,0
2017-08-22,7,CLEANING,8,0,0,0,0
2017-08-22,7,DAIRY,22,0,0,0,0
2017-08-22,7,DELI,10,0,0,0,0
2017-08-22,7,EGGS,0,0,0,0,0
2017-08-22,7,FROZEN FOODS,0,0,0,0,0
2017-08-22,7,GROCERY I,29,0,0,0,0
2017-08-22,7,GROCERY II,0,0,0,0,0
2017-08-22,7,HARDWARE,0,0,0,0,0
2017-08-22,7,HOME AND KITCHEN I,1,0,0,0,0
2017-08-22,7,HOME AND KITCHEN II,3,0,0,0,0
2017-08-22,7,HOME APPLIANCES,0,0,0,0,0
2017-08-22,7,HOME CARE,5,0,0,0,0
2017-08-22,7,LADIESWEAR,0,0,0,0,0
2017-08-22,7,LAWN AND GARDEN,0,0,0,0,0
2017-08-22,7,LINGERIE,1,0,0,0,0
2017-08-22,7,"LIQUOR,WINE,BEER",3,0,0,0,0
2017-08-22,7,MAGAZINES,0,0,0,0,0
2017-08-22,7,MEATS,0,0,0,0,0
2017-08-22,7,PERSONAL CARE,14,0,0,0,0
2017-08-22,7,PET SUPPLIES,0,0,0,0,0
2017-08-22,7,PLAYERS AND ELECTRONICS,0,0,0,0,0
2017-08-22,7,POULTRY,0,0,0,0,0
2017-08-22,7,PREPARED FOODS,0,0,0,0,0
2017-08-22,7,PRODUCE,2,0,0,0,0
2017-08-22,7,SCHOOL AND OFFICE SUPPLIES,0,0,0,0,0
2017-08-22,7,SEAFOOD,0,0,0,0,0
2017-08-22,8,AUTOMOTIVE,0,0,0,0,0
2017-08-22,8,BABY CARE,0,0,0,0,0
2017-08-22,8,BEAUTY,2,0,0,0,0
2017-08-22,8,BEVERAGES,15,0,0,0,0
2017-08-22,8,BOOKS,0,0,0,0,0
2017-08-22,8,BREAD/BAKERY,11,0,0,0,0
2017-08-22,8,CELEBRATION,0,0,0,0,0
2017-08-22,8,CLEANING,9,0,0,0,0
2017-08-22,8,DAIRY,22,0,0,0,0
2017-08-22,8,DELI,9,0,0,0,0
2017-08-22,8,EGGS,0,0,0,0,0
2017-08-22,8,FROZEN FOODS,0,0,0,0,0
2017-08-22,8,GROCERY I,37,0,0,0,0
2017-08-22,8,GROCERY II,0,0,0,0,0
2017-08-22,8,HARDWARE,0,0,0,0,0
2017-08-22,8,HOME AND KITCHEN I,1,0,0,0,0
2017-08-22,8,HOME AND KITCHEN II,2,0,0,0,0
2017-08-22,8,HOME APPLIANCES,0,0,0,0,0
2017-08-22,8,HOME CARE,7,0,0,0,0
2017-08-22,8,LADIESWEAR,0,0,0,0,0
2017-08-22,8,LAWN AND GARDEN,0,0,0,0,0
2017-08-22,8,LINGERIE,3,0,0,0,0
2017-08-22,8,"LIQUOR,WINE,BEER",5,0,0,0,0
2017-08-22,8,MAGAZINES,0,0,0,0,0
2017-08-22,8,MEATS,0,0,0,0,0
2017-08-22,8,PERSONAL CARE,12,0,0,0,0
2017-08-22,8,PET SUPPLIES,0,0,0,0,0
2017-08-22,8,PLAYERS AND ELECTRONICS,1,0,0,0,0
2017-08-22,8,POULTRY,0,0,0,0,0
2017-08-22,8,PREPARED FOODS,0,0,0,0,0
2017-08-22,8,PRODUCE,3,0,0,0,0
2017-08-22,8,SCHOOL AND OFFICE SUPPLIES,0,0,0,0,0
2017-08-22,8,SEAFOOD,0,0,0,0,0
2017-08-22,9,AUTOMOTIVE,0,0,0,0,0
2017-08-22,9,BABY CARE,0,0,0,0,0
2017-08-22,9,BEAUTY,1,0,0,0,0
2017-08-22,9,BEVERAGES,32,0,0,0,0
2017-08-22,9,BOOKS,0,0,0,0,0
2017-08-22,9,BREAD/BAKERY,9,0,0,0,0
2017-08-22,9,CELEBRATION,0,0,0,0,0
2017-08-22,9,CLEANING,26,0,0,0,0
2017-08-22,9,DAIRY,18,0,0,0,0
2017-08-22,9,DELI,8,0,0,0,0
2017-08-22,9,EGGS,1,0,0,0,0
2017-08-22,9,FROZEN FOODS,0,0,0,0,0
2017-08-22,9,GROCERY I,66,0,0,0,0
2017-08-22,9,GROCERY II,0,0,0,0,0
2017-08-22,9,HARDWARE,0,0,0,0,0
2017-08-22,9,HOME AND KITCHEN I,0,0,0,0,0
2017-08-22,9,HOME AND KITCHEN II,0,0,0,0,0
2017-08-22,9,HOME APPLIANCES,0,0,0,0,0
2017-08-22,9,HOME CARE,10,0,0,0,0
2017-08-22,9,LADIESWEAR,0,0,0,0,0
2017-08-22,9,LAWN AND GARDEN,3,0,0,0,0
2017-08-22,9,LINGERIE,2,0,0,0,0
2017-08-22,9,"LIQUOR,WINE,BEER",4,0,0,0,0
2017-08-22,9,MAGAZINES,0,0,0,0,0
2017-08-22,9,MEATS,0,0,0,0,0
2017-08-22,9,PERSONAL CARE,13,0,0,0,0
2017-08-22,9,PET SUPPLIES,0,0,0,0,0
2017-08-22,9,PLAYERS AND ELECTRONICS,0,0,0,0,0
2017-08-22,9,POULTRY,2,0,0,0,0
2017-08-22,9,PREPARED FOODS,0,0,0,0,0
2017-08-22,9,PRODUCE,146,0,0,0,0
2017-08-22,9,SCHOOL AND OFFICE SUPPLIES,8,0,0,0,0
2017-08-22,9,SEAFOOD,0,0,0,0,0
2017-08-22,10,AUTOMOTIVE,0,0,0,0,0
2017-08-22,10,BABY CARE,0,0,0,0,0
2017-08-22,10,BEAUTY,0,0,0,0,0
2017-08-22,10,BEVERAGES,15,0,0,0,0
2017-08-22,10,BOOKS,0,0,0,0,0
2017-08-22,10,BREAD/BAKERY,6,0,0,0,0
2017-08-22,10,CELEBRATION,0,0,0,0,0
2017-08-22,10,CLEANING,13,0,0,0,0
2017-08-22,10,DAIRY,7,0,0,0,0
2017-08-22,10,DELI,1,0,0,0,0
2017-08-22,10,EGGS,1,0,0,0,0
2017-08-22,10,FROZEN FOODS,0,0,0,0,0
2017-08-22,10,GROCERY I,51,0,0,0,0
2017-08-22,10,GROCERY II,0,0,0,0,0
2017-08-22,10,HARDWARE,0,0,0,0,0
2017-08-22,10,HOME AND KITCHEN I,0,0,0,0,0
2017-08-22,10,HOME AND KITCHEN II,1,0,0,0,0
2017-08-22,10,HOME APPLIANCES,0,0,0,0,0
2017-08-22,10,HOME CARE,7,0,0,0,0
2017-08-22,10,LADIESWEAR,0,0,0,0,0
2017-08-22,10,LAWN AND GARDEN,0,0,0,0,0
2017-08-22,10,LINGERIE,0,0,0,0,0
2017-08-22,10,"LIQUOR,WINE,BEER",0,0,0,0,0
2017-08-22,10,MAGAZINES,0,0,0,0,0
2017-08-22,10,MEATS,0,0,0,0,0
2017-08-22,10,PERSONAL CARE,8,0,0,0,0
2017-08-22,10,PET SUPPLIES,0,0,0,0,0
2017-08-22,10,PLAYERS AND ELECTRONICS,0,0,0,0,0
2017-08-22,10,POULTRY,0,0,0,0,0
2017-08-22,10,PREPARED FOODS,0,0,0,0,0
2017-08-22,10,PRODUCE,64,0,0,0,0
2017-08-22,10,SCHOOL AND OFFICE SUPPLIES,2,0,0,0,0
2017-08-22,10,SEAFOOD,0,0,0,0,0
2017-08-22,11,AUTOMOTIVE,0,0,0,0,0
2017-08-22,11,BABY CARE,0,0,0,0,0
2017-08-22,11,BEAUTY,1,0,0,0,0
2017-08-22,11,BEVERAGES,36,0,0,0,0
2017-08-22,11,BOOKS,0,0,0,0,0
2017-08-22,11,BREAD/BAKERY,9,0,0,0,0
2017-08-22,11,CELEBRATION,0,0,0,0,0
2017-08-22,11,CLEANING,28,0,0,0,0
2017-08-22,11,DAIRY,20,0,0,0,0
2017-08-22,11,DELI,10,0,0,0,0
2017-08-22,11,EGGS,1,0,0,0,0
2017-08-22,11,FROZEN FOODS,0,0,0,0,0
2017-08-22,11,GROCERY I,64,0,0,0,0
2017-08-22,11,GROCERY II,0,0,0,0,0
2017-08-22,11,HARDWARE,0,0,0,0,0
2017-08-22,11,HOME AND KITCHEN I,1,0,0,0,0
2017-08-22,11,HOME AND KITCHEN II,1,0,0,0,0
2017-08-22,11,HOME APPLIANCES,0,0,0,0,0
2017-08-22,11,HOME CARE,9,0,0,0,0
2017-08-22,11,LADIESWEAR,0,0,0,0,0
2017-08-22,11,LAWN AND GARDEN,1,0,0,0,0
2017-08-22,11,LINGERIE,0,0,0,0,0
2017-08-22,11,"LIQUOR,WINE,BEER",2,0,0,0,0
2017-08-22,11,MAGAZINES,0,0,0,0,0
2017-08-22,11,MEATS,0,0,0,0,0
2017-08-22,11,PERSONAL CARE,10,0,0,0,0
2017-08-22,11,PET SUPPLIES,0,0,0,0,0
2017-08-22,11,PLAYERS AND ELECTRONICS,0,0,0,0,0
2017-08-22,11,POULTRY,0,0,0,0,0
2017-08-22,11,PREPARED FOODS,0,0,0,0,0
2017-08-22,11,PRODUCE,133,0,0,0,0
2017-08-22,11,SCHOOL AND OFFICE SUPPLIES,3,0,0,0,0
2017-08-22,11,SEAFOOD,0,0,0,0,0
2017-08-22,12,AUTOMOTIVE,0,0,0,0,0
2017-08-22,12,BABY CARE,0,0,0,0,0
2017-08-22,12,BEAUTY,0,0,0,0,0
2017-08-22,12,BEVERAGES,18,0,0,0,0
2017-08-22,12,BOOKS,0,0,0,0,0
2017-08-22,12,BREAD/BAKERY,10,0,0,0,0
2017-08-22,12,CELEBRATION,0,0,0,0,0
2017-08-22,12,CLEANING,18,0,0,0,0
2017-08-22,12,DAIRY,13,0,0,0,0
2017-08-22,12,DELI,6,0,0,0,0
2017-08-22,12,EGGS,1,0,0,0,0
2017-08-22,12,FROZEN FOODS,0,0,0,0,0
2017-08-22,12,GROCERY I,44,0,0,0,0
2017-08-22,12,GROCERY II,0,0,0,0,0
2017-08-22,12,HARDWARE,0,0,0,0,0
2017-08-22,12,HOME AND KITCHEN I,1,0,0,0,0
2017-08-22,12,HOME AND KITCHEN II,0,0,0,0,0
2017-08-22,12,HOME APPLIANCES,0,0,0,0,0
2017-08-22,12,HOME CARE,7,0,0,0,0
2017-08-22,12,LADIESWEAR,0,0,0,0,0
2017-08-22,12,LAWN AND GARDEN,0,0,0,0,0
2017-08-22,12,LINGERIE,4,0,0,0,0
2017-08-22,12,"LIQUOR,WINE,BEER",3,0,0,0,0
2017-08-22,12,MAGAZINES,0,0,0,0,0
2017-08-22,12,MEATS,0,0,0,0,0
2017-08-22,12,PERSONAL CARE,10,0,0,0,0
2017-08-22,12,PET SUPPLIES,0,0,0,0,0
2017-08-22,12,PLAYERS AND ELECTRONICS,0,0,0,0,0
2017-08-22,12,POULTRY,0,0,0,0,0
2017-08-22,12,PREPARED FOODS,0,0,0,0,0
2017-08-22,12,PRODUCE,86,0,0,0,0
2017-08-22,12,SCHOOL AND OFFICE SUPPLIES,4,0,0,0,0
2017-08-22,12,SEAFOOD,0,0,0,0,0
2017-08-22,13,AUTOMOTIVE,0,0,0,0,0
2017-08-22,13,BABY CARE,0,0,0,0,0
2017-08-22,13,BEAUTY,1,0,0,0,0
2017-08-22,13,BEVERAGES,18,0,0,0,0
2017-08-22,13,BOOKS,0,0,0,0,0
2017-08-22,13,BREAD/BAKERY,7,0,0,0,0
2017-08-22,13,CELEBRATION,0,0,0,0,0
2017-08-22,13,CLEANING,16,0,0,0,0
2017-08-22,13,DAIRY,10,0,0,0,0
2017-08-22,13,DELI,4,0,0,0,0
2017-08-22,13,EGGS,1,0,0,0,0
2017-08-22,13,FROZEN FOODS,0,0,0,0,0
2017-08-22,13,GROCERY I,50,0,0,0,0
2017-08-22,13,GROCERY II,0,0,0,0,0
2017-08-22,13,HARDWARE,0,0,0,0,0
2017-08-22,13,HOME AND KITCHEN I,0,0,0,0,0
2017-08-22,13,HOME AND KITCHEN II,0,0,0,0,0
2017-08-22,13,HOME APPLIANCES,0,0,0,0,0
2017-08-22,13,HOME CARE,8,0,0,0,0
2017-08-22,13,LADIESWEAR,0,0,0,0,0
2017-08-22,13,LAWN AND GARDEN,0,0,0,0,0
2017-08-22,13,LINGERIE,0,0,0,0,0
2017-08-22,13,"LIQUOR,WINE,BEER",1,0,0,0,0
2017-08-22,13,MAGAZINES,0,0,0,0,0
2017-08-22,13,MEATS,0,0,0,0,0
2017-08-22,13,PERSONAL CARE,8,0,0,0,0
2017-08-22,13,PET SUPPLIES,0,0,0,0,0
2017-08-22,13,PLAYERS AND ELECTRONICS,0,0,0,0,0
2017-08-22,13,POULTRY,0,0,0,0,0
2017-08-22,13,PREPARED FOODS,0,0,0,0,0
2017-08-22,13,PRODUCE,44,0,0,0,0
2017-08-22,13,SCHOOL AND OFFICE SUPPLIES,4,0,0,0,0
2017-08-22,13,SEAFOOD,0,0,0,0,0
2017-08-22,14,AUTOMOTIVE,0,0,0,0,0
2017-08-22,14,BABY CARE,0,0,0,0,0
2017-08-22,14,BEAUTY,0,0,0,0,0
2017-08-22,14,BEVERAGES,23,0,0,0,0
2017-08-22,14,BOOKS,0,0,0,0,0
2017-08-22,14,BREAD/BAKERY,3,0,0,0,0
2017-08-22,14,CELEBRATION,0,0,0,0,0
2017-08-22,14,CLEANING,16,0,0,0,0
2017-08-22,14,DAIRY,12,0,0,0,0
2017-08-22,14,DELI,6,0,0,0,0
2017-08-22,14,EGGS,1,0,0,0,0
2017-08-22,14,FROZEN FOODS,0,0,0,0,0
2017-08-22,14,GROCERY I,53,0,0,0,0
2017-08-22,14,GROCERY II,0,0,0,0,0
2017-08-22,14,HARDWARE,0,0,0,0,0
2017-08-22,14,HOME AND KITCHEN I,0,0,0,0,0
2017-08-22,14,HOME AND KITCHEN II,0,0,0,0,0
2017-08-22,14,HOME APPLIANCES,0,0,0,0,0
2017-08-22,14,HOME CARE,6,0,0,0,0
2017-08-22,14,LADIESWEAR,0,0,0,0,0
2017-08-22,14,LAWN AND GARDEN,0,0,0,0,0
2017-08-22,14,LINGERIE,0,0,0,0,0
2017-08-22,14,"LIQUOR,WINE,BEER",1,0,0,0,0
2017-08-22,14,MAGAZINES,0,0,0,0,0
2017-08-22,14,MEATS,0,0,0,0,0
2017-08-22,14,PERSONAL CARE,10,0,0,0,0
2017-08-22,14,PET SUPPLIES,0,0,0,0,0
2017-08-22,14,PLAYERS AND ELECTRONICS,0,0,0,0,0
2017-08-22,14,POULTRY,0,0,0,0,0
2017-08-22,14,PREPARED FOODS,0,0,0,0,0
2017-08-22,14,PRODUCE,78,0,0,0,0
2017-08-22,14,SCHOOL AND OFFICE SUPPLIES,3,0,0,0,0
2017-08-22,14,SEAFOOD,0,0,0,0,0
2017-08-22,15,AUTOMOTIVE,0,0,0,0,0
2017-08-22,15,BABY CARE,0,0,0,0,0
2017-08-22,15,BEAUTY,0,0,0,0,0
2017-08-22,15,BEVERAGES,29,0,0,0,0
2017-08-22,15,BOOKS,0,0,0,0,0
2017-08-22,15,BREAD/BAKERY,4,0,0,0,0
2017-08-22,15,CELEBRATION,0,0,0,0,0
2017-08-22,15,CLEANING,19,0,0,0,0
2017-08-22,15,DAIRY,9,0,0,0,0
2017-08-22,15,DELI,7,0,0,0,0
2017-08-22,15,EGGS,1,0,0,0,0
2017-08-22,15,FROZEN FOODS,0,0,0,0,0
2017-08-22,15,GROCERY I,58,0,0,0,0
2017-08-22,15,GROCERY II,0,0,0,0,0
2017-08-22,15,HARDWARE,0,0,0,0,0
2017-08-22,15,HOME AND KITCHEN I,0,0,0,0,0
2017-08-22,15,HOME AND KITCHEN II,1,0,0,0,0
2017-08-22,15,HOME APPLIANCES,0,0,0,0,0
2017-08-22,15,HOME CARE,7,0,0,0,0
2017-08-22,15,LADIESWEAR,0,0,0,0,0
2017-08-22,15,LAWN AND GARDEN,0,0,0,0,0
2017-08-22,15,LINGERIE,0,0,0,0,0
2017-08-22,15,"LIQUOR,WINE,BEER",0,0,0,0,0
2017-08-22,15,MAGAZINES,0,0,0,0,0
2017-08-22,15,MEATS,0,0,0,0,0
2017-08-22,15,PERSONAL CARE,9,0,0,0,0
2017-08-22,15,PET SUPPLIES,0,0,0,0,0
2017-08-22,15,PLAYERS AND ELECTRONICS,0,0,0,0,0
2017-08-22,15,POULTRY,0,0,0,0,0
2017-08-22,15,PREPARED FOODS,1,0,0,0,0
2017-08-22,15,PRODUCE,97,0,0,0,0
2017-08-22,15,SCHOOL AND OFFICE SUPPLIES,5,0,0,0,0
2017-08-22,15,SEAFOOD,0,0,0,0,0
2017-08-22,16,AUTOMOTIVE,0,0,0,0,0
2017-08-22,16,BABY CARE,0,0,0,0,0
2017-08-22,16,BEAUTY,0,0,0,0,0
2017-08-22,16,BEVERAGES,17,0,0,0,0
2017-08-22,16,BOOKS,0,0,0,0,0
2017-08-22,16,BREAD/BAKERY,9,0,0,0,0
2017-08-22,16,CELEBRATION,0,0,0,0,0
2017-08-22,16,CLEANING,17,0,0,0,0
2017-08-22,16,DAIRY,9,0,0,0,0
2017-08-22,16,DELI,5,0,0,0,0
2017-08-22,16,EGGS,1,0,0,0,0
2017-08-22,16,FROZEN FOODS,0,0,0,0,0
2017-08-22,16,GROCERY I,47,0,0,0,0
2017-08-22,16,GROCERY II,0,0,0,0,0
2017-08-22,16,HARDWARE,0,0,0,0,0
2017-08-22,16,HOME AND KITCHEN I,0,0,0,0,0
2017-08-22,16,HOME AND KITCHEN II,1,0,0,0,0
2017-08-22,16,HOME APPLIANCES,0,0,0,0,0
2017-08-22,16,HOME CARE,7,0,0,0,0
2017-08-22,16,LADIESWEAR,0,0,0,0,0
2017-08-22,16,LAWN AND GARDEN,0,0,0,0,0
2017-08-22,16,LINGERIE,0,0,0,0,0
2017-08-22,16,"LIQUOR,WINE,BEER",2,0,0,0,0
2017-08-22,16,MAGAZINES,0,0,0,0,0
2017-08-22,16,MEATS,0,0,0,0,0
2017-08-22,16,PERSONAL CARE,7,0,0,0,0
2017-08-22,16,PET SUPPLIES,0,0,0,0,0
2017-08-22,16,PLAYERS AND ELECTRONICS,0,0,0,0,0
2017-08-22,16,POULTRY,0,0,0,0,0
2017-08-22,16,PREPARED FOODS,0,0,0,0,0
2017-08-22,16,PRODUCE,78,0,0,0,0
2017-08-22,16,SCHOOL AND OFFICE SUPPLIES,0,0,0,0,0
2017-08-22,16,SEAFOOD,0,0,0,0,0
2017-08-22,17,AUTOMOTIVE,0,0,0,0,0
2017-08-22,17,BABY CARE,0,0,0,0,0
2017-08-22,17,BEAUTY,1,0,0,0,0
2017-08-22,17,BEVERAGES,21,0,0,0,0
2017-08-22,17,BOOKS,0,0,0,0,0
2017-08-22,17,BREAD/BAKERY,10,0,0,0,0
2017-08-22,17,CELEBRATION,0,0,0,0,0
2017-08-22,17,CLEANING,16,0,0,0,0
2017-08-22,17,DAIRY,16,0,0,0,0
2017-08-22,17,DELI,8,0,0,0,0
2017-08-22,17,EGGS,1,0,0,0,0
2017-08-22,17,FROZEN FOODS,0,0,0,0,0
2017-08-22,17,GROCERY I,55,0,0,0,0
2017-08-22,17,GROCERY II,0,0,0,0,0
2017-08-22,17,HARDWARE,0,0,0,0,0
2017-08-22,17,HOME AND KITCHEN I,1,0,0,0,0
2017-08-22,17,HOME AND KITCHEN II,0,0,0,0,0
2017-08-22,17,HOME APPLIANCES,0,0,0,0,0
2017-08-22,17,HOME CARE,8,0,0,0,0
2017-08-22,17,LADIESWEAR,0,0,0,0,0
2017-08-22,17,LAWN AND GARDEN,0,0,0,0,0
2017-08-22,17,LINGERIE,1,0,0,0,0
2017-08-22,17,"LIQUOR,WINE,BEER",1,0,0,0,0
2017-08-22,17,MAGAZINES,0,0,0,0,0
2017-08-22,17,MEATS,0,0,0,0,0
2017-08-22,17,PERSONAL CARE,8,0,0,0,0
2017-08-22,17,PET SUPPLIES,0,0,0,0,0
2017-08-22,17,PLAYERS AND ELECTRONICS,0,0,0,0,0
2017-08-22,17,POULTRY,0,0,0,0,0
2017-08-22,17,PREPARED FOODS,0,0,0,0,0
2017-08-22,17,PRODUCE,116,0,0,0,0
2017-08-22,17,SCHOOL AND OFFICE SUPPLIES,3,0,0,0,0
2017-08-22,17,SEAFOOD,0,0,0,0,0
2017-08-22,18,AUTOMOTIVE,0,0,0,0,0
2017-08-22,18,BABY CARE,0,0,0,0,0
2017-08-22,18,BEAUTY,1,0,0,0,0
2017-08-22,18,BEVERAGES,26,0,0,0,0
2017-08-22,18,BOOKS,0,0,0,0,0
2017-08-22,18,BREAD/BAKERY,10,0,0,0,0
2017-08-22,18,CELEBRATION,0,0,0,0,0
2017-08-22,18,CLEANING,15,0,0,0,0
2017-08-22,18,DAIRY,19,0,0,0,0
2017-08-22,18,DELI,10,0,0,0,0
2017-08-22,18,EGGS,1,0,0,0,0
2017-08-22,18,FROZEN FOODS,0,0,0,0,0
2017-08-22,18,GROCERY I,63,0,0,0,0
2017-08-22,18,GROCERY II,0,0,0,0,0
2017-08-22,18,HARDWARE,0,0,0,0,0
2017-08-22,18,HOME AND KITCHEN I,1,0,0,0,0
2017-08-22,18,HOME AND KITCHEN II,1,0,0,0,0
2017-08-22,18,HOME APPLIANCES,0,0,0,0,0
2017-08-22,18,HOME CARE,9,0,0,0,0
2017-08-22,18,LADIESWEAR,0,0,0,0,0
2017-08-22,18,LAWN AND GARDEN,2,0,0,0,0
2017-08-22,18,LINGERIE,3,0,0,0,0
2017-08-22,18,"LIQUOR,WINE,BEER",3,0,0,0,0
2017-08-22,18,MAGAZINES,0,0,0,0,0
2017-08-22,18,MEATS,0,0,0,0,0
2017-08-22,18,PERSONAL CARE,9,0,0,0,0
2017-08-22,18,PET SUPPLIES,0,0,0,0,0
2017-08-22,18,PLAYERS AND ELECTRONICS,0,0,0,0,0
2017-08-22,18,POULTRY,0,0,0,0,0
2017-08-22,18,PREPARED FOODS,0,0,0,0,0
2017-08-22,18,PRODUCE,144,0,0,0,0
2017-08-22,18,SCHOOL AND OFFICE SUPPLIES,9,0,0,0,0
2017-08-22,18,SEAFOOD,0,0,0,0,0
2017-08-22,19,AUTOMOTIVE,0,0,0,0,0
2017-08-22,19,BABY CARE,0,0,0,0,0
2017-08-22,19,BEAUTY,1,0,0,0,0
2017-08-22,19,BEVERAGES,17,0,0,0,0
2017-08-22,19,BOOKS,0,0,0,0,0
2017-08-22,19,BREAD/BAKERY,7,0,0,0,0
2017-08-22,19,CELEBRATION,0,0,0,0,0
2017-08-22,19,CLEANING,15,0,0,0,0
2017-08-22,19,DAIRY,11,0,0,0,0
2017-08-22,19,DELI,6,0,0,0,0
2017-08-22,19,EGGS,1,0,0,0,0
2017-08-22,19,FROZEN FOODS,0,0,0,0,0
2017-08-22,19,GROCERY I,52,0,0,0,0
2017-08-22,19,GROCERY II,0,0,0,0,0
2017-08-22,19,HARDWARE,0,0,0,0,0
2017-08-22,19,HOME AND KITCHEN I,0,0,0,0,0
2017-08-22,19,HOME AND KITCHEN II,0,0,0,0,0
2017-08-22,19,HOME APPLIANCES,0,0,0,0,0
2017-08-22,19,HOME CARE,7,0,0,0,0
2017-08-22,19,LADIESWEAR,0,0,0,0,0
2017-08-22,19,LAWN AND GARDEN,0,0,0,0,0
2017-08-22,19,LINGERIE,0,0,0,0,0
2017-08-22,19,"LIQUOR,WINE,BEER",0,0,0,0,0
2017-08-22,19,MAGAZINES,0,0,0,0,0
2017-08-22,19,MEATS,0,0,0,0,0
2017-08-22,19,PERSONAL CARE,10,0,0,0,0
2017-08-22,19,PET SUPPLIES,0,0,0,0,0
2017-08-22,19,PLAYERS AND ELECTRONICS,0,0,0,0,0
2017-08-22,19,POULTRY,0,0,0,0,0
2017-08-22,19,PREPARED FOODS,0,0,0,0,0
2017-08-22,19,PRODUCE,70,0,0,0,0
2017-08-22,19,SCHOOL AND OFFICE SUPPLIES,5,0,0,0,0
2017-08-22,19,SEAFOOD,0,0,0,0,0
2017-08-22,20,AUTOMOTIVE,0,0,0,0,0
2017-08-22,20,BABY CARE,0,0,0,0,0
2017-08-22,20,BEAUTY,1,0,0,0,0
2017-08-22,20,BEVERAGES,23,0,0,0,0
2017-08-22,20,BOOKS,0,0,0,0,0
2017-08-22,20,BREAD/BAKERY,10,0,0,0,0
2017-08-22,20,CELEBRATION,0,0,0,0,0
2017-08-22,20,CLEANING,23,0,0,0,0
2017-08-22,20,DAIRY,15,0,0,0,0
2017-08-22,20,DELI,10,0,0,0,0
2017-08-22,20,EGGS,1,0,0,0,0
2017-08-22,20,FROZEN FOODS,0,0,0,0,0
2017-08-22,20,GROCERY I,56,0,0,0,0
2017-08-22,20,GROCERY II,0,0,0,0,0
2017-08-22,20,HARDWARE,0,0,0,0,0
2017-08-22,20,HOME AND KITCHEN I,0,0,0,0,0
2017-08-22,20,HOME AND KITCHEN II,1,0,0,0,0
2017-08-22,20,HOME APPLIANCES,0,0,0,0,0
2017-08-22,20,HOME CARE,9,0,0,0,0
2017-08-22,20,LADIESWEAR,0,0,0,0,0
2017-08-22,20,LAWN AND GARDEN,5,0,0,0,0
2017-08-22,20,LINGERIE,1,0,0,0,0
2017-08-22,20,"LIQUOR,WINE,BEER",1,0,0,0,0
2017-08-22,20,MAGAZINES,0,0,0,0,0
2017-08-22,20,MEATS,0,0,0,0,0
2017-08-22,20,PERSONAL CARE,13,0,0,0,0
2017-08-22,20,PET SUPPLIES,0,0,0,0,0
2017-08-22,20,PLAYERS AND ELECTRONICS,0,0,0,0,0
2017-08-22,20,POULTRY,0,0,0,0,0
2017-08-22,20,PREPARED FOODS,0,0,0,0,0
2017-08-22,20,PRODUCE,115,0,0,0,0
2017-08-22,20,SCHOOL AND OFFICE SUPPLIES,4,0,0,0,0
2017-08-22,20,SEAFOOD,0,0,0,0,0
2017-08-22,21,AUTOMOTIVE,0,0,0,0,0
2017-08-22,21,BABY CARE,0,0,0,0,0
2017-08-22,21,BEAUTY,1,0,0,0,0
2017-08-22,21,BEVERAGES,26,0,0,0,0
2017-08-22,21,BOOKS,0,0,0,0,0
2017-08-22,21,BREAD/BAKERY,9,0,0,0,0
2017-08-22,21,CELEBRATION,0,0,0,0,0
2017-08-22,21,CLEANING,23,0,0,0,0
2017-08-22,21,DAIRY,15,0,0,0,0
2017-08-22,21,DELI,10,0,0,0,0
2017-08-22,21,EGGS,1,0,0,0,0
2017-08-22,21,FROZEN FOODS,0,0,0,0,0
2017-08-22,21,GROCERY I,55,0,0,0,0
2017-08-22,21,GROCERY II,0,0,0,0,0
2017-08-22,21,HARDWARE,0,0,0,0,0
2017-08-22,21,HOME AND KITCHEN I,1,0,0,0,0
2017-08-22,21,HOME AND KITCHEN II,2,0,0,0,0
2017-08-22,21,HOME APPLIANCES,0,0,0,0,0
2017-08-22,21,HOME CARE,10,0,0,0,0
2017-08-22,21,LADIESWEAR,0,0,0,0,0
2017-08-22,21,LAWN AND GARDEN,2,0,0,0,0
2017-08-22,21,LINGERIE,0,0,0,0,0
2017-08-22,21,"LIQUOR,WINE,BEER",2,0,0,0,0
2017-08-22,21,MAGAZINES,0,0,0,0,0
2017-08-22,21,MEATS,0,0,0,0,0
2017-08-22,21,PERSONAL CARE,12,0,0,0,0
2017-08-22,21,PET SUPPLIES,0,0,0,0,0
2017-08-22,21,PLAYERS AND ELECTRONICS,2,0,0,0,0
2017-08-22,21,POULTRY,0,0,0,0,0
2017-08-22,21,PREPARED FOODS,0,0,0,0,0
2017-08-22,21,PRODUCE,125,0,0,0,0
2017-08-22,21,SCHOOL AND OFFICE SUPPLIES,0,0,0,0,0
2017-08-22,21,SEAFOOD,0,0,0,0,0
2017-08-22,22,AUTOMOTIVE,0,0,0,0,0
2017-08-22,22,BABY CARE,0,0,0,0,0
2017-08-22,22,BEAUTY,0,0,0,0,0
2017-08-22,22,BEVERAGES,18,0,0,0,0
2017-08-22,22,BOOKS,0,0,0,0,0
2017-08-22,22,BREAD/BAKERY,8,0,0,0,0
2017-08-22,22,CELEBRATION,0,0,0,0,0
2017-08-22,22,CLEANING,18,0,0,0,0
2017-08-22,22,DAIRY,7,0,0,0,0
2017-08-22,22,DELI,7,0,0,0,0
2017-08-22,22,EGGS,1,0,0,0,0
2017-08-22,22,FROZEN FOODS,0,0,0,0,0
2017-08-22,22,GROCERY I,55,0,0,0,0
2017-08-22,22,GROCERY II,0,0,0,0,0
2017-08-22,22,HARDWARE,0,0,0,0,0
2017-08-22,22,HOME AND KITCHEN I,1,0,0,0,0
2017-08-22,22,HOME AND KITCHEN II,1,0,0,0,0
2017-08-22,22,HOME APPLIANCES,0,0,0,0,0
2017-08-22,22,HOME CARE,10,0,0,0,0
2017-08-22,22,LADIESWEAR,0,0,0,0,0
2017-08-22,22,LAWN AND GARDEN,0,0,0,0,0
2017-08-22,22,LINGERIE,0,0,0,0,0
2017-08-22,22,"LIQUOR,WINE,BEER",3,0,0,0,0
2017-08-22,22,MAGAZINES,0,0,0,0,0
2017-08-22,22,MEATS,0,0,0,0,0
2017-08-22,22,PERSONAL CARE,10,0,0,0,0
2017-08-22,22,PET SUPPLIES,0,0,0,0,0
2017-08-22,22,PLAYERS AND ELECTRONICS,0,0,0,0,0
2017-08-22,22,POULTRY,0,0,0,0,0
2017-08-22,22,PREPARED FOODS,0,0,0,0,0
2017-08-22,22,PRODUCE,98,0,0,0,0
2017-08-22,22,SCHOOL AND OFFICE SUPPLIES,3,0,0,0,0
2017-08-22,22,SEAFOOD,0,0,0,0,0
2017-08-22,23,AUTOMOTIVE,0,0,0,0,0
2017-08-22,23,BABY CARE,0,0,0,0,0
2017-08-22,23,BEAUTY,1,0,0,0,0
2017-08-22,23,BEVERAGES,8,0,0,0,0
2017-08-22,23,BOOKS,0,0,0,0,0
2017-08-22,23,BREAD/BAKERY,9,0,0,0,0
2017-08-22,23,CELEBRATION,0,0,0,0,0
2017-08-22,23,CLEANING,6,0,0,0,0
2017-08-22,23,DAIRY,14,0,0,0,0
2017-08-22,23,DELI,6,0,0,0,0
2017-08-22,23,EGGS,0,0,0,0,0
2017-08-22,23,FROZEN FOODS,0,0,0,0,0
2017-08-22,23,GROCERY I,25,0,0,0,0
2017-08-22,23,GROCERY II,0,0,0,0,0
2017-08-22,23,HARDWARE,0,0,0,0,0
2017-08-22,23,HOME AND KITCHEN I,0,0,0,0,0
2017-08-22,23,HOME AND KITCHEN II,1,0,0,0,0
2017-08-22,23,HOME APPLIANCES,0,0,0,0,0
2017-08-22,23,HOME CARE,4,0,0,0,0
2017-08-22,23,LADIESWEAR,0,0,0,0,0
2017-08-22,23,LAWN AND GARDEN,0,0,0,0,0
2017-08-22,23,LINGERIE,1,0,0,0,0
2017-08-22,23,"LIQUOR,WINE,BEER",5,0,0,0,0
2017-08-22,23,MAGAZINES,0,0,0,0,0
2017-08-22,23,MEATS,0,0,0,0,0
2017-08-22,23,PERSONAL CARE,10,0,0,0,0
2017-08-22,23,PET SUPPLIES,0,0,0,0,0
2017-08-22,23,PLAYERS AND ELECTRONICS,0,0,0,0,0
2017-08-22,23,POULTRY,0,0,0,0,0
2017-08-22,23,PREPARED FOODS,0,0,0,0,0
2017-08-22,23,PRODUCE,3,0,0,0,0
2017-08-22,23,SCHOOL AND OFFICE SUPPLIES,0,0,0,0,0
2017-08-22,23,SEAFOOD,0,0,0,0,0
2017-08-22,24,AUTOMOTIVE,0,0,0,0,0
2017-08-22,24,BABY CARE,0,0,0,0,0
2017-08-22,24,BEAUTY,2,0,0,0,0
2017-08-22,24,BEVERAGES,17,0,0,0,0
2017-08-22,24,BOOKS,0,0,0,0,0
2017-08-22,24,BREAD/BAKERY,12,0,0,0,0
2017-08-22,24,CELEBRATION,0,0,0,0,0
2017-08-22,24,CLEANING,7,0,0,0,0
2017-08-22,24,DAIRY,21,0,0,0,0
2017-08-22,24,DELI,9,0,0,0,0
2017-08-22,24,EGGS,0,0,0,0,0
2017-08-22,24,FROZEN FOODS,0,0,0,0,0
2017-08-22,24,GROCERY I,30,0,0,0,0
2017-08-22,24,GROCERY II,0,0,0,0,0
2017-08-22,24,HARDWARE,0,0,0,0,0
2017-08-22,24,HOME AND KITCHEN I,2,0,0,0,0
2017-08-22,24,HOME AND KITCHEN II,3,0,0,0,0
2017-08-22,24,HOME APPLIANCES,0,0,0,0,0
2017-08-22,24,HOME CARE,7,0,0,0,0
2017-08-22,24,LADIESWEAR,0,0,0,0,0
2017-08-22,24,LAWN AND GARDEN,0,0,0,0,0
2017-08-22,24,LINGERIE,0,0,0,0,0
2017-08-22,24,"LIQUOR,WINE,BEER",6,0,0,0,0
2017-08-22,24,MAGAZINES,0,0,0,0,0
2017-08-22,24,MEATS,0,0,0,0,0
2017-08-22,24,PERSONAL CARE,10,0,0,0,0
2017-08-22,24,PET SUPPLIES,0,0,0,0,0
2017-08-22,24,PLAYERS AND ELECTRONICS,0,0,0,0,0
2017-08-22,24,POULTRY,0,0,0,0,0
2017-08-22,24,PREPARED FOODS,0,0,0,0,0
2017-08-22,24,PRODUCE,3,0,0,0,0
2017-08-22,24,SCHOOL AND OFFICE SUPPLIES,0,0,0,0,0
2017-08-22,24,SEAFOOD,0,0,0,0,0
2017-08-22,25,AUTOMOTIVE,0,0,0,0,0
2017-08-22,25,BABY CARE,0,0,0,0,0
2017-08-22,25,BEAUTY,1,0,0,0,0
2017-08-22,25,BEVERAGES,14,0,0,0,0
2017-08-22,25,BOOKS,0,0,0,0,0
2017-08-22,25,BREAD/BAKERY,8,0,0,0,0
2017-08-22,25,CELEBRATION,0,0,0,0,0
2017-08-22,25,CLEANING,5,0,0,0,0
2017-08-22,25,DAIRY,18,0,0,0,0
2017-08-22,25,DELI,8,0,0,0,0
2017-08-22,25,EGGS,0,0,0,0,0
2017-08-22,25,FROZEN FOODS,0,0,0,0,0
2017-08-22,25,GROCERY I,26,0,0,0,0
2017-08-22,25,GROCERY II,0,0,0,0,0
2017-08-22,25,HARDWARE,0,0,0,0,0
2017-08-22,25,HOME AND KITCHEN I,0,0,0,0,0
2017-08-22,25,HOME AND KITCHEN II,2,0,0,0,0
2017-08-22,25,HOME APPLIANCES,0,0,0,0,0
2017-08-22,25,HOME CARE,4,0,0,0,0
2017-08-22,25,LADIESWEAR,0,0,0,0,0
2017-08-22,25,LAWN AND GARDEN,0,0,0,0,0
2017-08-22,25,LINGERIE,0,0,0,0,0
2017-08-22,25,"LIQUOR,WINE,BEER",6,0,0,0,0
2017-08-22,25,MAGAZINES,0,0,0,0,0
2017-08-22,25,MEATS,0,0,0,0,0
2017-08-22,25,PERSONAL CARE,9,0,0,0,0
2017-08-22,25,PET SUPPLIES,0,0,0,0,0
2017-08-22,25,PLAYERS AND ELECTRONICS,0,0,0,0,0
2017-08-22,25,POULTRY,0,0,0,0,0
2017-08-22,25,PREPARED FOODS,0,0,0,0,0
2017-08-22,25,PRODUCE,1,0,0,0,0
2017-08-22,25,SCHOOL AND OFFICE SUPPLIES,0,0,0,0,0
2017-08-22,25,SEAFOOD,0,0,0,0,0
2017-08-22,26,AUTOMOTIVE,0,0,0,0,0
2017-08-22,26,BABY CARE,0,0,0,0,0
2017-08-22,26,BEAUTY,0,0,0,0,0
2017-08-22,26,BEVERAGES,11,0,0,0,0
2017-08-22,26,BOOKS,0,0,0,0,0
2017-08-22,26,BREAD/BAKERY,11,0,0,0,0
2017-08-22,26,CELEBRATION,0,0,0,0,0
2017-08-22,26,CLEANING,7,0,0,0,0
2017-08-22,26,DAIRY,10,0,0,0,0
2017-08-22,26,DELI,2,0,0,0,0
2017-08-22,26,EGGS,0,0,0,0,0
2017-08-22,26,FROZEN FOODS,0,0,0,0,0
2017-08-22,26,GROCERY I,20,0,0,0,0
2017-08-22,26,GROCERY II,0,0,0,0,0
2017-08-22,26,HARDWARE,0,0,0,0,0
2017-08-22,26,HOME AND KITCHEN I,0,0,0,0,0
2017-08-22,26,HOME AND KITCHEN II,1,0,0,0,0
2017-08-22,26,HOME APPLIANCES,0,0,0,0,0
2017-08-22,26,HOME CARE,3,0,0,0,0
2017-08-22,26,LADIESWEAR,0,0,0,0,0
2017-08-22,26,LAWN AND GARDEN,0,0,0,0,0
2017-08-22,26,LINGERIE,0,0,0,0,0
2017-08-22,26,"LIQUOR,WINE,BEER",4,0,0,0,0
2017-08-22,26,MAGAZINES,0,0,0,0,0
2017-08-22,26,MEATS,0,0,0,0,0
2017-08-22,26,PERSONAL CARE,8,0,0,0,0
2017-08-22,26,PET SUPPLIES,0,0,0,0,0
2017-08-22,26,PLAYERS AND ELECTRONICS,0,0,0,0,0
2017-08-22,26,POULTRY,0,0,0,0,0
2017-08-22,26,PREPARED FOODS,0,0,0,0,0
2017-08-22,26,PRODUCE,0,0,0,0,0
2017-08-22,26,SCHOOL AND OFFICE SUPPLIES,0,0,0,0,0
2017-08-22,26,SEAFOOD,0,0,0,0,0
2017-08-22,27,AUTOMOTIVE,0,0,0,0,0
2017-08-22,27,BABY CARE,0,0,0,0,0
2017-08-22,27,BEAUTY,0,0,0,0,0
2017-08-22,27,BEVERAGES,14,0,0,0,0
2017-08-22,27,BOOKS,0,0,0,0,0
2017-08-22,27,BREAD/BAKERY,10,0,0,0,0
2017-08-22,27,CELEBRATION,0,0,0,0,0
2017-08-22,27,CLEANING,5,0,0,0,0
2017-08-22,27,DAIRY,21,0,0,0,0
2017-08-22,27,DELI,6,0,0,0,0
2017-08-22,27,EGGS,0,0,0,0,0
2017-08-22,27,FROZEN FOODS,0,0,0,0,0
2017-08-22,27,GROCERY I,27,0,0,0,0
2017-08-22,27,GROCERY II,0,0,0,0,0
2017-08-22,27,HARDWARE,0,0,0,0,0
2017-08-22,27,HOME AND KITCHEN I,0,0,0,0,0
2017-08-22,27,HOME AND KITCHEN II,2,0,0,0,0
2017-08-22,27,HOME APPLIANCES,0,0,0,0,0
2017-08-22,27,HOME CARE,7,0,0,0,0
2017-08-22,27,LADIESWEAR,0,0,0,0,0
2017-08-22,27,LAWN AND GARDEN,0,0,0,0,0
2017-08-22,27,LINGERIE,0,0,0,0,0
2017-08-22,27,"LIQUOR,WINE,BEER",5,0,0,0,0
2017-08-22,27,MAGAZINES,0,0,0,0,0
2017-08-22,27,MEATS,0,0,0,0,0
2017-08-22,27,PERSONAL CARE,10,0,0,0,0
2017-08-22,27,PET SUPPLIES,0,0,0,0,0
2017-08-22,27,PLAYERS AND ELECTRONICS,0,0,0,0,0
2017-08-22,27,POULTRY,0,0,0,0,0
2017-08-22,27,PREPARED FOODS,0,0,0,0,0
2017-08-22,27,PRODUCE,3,0,0,0,0
2017-08-22,27,SCHOOL AND OFFICE SUPPLIES,0,0,0,0,0
2017-08-22,27,SEAFOOD,0,0,0,0,0
2017-08-22,28,AUTOMOTIVE,0,0,0,0,0
2017-08-22,28,BABY CARE,0,0,0,0,0
2017-08-22,28,BEAUTY,1,0,0,0,0
2017-08-22,28,BEVERAGES,23,0,0,0,0
2017-08-22,28,BOOKS,0,0,0,0,0
2017-08-22,28,BREAD/BAKERY,11,0,0,0,0
2017-08-22,28,CELEBRATION,0,0,0,0,0
2017-08-22,28,CLEANING,26,0,0,0,0
2017-08-22,28,DAIRY,18,0,0,0,0
2017-08-22,28,DELI,9,0,0,0,0
2017-08-22,28,EGGS,1,0,0,0,0
2017-08-22,28,FROZEN FOODS,0,0,0,0,0
2017-08-22,28,GROCERY I,62,0,0,0,0
2017-08-22,28,GROCERY II,0,0,0,0,0
2017-08-22,28,HARDWARE,0,0,0,0,0
2017-08-22,28,HOME AND KITCHEN I,1,0,0,0,0
2017-08-22,28,HOME AND KITCHEN II,1,0,0,0,0
2017-08-22,28,HOME APPLIANCES,0,0,0,0,0
2017-08-22,28,HOME CARE,8,0,0,0,0
2017-08-22,28,LADIESWEAR,0,0,0,0,0
2017-08-22,28,LAWN AND GARDEN,1,0,0,0,0
2017-08-22,28,LINGERIE,0,0,0,0,0
2017-08-22,28,"LIQUOR,WINE,BEER",4,0,0,0,0
2017-08-22,28,MAGAZINES,0,0,0,0,0
2017-08-22,28,MEATS,0,0,0,0,0
2017-08-22,28,PERSONAL CARE,13,0,0,0,0
2017-08-22,28,PET SUPPLIES,0,0,0,0,0
2017-08-22,28,PLAYERS AND ELECTRONICS,0,0,0,0,0
2017-08-22,28,POULTRY,1,0,0,0,0
2017-08-22,28,PREPARED FOODS,0,0,0,0,0
2017-08-22,28,PRODUCE,106,0,0,0,0
2017-08-22,28,SCHOOL AND OFFICE SUPPLIES,0,0,0,0,0
2017-08-22,28,SEAFOOD,0,0,0,0,0
2017-08-22,29,AUTOMOTIVE,0,0,0,0,0
2017-08-22,29,BABY CARE,0,0,0,0,0
2017-08-22,29,BEAUTY,1,0,0,0,0
2017-08-22,29,BEVERAGES,25,0,0,0,0
2017-08-22,29,BOOKS,0,0,0,0,0
2017-08-22,29,BREAD/BAKERY,12,0,0,0,0
2017-08-22,29,CELEBRATION,1,0,0,0,0
2017-08-22,29,CLEANING,24,0,0,0,0
2017-08-22,29,DAIRY,22,0,0,0,0
2017-08-22,29,DELI,8,0,0,0,0
2017-08-22,29,EGGS,1,0,0,0,0
2017-08-22,29,FROZEN FOODS,0,0,0,0,0
2017-08-22,29,GROCERY I,62,0,0,0,0
2017-08-22,29,GROCERY II,0,0,0,0,0
2017-08-22,29,HARDWARE,0,0,0,0,0
2017-08-22,29,HOME AND KITCHEN I,1,0,0,0,0
2017-08-22,29,HOME AND KITCHEN II,0,0,0,0,0
2017-08-22,29,HOME APPLIANCES,0,0,0,0,0
2017-08-22,29,HOME CARE,10,0,0,0,0
2017-08-22,29,LADIESWEAR,0,0,0,0,0
2017-08-22,29,LAWN AND GARDEN,3,0,0,0,0
2017-08-22,29,LINGERIE,0,0,0,0,0
2017-08-22,29,"LIQUOR,WINE,BEER",2,0,0,0,0
2017-08-22,29,MAGAZINES,0,0,0,0,0
2017-08-22,29,MEATS,0,0,0,0,0
2017-08-22,29,PERSONAL CARE,9,0,0,0,0
2017-08-22,29,PET SUPPLIES,0,0,0,0,0
2017-08-22,29,PLAYERS AND ELECTRONICS,0,0,0,0,0
2017-08-22,29,POULTRY,0,0,0,0,0
2017-08-22,29,PREPARED FOODS,0,0,0,0,0
2017-08-22,29,PRODUCE,137,0,0,0,0
2017-08-22,29,SCHOOL AND OFFICE SUPPLIES,0,0,0,0,0
2017-08-22,29,SEAFOOD,0,0,0,0,0
2017-08-22,30,AUTOMOTIVE,0,0,0,0,0
2017-08-22,30,BABY CARE,0,0,0,0,0
2017-08-22,30,BEAUTY,0,0,0,0,0
2017-08-22,30,BEVERAGES,21,0,0,0,0
2017-08-22,30,BOOKS,0,0,0,0,0
2017-08-22,30,BREAD/BAKERY,7,0,0,0,0
2017-08-22,30,CELEBRATION,0,0,0,0,0
2017-08-22,30,CLEANING,17,0,0,0,0
2017-08-22,30,DAIRY,14,0,0,0,0
2017-08-22,30,DELI,3,0,0,0,0
2017-08-22,30,EGGS,1,0,0,0,0
2017-08-22,30,FROZEN FOODS,0,0,0,0,0
2017-08-22,30,GROCERY I,50,0,0,0,0
2017-08-22,30,GROCERY II,0,0,0,0,0
2017-08-22,30,HARDWARE,0,0,0,0,0
2017-08-22,30,HOME AND KITCHEN I,1,0,0,0,0
2017-08-22,30,HOME AND KITCHEN II,1,0,0,0,0
2017-08-22,30,HOME APPLIANCES,0,0,0,0,0
2017-08-22,30,HOME CARE,6,0,0,0,0
2017-08-22,30,LADIESWEAR,0,0,0,0,0
2017-08-22,30,LAWN AND GARDEN,0,0,0,0,0
2017-08-22,30,LINGERIE,0,0,0,0,0
2017-08-22,30,"LIQUOR,WINE,BEER",1,0,0,0,0
2017-08-22,30,MAGAZINES,0,0,0,0,0
2017-08-22,30,MEATS,0,0,0,0,0
2017-08-22,30,PERSONAL CARE,6,0,0,0,0
2017-08-22,30,PET SUPPLIES,0,0,0,0,0
2017-08-22,30,PLAYERS AND ELECTRONICS,0,0,0,0,0
2017-08-22,30,POULTRY,0,0,0,0,0
2017-08-22,30,PREPARED FOODS,0,0,0,0,0
2017-08-22,30,PRODUCE,96,0,0,0,0
2017-08-22,30,SCHOOL AND OFFICE SUPPLIES,0,0,0,0,0
2017-08-22,30,SEAFOOD,0,0,0,0,0
2017-08-22,31,AUTOMOTIVE,0,0,0,0,0
2017-08-22,31,BABY CARE,0,0,0,0,0
2017-08-22,31,BEAUTY,0,0,0,0,0
2017-08-22,31,BEVERAGES,26,0,0,0,0
2017-08-22,31,BOOKS,0,0,0,0,0
2017-08-22,31,BREAD/BAKERY,10,0,0,0,0
2017-08-22,31,CELEBRATION,0,0,0,0,0
2017-08-22,31,CLEANING,22,0,0,0,0
2017-08-22,31,DAIRY,14,0,0,0,0
2017-08-22,31,DELI,6,0,0,0,0
2017-08-22,31,EGGS,1,0,0,0,0
2017-08-22,31,FROZEN FOODS,0,0,0,0,0
2017-08-22,31,GROCERY I,66,0,0,0,0
2017-08-22,31,GROCERY II,0,0,0,0,0
2017-08-22,31,HARDWARE,0,0,0,0,0
2017-08-22,31,HOME AND KITCHEN I,0,0,0,0,0
2017-08-22,31,HOME AND KITCHEN II,2,0,0,0,0
2017-08-22,31,HOME APPLIANCES,0,0,0,0,0
2017-08-22,31,HOME CARE,9,0,0,0,0
2017-08-22,31,LADIESWEAR,0,0,0,0,0
2017-08-22,31,LAWN AND GARDEN,2,0,0,0,0
2017-08-22,31,LINGERIE,0,0,0,0,0
2017-08-22,31,"LIQUOR,WINE,BEER",2,0,0,0,0
2017-08-22,31,MAGAZINES,0,0,0,0,0
2017-08-22,31,MEATS,0,0,0,0,0
2017-08-22,31,PERSONAL CARE,12,0,0,0,0
2017-08-22,31,PET SUPPLIES,0,0,0,0,0
2017-08-22,31,PLAYERS AND ELECTRONICS,0,0,0,0,0
2017-08-22,31,POULTRY,0,0,0,0,0
2017-08-22,31,PREPARED FOODS,0,0,0,0,0
2017-08-22,31,PRODUCE,122,0,0,0,0
2017-08-22,31,SCHOOL AND OFFICE SUPPLIES,0,0,0,0,0
2017-08-22,31,SEAFOOD,0,0,0,0,0
2017-08-22,32,AUTOMOTIVE,0,0,0,0,0
2017-08-22,32,BABY CARE,0,0,0,0,0
2017-08-22,32,BEAUTY,0,0,0,0,0
2017-08-22,32,BEVERAGES,21,0,0,0,0
2017-08-22,32,BOOKS,0,0,0,0,0
2017-08-22,32,BREAD/BAKERY,4,0,0,0,0
2017-08-22,32,CELEBRATION,0,0,0,0,0
2017-08-22,32,CLEANING,13,0,0,0,0
2017-08-22,32,DAIRY,6,0,0,0,0
2017-08-22,32,DELI,1,0,0,0,0
2017-08-22,32,EGGS,0,0,0,0,0
2017-08-22,32,FROZEN FOODS,0,0,0,0,0
2017-08-22,32,GROCERY I,54,0,0,0,0
2017-08-22,32,GROCERY II,0,0,0,0,0
2017-08-22,32,HARDWARE,0,0,0,0,0
2017-08-22,32,HOME AND KITCHEN I,0,0,0,0,0
2017-08-22,32,HOME AND KITCHEN II,0,0,0,0,0
2017-08-22,32,HOME APPLIANCES,0,0,0,0,0
2017-08-22,32,HOME CARE,7,0,0,0,0
2017-08-22,32,LADIESWEAR,0,0,0,0,0
2017-08-22,32,LAWN AND GARDEN,0,0,0,0,0
2017-08-22,32,LINGERIE,0,0,0,0,0
2017-08-22,32,"LIQUOR,WINE,BEER",1,0,0,0,0
2017-08-22,32,MAGAZINES,0,0,0,0,0
2017-08-22,32,MEATS,0,0,0,0,0
2017-08-22,32,PERSONAL CARE,5,0,0,0,0
2017-08-22,32,PET SUPPLIES,0,0,0,0,0
2017-08-22,32,PLAYERS AND ELECTRONICS,0,0,0,0,0
2017-08-22,32,POULTRY,0,0,0,0,0
2017-08-22,32,PREPARED FOODS,0,0,0,0,0
2017-08-22,32,PRODUCE,63,0,0,0,0
2017-08-22,32,SCHOOL AND OFFICE SUPPLIES,0,0,0,0,0
2017-08-22,32,SEAFOOD,0,0,0,0,0
2017-08-22,33,AUTOMOTIVE,0,0,0,0,0
2017-08-22,33,BABY CARE,0,0,0,0,0
2017-08-22,33,BEAUTY,0,0,0,0,0
2017-08-22,33,BEVERAGES,21,0,0,0,0
2017-08-22,33,BOOKS,0,0,0,0,0
2017-08-22,33,BREAD/BAKERY,10,0,0,0,0
2017-08-22,33,CELEBRATION,0,0,0,0,0
2017-08-22,33,CLEANING,17,0,0,0,0
2017-08-22,33,DAIRY,12,0,0,0,0
2017-08-22,33,DELI,6,0,0,0,0
2017-08-22,33,EGGS,1,0,0,0,0
2017-08-22,33,FROZEN FOODS,0,0,0,0,0
2017-08-22,33,GROCERY I,50,0,0,0,0
2017-08-22,33,GROCERY II,0,0,0,0,0
2017-08-22,33,HARDWARE,0,0,0,0,0
2017-08-22,33,HOME AND KITCHEN I,0,0,0,0,0
2017-08-22,33,HOME AND KITCHEN II,0,0,0,0,0
2017-08-22,33,HOME APPLIANCES,0,0,0,0,0
2017-08-22,33,HOME CARE,5,0,0,0,0
2017-08-22,33,LADIESWEAR,0,0,0,0,0
2017-08-22,33,LAWN AND GARDEN,0,0,0,0,0
2017-08-22,33,LINGERIE,0,0,0,0,0
2017-08-22,33,"LIQUOR,WINE,BEER",0,0,0,0,0
2017-08-22,33,MAGAZINES,0,0,0,0,0
2017-08-22,33,MEATS,0,0,0,0,0
2017-08-22,33,PERSONAL CARE,10,0,0,0,0
2017-08-22,33,PET SUPPLIES,0,0,0,0,0
2017-08-22,33,PLAYERS AND ELECTRONICS,0,0,0,0,0
2017-08-22,33,POULTRY,0,0,0,0,0
2017-08-22,33,PREPARED FOODS,0,0,0,0,0
2017-08-22,33,PRODUCE,102,0,0,0,0
2017-08-22,33,SCHOOL AND OFFICE SUPPLIES,0,0,0,0,0
2017-08-22,33,SEAFOOD,0,0,0,0,0
2017-08-22,34,AUTOMOTIVE,0,0,0,0,0
2017-08-22,34,BABY CARE,0,0,0,0,0
2017-08-22,34,BEAUTY,0,0,0,0,0
2017-08-22,34,BEVERAGES,22,0,0,0,0
2017-08-22,34,BOOKS,0,0,0,0,0
2017-08-22,34,BREAD/BAKERY,12,0,0,0,0
2017-08-22,34,CELEBRATION,0,0,0,0,0
2017-08-22,34,CLEANING,22,0,0,0,0
2017-08-22,34,DAIRY,8,0,0,0,0
2017-08-22,34,DELI,6,0,0,0,0
2017-08-22,34,EGGS,1,0,0,0,0
2017-08-22,34,FROZEN FOODS,0,0,0,0,0
2017-08-22,34,GROCERY I,59,0,0,0,0
2017-08-22,34,GROCERY II,0,0,0,0,0
2017-08-22,34,HARDWARE,0,0,0,0,0
2017-08-22,34,HOME AND KITCHEN I,0,0,0,0,0
2017-08-22,34,HOME AND KITCHEN II,2,0,0,0,0
2017-08-22,34,HOME APPLIANCES,0,0,0,0,0
2017-08-22,34,HOME CARE,9,0,0,0,0
2017-08-22,34,LADIESWEAR,0,0,0,0,0
2017-08-22,34,LAWN AND GARDEN,3,0,0,0,0
2017-08-22,34,LINGERIE,0,0,0,0,0
2017-08-22,34,"LIQUOR,WINE,BEER",2,0,0,0,0
2017-08-22,34,MAGAZINES,0,0,0,0,0
2017-08-22,34,MEATS,0,0,0,0,0
2017-08-22,34,PERSONAL CARE,8,0,0,0,0
2017-08-22,34,PET SUPPLIES,0,0,0,0,0
2017-08-22,34,PLAYERS AND ELECTRONICS,0,0,0,0,0
2017-08-22,34,POULTRY,0,0,0,0,0
2017-08-22,34,PREPARED FOODS,0,0,0,0,0
2017-08-22,34,PRODUCE,99,0,0,0,0
2017-08-22,34,SCHOOL AND OFFICE SUPPLIES,0,0,0,0,0
2017-08-22,34,SEAFOOD,0,0,0,0,0
2017-08-22,35,AUTOMOTIVE,0,0,0,0,0
2017-08-22,35,BABY CARE,0,0,0,0,0
2017-08-22,35,BEAUTY,0,0,0,0,0
2017-08-22,35,BEVERAGES,23,0,0,0,0
2017-08-22,35,BOOKS,0,0,0,0,0
2017-08-22,35,BREAD/BAKERY,7,0,0,0,0
2017-08-22,35,CELEBRATION,0,0,0,0,0
2017-08-22,35,CLEANING,19,0,0,0,0
2017-08-22,35,DAIRY,7,0,0,0,0
2017-08-22,35,DELI,2,0,0,0,0
2017-08-22,35,EGGS,1,0,0,0,0
2017-08-22,35,FROZEN FOODS,0,0,0,0,0
2017-08-22,35,GROCERY I,47,0,0,0,0
2017-08-22,35,GROCERY II,0,0,0,0,0
2017-08-22,35,HARDWARE,0,0,0,0,0
2017-08-22,35,HOME AND KITCHEN I,0,0,0,0,0
2017-08-22,35,HOME AND KITCHEN II,0,0,0,0,0
2017-08-22,35,HOME APPLIANCES,0,0,0,0,0
2017-08-22,35,HOME CARE,7,0,0,0,0
2017-08-22,35,LADIESWEAR,0,0,0,0,0
2017-08-22,35,LAWN AND GARDEN,0,0,0,0,0
2017-08-22,35,LINGERIE,0,0,0,0,0
2017-08-22,35,"LIQUOR,WINE,BEER",1,0,0,0,0
2017-08-22,35,MAGAZINES,0,0,0,0,0
2017-08-22,35,MEATS,0,0,0,0,0
2017-08-22,35,PERSONAL CARE,9,0,0,0,0
2017-08-22,35,PET SUPPLIES,0,0,0,0,0
2017-08-22,35,PLAYERS AND ELECTRONICS,0,0,0,0,0
2017-08-22,35,POULTRY,0,0,0,0,0
2017-08-22,35,PREPARED FOODS,0,0,0,0,0
2017-08-22,35,PRODUCE,84,0,0,0,0
2017-08-22,35,SCHOOL AND OFFICE SUPPLIES,0,0,0,0,0
2017-08-22,35,SEAFOOD,0,0,0,0,0
2017-08-22,36,AUTOMOTIVE,0,0,0,0,0
2017-08-22,36,BABY CARE,0,0,0,0,0
2017-08-22,36,BEAUTY,0,0,0,0,0
2017-08-22,36,BEVERAGES,27,0,0,0,0
2017-08-22,36,BOOKS,0,0,0,0,0
2017-08-22,36,BREAD/BAKERY,11,0,0,0,0
2017-08-22,36,CELEBRATION,0,0,0,0,0
2017-08-22,36,CLEANING,19,0,0,0,0
2017-08-22,36,DAIRY,16,0,0,0,0
2017-08-22,36,DELI,9,0,0,0,0
2017-08-22,36,EGGS,1,0,0,0,0
2017-08-22,36,FROZEN FOODS,0,0,0,0,0
2017-08-22,36,GROCERY I,58,0,0,0,0
2017-08-22,36,GROCERY II,0,0,0,0,0
2017-08-22,36,HARDWARE,0,0,0,0,0
2017-08-22,36,HOME AND KITCHEN I,0,0,0,0,0
2017-08-22,36,HOME AND KITCHEN II,2,0,0,0,0
2017-08-22,36,HOME APPLIANCES,0,0,0,0,0
2017-08-22,36,HOME CARE,9,0,0,0,0
2017-08-22,36,LADIESWEAR,0,0,0,0,0
2017-08-22,36,LAWN AND GARDEN,3,0,0,0,0
2017-08-22,36,LINGERIE,0,0,0,0,0
2017-08-22,36,"LIQUOR,WINE,BEER",4,0,0,0,0
2017-08-22,36,MAGAZINES,0,0,0,0,0
2017-08-22,36,MEATS,0,0,0,0,0
2017-08-22,36,PERSONAL CARE,12,0,0,0,0
2017-08-22,36,PET SUPPLIES,0,0,0,0,0
2017-08-22,36,PLAYERS AND ELECTRONICS,0,0,0,0,0
2017-08-22,36,POULTRY,0,0,0,0,0
2017-08-22,36,PREPARED FOODS,0,0,0,0,0
2017-08-22,36,PRODUCE,140,0,0,0,0
2017-08-22,36,SCHOOL AND OFFICE SUPPLIES,0,0,0,0,0
2017-08-22,36,SEAFOOD,0,0,0,0,0
2017-08-22,37,AUTOMOTIVE,0,0,0,0,0
2017-08-22,37,BABY CARE,0,0,0,0,0
2017-08-22,37,BEAUTY,1,0,0,0,0
2017-08-22,37,BEVERAGES,12,0,0,0,0
2017-08-22,37,BOOKS,0,0,0,0,0
2017-08-22,37,BREAD/BAKERY,12,0,0,0,0
2017-08-22,37,CELEBRATION,0,0,0,0,0
2017-08-22,37,CLEANING,10,0,0,0,0
2017-08-22,37,DAIRY,18,0,0,0,0
2017-08-22,37,DELI,10,0,0,0,0
2017-08-22,37,EGGS,0,0,0,0,0
2017-08-22,37,FROZEN FOODS,0,0,0,0,0
2017-08-22,37,GROCERY I,31,0,0,0,0
2017-08-22,37,GROCERY II,0,0,0,0,0
2017-08-22,37,HARDWARE,0,0,0,0,0
2017-08-22,37,HOME AND KITCHEN I,0,0,0,0,0
2017-08-22,37,HOME AND KITCHEN II,3,0,0,0,0
2017-08-22,37,HOME APPLIANCES,0,0,0,0,0
2017-08-22,37,HOME CARE,6,0,0,0,0
2017-08-22,37,LADIESWEAR,0,0,0,0,0
2017-08-22,37,LAWN AND GARDEN,0,0,0,0,0
2017-08-22,37,LINGERIE,0,0,0,0,0
2017-08-22,37,"LIQUOR,WINE,BEER",6,0,0,0,0
2017-08-22,37,MAGAZINES,0,0,0,0,0
2017-08-22,37,MEATS,0,0,0,0,0
2017-08-22,37,PERSONAL CARE,10,0,0,0,0
2017-08-22,37,PET SUPPLIES,0,0,0,0,0
2017-08-22,37,PLAYERS AND ELECTRONICS,0,0,0,0,0
2017-08-22,37,POULTRY,0,0,0,0,0
2017-08-22,37,PREPARED FOODS,0,0,0,0,0
2017-08-22,37,PRODUCE,3,0,0,0,0
2017-08-22,37,SCHOOL AND OFFICE SUPPLIES,0,0,0,0,0
2017-08-22,37,SEAFOOD,0,0,0,0,0
2017-08-22,38,AUTOMOTIVE,0,0,0,0,0
2017-08-22,38,BABY CARE,0,0,0,0,0
2017-08-22,38,BEAUTY,2,0,0,0,0
2017-08-22,38,BEVERAGES,15,0,0,0,0
2017-08-22,38,BOOKS,0,0,0,0,0
2017-08-22,38,BREAD/BAKERY,11,0,0,0,0
2017-08-22,38,CELEBRATION,0,0,0,0,0
2017-08-22,38,CLEANING,13,0,0,0,0
2017-08-22,38,DAIRY,15,0,0,0,0
2017-08-22,38,DELI,7,0,0,0,0
2017-08-22,38,EGGS,0,0,0,0,0
2017-08-22,38,FROZEN FOODS,0,0,0,0,0
2017-08-22,38,GROCERY I,33,0,0,0,0
2017-08-22,38,GROCERY II,0,0,0,0,0
2017-08-22,38,HARDWARE,0,0,0,0,0
2017-08-22,38,HOME AND KITCHEN I,1,0,0,0,0
2017-08-22,38,HOME AND KITCHEN II,1,0,0,0,0
2017-08-22,38,HOME APPLIANCES,0,0,0,0,0
2017-08-22,38,HOME CARE,5,0,0,0,0
2017-08-22,38,LADIESWEAR,0,0,0,0,0
2017-08-22,38,LAWN AND GARDEN,0,0,0,0,0
2017-08-22,38,LINGERIE,0,0,0,0,0
2017-08-22,38,"LIQUOR,WINE,BEER",5,0,0,0,0
2017-08-22,38,MAGAZINES,0,0,0,0,0
2017-08-22,38,MEATS,0,0,0,0,0
2017-08-22,38,PERSONAL CARE,9,0,0,0,0
2017-08-22,38,PET SUPPLIES,0,0,0,0,0
2017-08-22,38,PLAYERS AND ELECTRONICS,0,0,0,0,0
2017-08-22,38,POULTRY,0,0,0,0,0
2017-08-22,38,PREPARED FOODS,0,0,0,0,0
2017-08-22,38,PRODUCE,3,0,0,0,0
2017-08-22,38,SCHOOL AND OFFICE SUPPLIES,0,0,0,0,0
2017-08-22,38,SEAFOOD,0,0,0,0,0
2017-08-22,39,AUTOMOTIVE,0,0,0,0,0
2017-08-22,39,BABY CARE,0,0,0,0,0
2017-08-22,39,BEAUTY,0,0,0,0,0
2017-08-22,39,BEVERAGES,30,0,0,0,0
2017-08-22,39,BOOKS,0,0,0,0,0
2017-08-22,39,BREAD/BAKERY,10,0,0,0,0
2017-08-22,39,CELEBRATION,0,0,0,0,0
2017-08-22,39,CLEANING,21,0,0,0,0
2017-08-22,39,DAIRY,23,0,0,0,0
2017-08-22,39,DELI,10,0,0,0,0
2017-08-22,39,EGGS,1,0,0,0,0
2017-08-22,39,FROZEN FOODS,0,0,0,0,0
2017-08-22,39,GROCERY I,60,0,0,0,0
2017-08-22,39,GROCERY II,0,0,0,0,0
2017-08-22,39,HARDWARE,0,0,0,0,0
2017-08-22,39,HOME AND KITCHEN I,0,0,0,0,0
2017-08-22,39,HOME AND KITCHEN II,1,0,0,0,0
2017-08-22,39,HOME APPLIANCES,0,0,0,0,0
2017-08-22,39,HOME CARE,11,0,0,0,0
2017-08-22,39,LADIESWEAR,0,0,0,0,0
2017-08-22,39,LAWN AND GARDEN,3,0,0,0,0
2017-08-22,39,LINGERIE,0,0,0,0,0
2017-08-22,39,"LIQUOR,WINE,BEER",1,0,0,0,0
2017-08-22,39,MAGAZINES,0,0,0,0,0
2017-08-22,39,MEATS,0,0,0,0,0
2017-08-22,39,PERSONAL CARE,9,0,0,0,0
2017-08-22,39,PET SUPPLIES,0,0,0,0,0
2017-08-22,39,PLAYERS AND ELECTRONICS,0,0,0,0,0
2017-08-22,39,POULTRY,0,0,0,0,0
2017-08-22,39,PREPARED FOODS,0,0,0,0,0
2017-08-22,39,PRODUCE,160,0,0,0,0
2017-08-22,39,SCHOOL AND OFFICE SUPPLIES,4,0,0,0,0
2017-08-22,39,SEAFOOD,0,0,0,0,0
2017-08-22,40,AUTOMOTIVE,0,0,0,0,0
2017-08-22,40,BABY CARE,0,0,0,0,0
2017-08-22,40,BEAUTY,0,0,0,0,0
2017-08-22,40,BEVERAGES,28,0,0,0,0
2017-08-22,40,BOOKS,0,0,0,0,0
2017-08-22,40,BREAD/BAKERY,10,0,0,0,0
2017-08-22,40,CELEBRATION,0,0,0,0,0
2017-08-22,40,CLEANING,18,0,0,0,0
2017-08-22,40,DAIRY,13,0,0,0,0
2017-08-22,40,DELI,8,0,0,0,0
2017-08-22,40,EGGS,1,0,0,0,0
2017-08-22,40,FROZEN FOODS,0,0,0,0,0
2017-08-22,40,GROCERY I,57,0,0,0,0
2017-08-22,40,GROCERY II,0,0,0,0,0
2017-08-22,40,HARDWARE,0,0,0,0,0
2017-08-22,40,HOME AND KITCHEN I,1,0,0,0,0
2017-08-22,40,HOME AND KITCHEN II,0,0,0,0,0
2017-08-22,40,HOME APPLIANCES,0,0,0,0,0
2017-08-22,40,HOME CARE,7,0,0,0,0
2017-08-22,40,LADIESWEAR,0,0,0,0,0
2017-08-22,40,LAWN AND GARDEN,0,0,0,0,0
2017-08-22,40,LINGERIE,0,0,0,0,0
2017-08-22,40,"LIQUOR,WINE,BEER",0,0,0,0,0
2017-08-22,40,MAGAZINES,0,0,0,0,0
2017-08-22,40,MEATS,0,0,0,0,0
2017-08-22,40,PERSONAL CARE,11,0,0,0,0
2017-08-22,40,PET SUPPLIES,0,0,0,0,0
2017-08-22,40,PLAYERS AND ELECTRONICS,0,0,0,0,0
2017-08-22,40,POULTRY,1,0,0,0,0
2017-08-22,40,PREPARED FOODS,0,0,0,0,0
2017-08-22,40,PRODUCE,119,0,0,0,0
2017-08-22,40,SCHOOL AND OFFICE SUPPLIES,0,0,0,0,0
2017-08-22,40,SEAFOOD,0,0,0,0,0
2017-08-22,41,AUTOMOTIVE,0,0,0,0,0
2017-08-22,41,BABY CARE,0,0,0,0,0
2017-08-22,41,BEAUTY,2,0,0,0,0
2017-08-22,41,BEVERAGES,11,0,0,0,0
2017-08-22,41,BOOKS,0,0,0,0,0
2017-08-22,41,BREAD/BAKERY,11,0,0,0,0
2017-08-22,41,CELEBRATION,0,0,0,0,0
2017-08-22,41,CLEANING,12,0,0,0,0
2017-08-22,41,DAIRY,19,0,0,0,0
2017-08-22,41,DELI,8,0,0,0,0
2017-08-22,41,EGGS,0,0,0,0,0
2017-08-22,41,FROZEN FOODS,0,0,0,0,0
2017-08-22,41,GROCERY I,28,0,0,0,0
2017-08-22,41,GROCERY II,0,0,0,0,0
2017-08-22,41,HARDWARE,0,0,0,0,0
2017-08-22,41,HOME AND KITCHEN I,0,0,0,0,0
2017-08-22,41,HOME AND KITCHEN II,0,0,0,0,0
2017-08-22,41,HOME APPLIANCES,0,0,0,0,0
2017-08-22,41,HOME CARE,5,0,0,0,0
2017-08-22,41,LADIESWEAR,0,0,0,0,0
2017-08-22,41,LAWN AND GARDEN,0,0,0,0,0
2017-08-22,41,LINGERIE,1,0,0,0,0
2017-08-22,41,"LIQUOR,WINE,BEER",1,0,0,0,0
2017-08-22,41,MAGAZINES,0,0,0,0,0
2017-08-22,41,MEATS,0,0,0,0,0
2017-08-22,41,PERSONAL CARE,11,0,0,0,0
2017-08-22,41,PET SUPPLIES,0,0,0,0,0
2017-08-22,41,PLAYERS AND ELECTRONICS,1,0,0,0,0
2017-08-22,41,POULTRY,0,0,0,0,0
2017-08-22,41,PREPARED FOODS,0,0,0,0,0
2017-08-22,41,PRODUCE,3,0,0,0,0
2017-08-22,41,SCHOOL AND OFFICE SUPPLIES,0,0,0,0,0
2017-08-22,41,SEAFOOD,0,0,0,0,0
2017-08-22,42,AUTOMOTIVE,0,0,0,0,0
2017-08-22,42,BABY CARE,0,0,0,0,0
2017-08-22,42,BEAUTY,1,0,0,0,0
2017-08-22,42,BEVERAGES,12,0,0,0,0
2017-08-22,42,BOOKS,0,0,0,0,0
2017-08-22,42,BREAD/BAKERY,9,0,0,0,0
2017-08-22,42,CELEBRATION,0,0,0,0,0
2017-08-22,42,CLEANING,6,0,0,0,0
2017-08-22,42,DAIRY,17,0,0,0,0
2017-08-22,42,DELI,9,0,0,0,0
2017-08-22,42,EGGS,0,0,0,0,0
2017-08-22,42,FROZEN FOODS,0,0,0,0,0
2017-08-22,42,GROCERY I,23,0,0,0,0
2017-08-22,42,GROCERY II,0,0,0,0,0
2017-08-22,42,HARDWARE,0,0,0,0,0
2017-08-22,42,HOME AND KITCHEN I,0,0,0,0,0
2017-08-22,42,HOME AND KITCHEN II,1,0,0,0,0
2017-08-22,42,HOME APPLIANCES,0,0,0,0,0
2017-08-22,42,HOME CARE,6,0,0,0,0
2017-08-22,42,LADIESWEAR,0,0,0,0,0
2017-08-22,42,LAWN AND GARDEN,0,0,0,0,0
2017-08-22,42,LINGERIE,0,0,0,0,0
2017-08-22,42,"LIQUOR,WINE,BEER",4,0,0,0,0
2017-08-22,42,MAGAZINES,0,0,0,0,0
2017-08-22,42,MEATS,0,0,0,0,0
2017-08-22,42,PERSONAL CARE,10,0,0,0,0
2017-08-22,42,PET SUPPLIES,0,0,0,0,0
2017-08-22,42,PLAYERS AND ELECTRONICS,0,0,0,0,0
2017-08-22,42,POULTRY,0,0,0,0,0
2017-08-22,42,PREPARED FOODS,0,0,0,0,0
2017-08-22,42,PRODUCE,3,0,0,0,0
2017-08-22,42,SCHOOL AND OFFICE SUPPLIES,0,0,0,0,0
2017-08-22,42,SEAFOOD,0,0,0,0,0
2017-08-22,43,AUTOMOTIVE,0,0,0,0,0
2017-08-22,43,BABY CARE,0,0,0,0,0
2017-08-22,43,BEAUTY,0,0,0,0,0
2017-08-22,43,BEVERAGES,23,0,0,0,0
2017-08-22,43,BOOKS,0,0,0,0,0
2017-08-22,43,BREAD/BAKERY,9,0,0,0,0
2017-08-22,43,CELEBRATION,0,0,0,0,0
2017-08-22,43,CLEANING,14,0,0,0,0
2017-08-22,43,DAIRY,19,0,0,0,0
2017-08-22,43,DELI,9,0,0,0,0
2017-08-22,43,EGGS,1,0,0,0,0
2017-08-22,43,FROZEN FOODS,0,0,0,0,0
2017-08-22,43,GROCERY I,54,0,0,0,0
2017-08-22,43,GROCERY II,0,0,0,0,0
2017-08-22,43,HARDWARE,0,0,0,0,0
2017-08-22,43,HOME AND KITCHEN I,1,0,0,0,0
2017-08-22,43,HOME AND KITCHEN II,0,0,0,0,0
2017-08-22,43,HOME APPLIANCES,0,0,0,0,0
2017-08-22,43,HOME CARE,7,0,0,0,0
2017-08-22,43,LADIESWEAR,0,0,0,0,0
2017-08-22,43,LAWN AND GARDEN,3,0,0,0,0
2017-08-22,43,LINGERIE,0,0,0,0,0
2017-08-22,43,"LIQUOR,WINE,BEER",2,0,0,0,0
2017-08-22,43,MAGAZINES,0,0,0,0,0
2017-08-22,43,MEATS,0,0,0,0,0
2017-08-22,43,PERSONAL CARE,10,0,0,0,0
2017-08-22,43,PET SUPPLIES,0,0,0,0,0
2017-08-22,43,PLAYERS AND ELECTRONICS,0,0,0,0,0
2017-08-22,43,POULTRY,0,0,0,0,0
2017-08-22,43,PREPARED FOODS,0,0,0,0,0
2017-08-22,43,PRODUCE,127,0,0,0,0
2017-08-22,43,SCHOOL AND OFFICE SUPPLIES,0,0,0,0,0
2017-08-22,43,SEAFOOD,0,0,0,0,0
2017-08-22,44,AUTOMOTIVE,0,0,0,0,0
2017-08-22,44,BABY CARE,0,0,0,0,0
2017-08-22,44,BEAUTY,1,0,0,0,0
2017-08-22,44,BEVERAGES,15,0,0,0,0
2017-08-22,44,BOOKS,0,0,0,0,0
2017-08-22,44,BREAD/BAKERY,12,0,0,0,0
2017-08-22,44,CELEBRATION,0,0,0,0,0
2017-08-22,44,CLEANING,11,0,0,0,0
2017-08-22,44,DAIRY,22,0,0,0,0
2017-08-22,44,DELI,10,0,0,0,0
2017-08-22,44,EGGS,0,0,0,0,0
2017-08-22,44,FROZEN FOODS,0,0,0,0,0
2017-08-22,44,GROCERY I,36,0,0,0,0
2017-08-22,44,GROCERY II,0,0,0,0,0
2017-08-22,44,HARDWARE,0,0,0,0,0
2017-08-22,44,HOME AND KITCHEN I,1,0,0,0,0
2017-08-22,44,HOME AND KITCHEN II,3,0,0,0,0
2017-08-22,44,HOME APPLIANCES,0,0,0,0,0
2017-08-22,44,HOME CARE,7,0,0,0,0
2017-08-22,44,LADIESWEAR,7,0,0,0,0
2017-08-22,44,LAWN AND GARDEN,0,0,0,0,0
2017-08-22,44,LINGERIE,6,0,0,0,0
2017-08-22,44,"LIQUOR,WINE,BEER",5,0,0,0,0
2017-08-22,44,MAGAZINES,0,0,0,0,0
2017-08-22,44,MEATS,0,0,0,0,0
2017-08-22,44,PERSONAL CARE,12,0,0,0,0
2017-08-22,44,PET SUPPLIES,0,0,0,0,0
2017-08-22,44,PLAYERS AND ELECTRONICS,0,0,0,0,0
2017-08-22,44,POULTRY,0,0,0,0,0
2017-08-22,44,PREPARED FOODS,0,0,0,0,0
2017-08-22,44,PRODUCE,3,0,0,0,0
2017-08-22,44,SCHOOL AND OFFICE SUPPLIES,12,0,0,0,0
2017-08-22,44,SEAFOOD,0,0,0,0,0
2017-08-22,45,AUTOMOTIVE,0,0,0,0,0
2017-08-22,45,BABY CARE,0,0,0,0,0
2017-08-22,45,BEAUTY,2,0,0,0,0
2017-08-22,45,BEVERAGES,14,0,0,0,0
2017-08-22,45,BOOKS,0,0,0,0,0
2017-08-22,45,BREAD/BAKERY,13,0,0,0,0
2017-08-22,45,CELEBRATION,0,0,0,0,0
2017-08-22,45,CLEANING,13,0,0,0,0
2017-08-22,45,DAIRY,21,0,0,0,0
2017-08-22,45,DELI,10,0,0,0,0
2017-08-22,45,EGGS,0,0,0,0,0
2017-08-22,45,FROZEN FOODS,0,0,0,0,0
2017-08-22,45,GROCERY I,39,0,0,0,0
2017-08-22,45,GROCERY II,0,0,0,0,0
2017-08-22,45,HARDWARE,0,0,0,0,0
2017-08-22,45,HOME AND KITCHEN I,0,0,0,0,0
2017-08-22,45,HOME AND KITCHEN II,2,0,0,0,0
2017-08-22,45,HOME APPLIANCES,0,0,0,0,0
2017-08-22,45,HOME CARE,7,0,0,0,0
2017-08-22,45,LADIESWEAR,3,0,0,0,0
2017-08-22,45,LAWN AND GARDEN,0,0,0,0,0
2017-08-22,45,LINGERIE,4,0,0,0,0
2017-08-22,45,"LIQUOR,WINE,BEER",3,0,0,0,0
2017-08-22,45,MAGAZINES,0,0,0,0,0
2017-08-22,45,MEATS,0,0,0,0,0
2017-08-22,45,PERSONAL CARE,13,0,0,0,0
2017-08-22,45,PET SUPPLIES,0,0,0,0,0
2017-08-22,45,PLAYERS AND ELECTRONICS,0,0,0,0,0
2017-08-22,45,POULTRY,0,0,0,0,0
2017-08-22,45,PREPARED FOODS,0,0,0,0,0
2017-08-22,45,PRODUCE,3,0,0,0,0
2017-08-22,45,SCHOOL AND OFFICE SUPPLIES,12,0,0,0,0
2017-08-22,45,SEAFOOD,0,0,0,0,0
2017-08-22,46,AUTOMOTIVE,0,0,0,0,0
2017-08-22,46,BABY CARE,0,0,0,0,0
2017-08-22,46,BEAUTY,2,0,0,0,0
2017-08-22,46,BEVERAGES,11,0,0,0,0
2017-08-22,46,BOOKS,0,0,0,0,0
2017-08-22,46,BREAD/BAKERY,13,0,0,0,0
2017-08-22,46,CELEBRATION,0,0,0,0,0
2017-08-22,46,CLEANING,15,0,0,0,0
2017-08-22,46,DAIRY,22,0,0,0,0
2017-08-22,46,DELI,10,0,0,0,0
2017-08-22,46,EGGS,0,0,0,0,0
2017-08-22,46,FROZEN FOODS,0,0,0,0,0
2017-08-22,46,GROCERY I,36,0,0,0,0
2017-08-22,46,GROCERY II,0,0,0,0,0
2017-08-22,46,HARDWARE,0,0,0,0,0
2017-08-22,46,HOME AND KITCHEN I,0,0,0,0,0
2017-08-22,46,HOME AND KITCHEN II,2,0,0,0,0
2017-08-22,46,HOME APPLIANCES,0,0,0,0,0
2017-08-22,46,HOME CARE,8,0,0,0,0
2017-08-22,46,LADIESWEAR,4,0,0,0,0
2017-08-22,46,LAWN AND GARDEN,0,0,0,0,0
2017-08-22,46,LINGERIE,2,0,0,0,0
2017-08-22,46,"LIQUOR,WINE,BEER",6,0,0,0,0
2017-08-22,46,MAGAZINES,0,0,0,0,0
2017-08-22,46,MEATS,0,0,0,0,0
2017-08-22,46,PERSONAL CARE,13,0,0,0,0
2017-08-22,46,PET SUPPLIES,0,0,0,0,0
2017-08-22,46,PLAYERS AND ELECTRONICS,2,0,0,0,0
2017-08-22,46,POULTRY,1,0,0,0,0
2017-08-22,46,PREPARED FOODS,0,0,0,0,0
2017-08-22,46,PRODUCE,3,0,0,0,0
2017-08-22,46,SCHOOL AND OFFICE SUPPLIES,13,0,0,0,0
2017-08-22,46,SEAFOOD,0,0,0,0,0
2017-08-22,47,AUTOMOTIVE,0,0,0,0,0
2017-08-22,47,BABY CARE,0,0,0,0,0
2017-08-22,47,BEAUTY,2,0,0,0,0
2017-08-22,47,BEVERAGES,12,0,0,0,0
2017-08-22,47,BOOKS,0,0,0,0,0
2017-08-22,47,BREAD/BAKERY,13,0,0,0,0
2017-08-22,47,CELEBRATION,0,0,0,0,0
2017-08-22,47,CLEANING,13,0,0,0,0
2017-08-22,47,DAIRY,21,0,0,0,0
2017-08-22,47,DELI,10,0,0,0,0
2017-08-22,47,EGGS,0,0,0,0,0
2017-08-22,47,FROZEN FOODS,0,0,0,0,0
2017-08-22,47,GROCERY I,40,0,0,0,0
2017-08-22,47,GROCERY II,0,0,0,0,0
2017-08-22,47,HARDWARE,0,0,0,0,0
2017-08-22,47,HOME AND KITCHEN I,1,0,0,0,0
2017-08-22,47,HOME AND KITCHEN II,2,0,0,0,0
2017-08-22,47,HOME APPLIANCES,0,0,0,0,0
2017-08-22,47,HOME CARE,7,0,0,0,0
2017-08-22,47,LADIESWEAR,7,0,0,0,0
2017-08-22,47,LAWN AND GARDEN,0,0,0,0,0
2017-08-22,47,LINGERIE,5,0,0,0,0
2017-08-22,47,"LIQUOR,WINE,BEER",6,0,0,0,0
2017-08-22,47,MAGAZINES,0,0,0,0,0
2017-08-22,47,MEATS,0,0,0,0,0
2017-08-22,47,PERSONAL CARE,14,0,0,0,0
2017-08-22,47,PET SUPPLIES,0,0,0,0,0
2017-08-22,47,PLAYERS AND ELECTRONICS,0,0,0,0,0
2017-08-22,47,POULTRY,0,0,0,0,0
2017-08-22,47,PREPARED FOODS,0,0,0,0,0
2017-08-22,47,PRODUCE,3,0,0,0,0
2017-08-22,47,SCHOOL AND OFFICE SUPPLIES,10,0,0,0,0
2017-08-22,47,SEAFOOD,0,0,0,0,0
2017-08-22,48,AUTOMOTIVE,0,0,0,0,0
2017-08-22,48,BABY CARE,0,0,0,0,0
2017-08-22,48,BEAUTY,2,0,0,0,0
2017-08-22,48,BEVERAGES,11,0,0,0,0
2017-08-22,48,BOOKS,0,0,0,0,0
2017-08-22,48,BREAD/BAKERY,12,0,0,0,0
2017-08-22,48,CELEBRATION,0,0,0,0,0
2017-08-22,48,CLEANING,13,0,0,0,0
2017-08-22,48,DAIRY,18,0,0,0,0
2017-08-22,48,DELI,6,0,0,0,0
2017-08-22,48,EGGS,0,0,0,0,0
2017-08-22,48,FROZEN FOODS,0,0,0,0,0
2017-08-22,48,GROCERY I,34,0,0,0,0
2017-08-22,48,GROCERY II,0,0,0,0,0
2017-08-22,48,HARDWARE,0,0,0,0,0
2017-08-22,48,HOME AND KITCHEN I,0,0,0,0,0
2017-08-22,48,HOME AND KITCHEN II,2,0,0,0,0
2017-08-22,48,HOME APPLIANCES,0,0,0,0,0
2017-08-22,48,HOME CARE,7,0,0,0,0
2017-08-22,48,LADIESWEAR,2,0,0,0,0
2017-08-22,48,LAWN AND GARDEN,0,0,0,0,0
2017-08-22,48,LINGERIE,3,0,0,0,0
2017-08-22,48,"LIQUOR,WINE,BEER",5,0,0,0,0
2017-08-22,48,MAGAZINES,0,0,0,0,0
2017-08-22,48,MEATS,0,0,0,0,0
2017-08-22,48,PERSONAL CARE,10,0,0,0,0
2017-08-22,48,PET SUPPLIES,0,0,0,0,0
2017-08-22,48,PLAYERS AND ELECTRONICS,1,0,0,0,0
2017-08-22,48,POULTRY,0,0,0,0,0
2017-08-22,48,PREPARED FOODS,0,0,0,0,0
2017-08-22,48,PRODUCE,3,0,0,0,0
2017-08-22,48,SCHOOL AND OFFICE SUPPLIES,12,0,0,0,0
2017-08-22,48,SEAFOOD,0,0,0,0,0
2017-08-22,49,AUTOMOTIVE,0,0,0,0,0
2017-08-22,49,BABY CARE,0,0,0,0,0
2017-08-22,49,BEAUTY,2,0,0,0,0
2017-08-22,49,BEVERAGES,11,0,0,0,0
2017-08-22,49,BOOKS,0,0,0,0,0
2017-08-22,49,BREAD/BAKERY,12,0,0,0,0
2017-08-22,49,CELEBRATION,0,0,0,0,0
2017-08-22,49,CLEANING,10,0,0,0,0
2017-08-22,49,DAIRY,21,0,0,0,0
2017-08-22,49,DELI,9,0,0,0,0
2017-08-22,49,EGGS,0,0,0,0,0
2017-08-22,49,FROZEN FOODS,0,0,0,0,0
2017-08-22,49,GROCERY I,35,0,0,0,0
2017-08-22,49,GROCERY II,0,0,0,0,0
2017-08-22,49,HARDWARE,0,0,0,0,0
2017-08-22,49,HOME AND KITCHEN I,2,0,0,0,0
2017-08-22,49,HOME AND KITCHEN II,2,0,0,0,0
2017-08-22,49,HOME APPLIANCES,0,0,0,0,0
2017-08-22,49,HOME CARE,7,0,0,0,0
2017-08-22,49,LADIESWEAR,2,0,0,0,0
2017-08-22,49,LAWN AND GARDEN,0,0,0,0,0
2017-08-22,49,LINGERIE,2,0,0,0,0
2017-08-22,49,"LIQUOR,WINE,BEER",5,0,0,0,0
2017-08-22,49,MAGAZINES,0,0,0,0,0
2017-08-22,49,MEATS,0,0,0,0,0
2017-08-22,49,PERSONAL CARE,13,0,0,0,0
2017-08-22,49,PET SUPPLIES,0,0,0,0,0
2017-08-22,49,PLAYERS AND ELECTRONICS,0,0,0,0,0
2017-08-22,49,POULTRY,0,0,0,0,0
2017-08-22,49,PREPARED FOODS,0,0,0,0,0
2017-08-22,49,PRODUCE,3,0,0,0,0
2017-08-22,49,SCHOOL AND OFFICE SUPPLIES,12,0,0,0,0
2017-08-22,49,SEAFOOD,0,0,0,0,0
2017-08-22,50,AUTOMOTIVE,0,0,0,0,0
2017-08-22,50,BABY CARE,0,0,0,0,0
2017-08-22,50,BEAUTY,2,0,0,0,0
2017-08-22,50,BEVERAGES,14,0,0,0,0
2017-08-22,50,BOOKS,0,0,0,0,0
2017-08-22,50,BREAD/BAKERY,13,0,0,0,0
2017-08-22,50,CELEBRATION,0,0,0,0,0
2017-08-22,50,CLEANING,10,0,0,0,0
2017-08-22,50,DAIRY,21,0,0,0,0
2017-08-22,50,DELI,8,0,0,0,0
2017-08-22,50,EGGS,0,0,0,0,0
2017-08-22,50,FROZEN FOODS,0,0,0,0,0
2017-08-22,50,GROCERY I,33,0,0,0,0
2017-08-22,50,GROCERY II,0,0,0,0,0
2017-08-22,50,HARDWARE,0,0,0,0,0
2017-08-22,50,HOME AND KITCHEN I,0,0,0,0,0
2017-08-22,50,HOME AND KITCHEN II,2,0,0,0,0
2017-08-22,50,HOME APPLIANCES,0,0,0,0,0
2017-08-22,50,HOME CARE,6,0,0,0,0
2017-08-22,50,LADIESWEAR,3,0,0,0,0
2017-08-22,50,LAWN AND GARDEN,0,0,0,0,0
2017-08-22,50,LINGERIE,0,0,0,0,0
2017-08-22,50,"LIQUOR,WINE,BEER",4,0,0,0,0
2017-08-22,50,MAGAZINES,0,0,0,0,0
2017-08-22,50,MEATS,0,0,0,0,0
2017-08-22,50,PERSONAL CARE,11,0,0,0,0
2017-08-22,50,PET SUPPLIES,0,0,0,0,0
2017-08-22,50,PLAYERS AND ELECTRONICS,0,0,0,0,0
2017-08-22,50,POULTRY,0,0,0,0,0
2017-08-22,50,PREPARED FOODS,0,0,0,0,0
2017-08-22,50,PRODUCE,3,0,0,0,0
2017-08-22,50,SCHOOL AND OFFICE SUPPLIES,13,0,0,0,0
2017-08-22,50,SEAFOOD,0,0,0,0,0
2017-08-22,51,AUTOMOTIVE,0,0,0,0,0
2017-08-22,51,BABY CARE,0,0,0,0,0
2017-08-22,51,BEAUTY,0,0,0,0,0
2017-08-22,51,BEVERAGES,15,0,0,0,0
2017-08-22,51,BOOKS,0,0,0,0,0
2017-08-22,51,BREAD/BAKERY,12,0,0,0,0
2017-08-22,51,CELEBRATION,0,0,0,0,0
2017-08-22,51,CLEANING,7,0,0,0,0
2017-08-22,51,DAIRY,19,0,0,0,0
2017-08-22,51,DELI,9,0,0,0,0
2017-08-22,51,EGGS,0,0,0,0,0
2017-08-22,51,FROZEN FOODS,0,0,0,0,0
2017-08-22,51,GROCERY I,31,0,0,0,0
2017-08-22,51,GROCERY II,0,0,0,0,0
2017-08-22,51,HARDWARE,0,0,0,0,0
2017-08-22,51,HOME AND KITCHEN I,2,0,0,0,0
2017-08-22,51,HOME AND KITCHEN II,2,0,0,0,0
2017-08-22,51,HOME APPLIANCES,0,0,0,0,0
2017-08-22,51,HOME CARE,5,0,0,0,0
2017-08-22,51,LADIESWEAR,0,0,0,0,0
2017-08-22,51,LAWN AND GARDEN,0,0,0,0,0
2017-08-22,51,LINGERIE,0,0,0,0,0
2017-08-22,51,"LIQUOR,WINE,BEER",4,0,0,0,0
2017-08-22,51,MAGAZINES,0,0,0,0,0
2017-08-22,51,MEATS,0,0,0,0,0
2017-08-22,51,PERSONAL CARE,11,0,0,0,0
2017-08-22,51,PET SUPPLIES,0,0,0,0,0
2017-08-22,51,PLAYERS AND ELECTRONICS,0,0,0,0,0
2017-08-22,51,POULTRY,0,0,0,0,0
2017-08-22,51,PREPARED FOODS,0,0,0,0,0
2017-08-22,51,PRODUCE,3,0,0,0,0
2017-08-22,51,SCHOOL AND OFFICE SUPPLIES,0,0,0,0,0
2017-08-22,51,SEAFOOD,0,0,0,0,0
2017-08-22,52,AUTOMOTIVE,0,0,0,0,0
2017-08-22,52,BABY CARE,0,0,0,0,0
2017-08-22,52,BEAUTY,2,0,0,0,0
2017-08-22,52,BEVERAGES,18,0,0,0,0
2017-08-22,52,BOOKS,0,0,0,0,0
2017-08-22,52,BREAD/BAKERY,12,0,0,0,0
2017-08-22,52,CELEBRATION,0,0,0,0,0
2017-08-22,52,CLEANING,7,0,0,0,0
2017-08-22,52,DAIRY,19,0,0,0,0
2017-08-22,52,DELI,10,0,0,0,0
2017-08-22,52,EGGS,0,0,0,0,0
2017-08-22,52,FROZEN FOODS,0,0,0,0,0
2017-08-22,52,GROCERY I,36,0,0,0,0
2017-08-22,52,GROCERY II,0,0,0,0,0
2017-08-22,52,HARDWARE,0,0,0,0,0
2017-08-22,52,HOME AND KITCHEN I,0,0,0,0,0
2017-08-22,52,HOME AND KITCHEN II,2,0,0,0,0
2017-08-22,52,HOME APPLIANCES,0,0,0,0,0
2017-08-22,52,HOME CARE,6,0,0,0,0
2017-08-22,52,LADIESWEAR,0,0,0,0,0
2017-08-22,52,LAWN AND GARDEN,0,0,0,0,0
2017-08-22,52,LINGERIE,0,0,0,0,0
2017-08-22,52,"LIQUOR,WINE,BEER",5,0,0,0,0
2017-08-22,52,MAGAZINES,0,0,0,0,0
2017-08-22,52,MEATS,0,0,0,0,0
2017-08-22,52,PERSONAL CARE,10,0,0,0,0
2017-08-22,52,PET SUPPLIES,0,0,0,0,0
2017-08-22,52,PLAYERS AND ELECTRONICS,0,0,0,0,0
2017-08-22,52,POULTRY,0,0,0,0,0
2017-08-22,52,PREPARED FOODS,0,0,0,0,0
2017-08-22,52,PRODUCE,3,0,0,0,0
2017-08-22,52,SCHOOL AND OFFICE SUPPLIES,0,0,0,0,0
2017-08-22,52,SEAFOOD,0,0,0,0,0
2017-08-22,53,AUTOMOTIVE,0,0,0,0,0
2017-08-22,53,BABY CARE,0,0,0,0,0
2017-08-22,53,BEAUTY,0,0,0,0,0
2017-08-22,53,BEVERAGES,10,0,0,0,0
2017-08-22,53,BOOKS,0,0,0,0,0
2017-08-22,53,BREAD/BAKERY,10,0,0,0,0
2017-08-22,53,CELEBRATION,0,0,0,0,0
2017-08-22,53,CLEANING,13,0,0,0,0
2017-08-22,53,DAIRY,18,0,0,0,0
2017-08-22,53,DELI,9,0,0,0,0
2017-08-22,53,EGGS,0,0,0,0,0
2017-08-22,53,FROZEN FOODS,0,0,0,0,0
2017-08-22,53,GROCERY I,27,0,0,0,0
2017-08-22,53,GROCERY II,0,0,0,0,0
2017-08-22,53,HARDWARE,0,0,0,0,0
2017-08-22,53,HOME AND KITCHEN I,1,0,0,0,0
2017-08-22,53,HOME AND KITCHEN II,2,0,0,0,0
2017-08-22,53,HOME APPLIANCES,0,0,0,0,0
2017-08-22,53,HOME CARE,3,0,0,0,0
2017-08-22,53,LADIESWEAR,0,0,0,0,0
2017-08-22,53,LAWN AND GARDEN,0,0,0,0,0
2017-08-22,53,LINGERIE,0,0,0,0,0
2017-08-22,53,"LIQUOR,WINE,BEER",2,0,0,0,0
2017-08-22,53,MAGAZINES,0,0,0,0,0
2017-08-22,53,MEATS,0,0,0,0,0
2017-08-22,53,PERSONAL CARE,8,0,0,0,0
2017-08-22,53,PET SUPPLIES,0,0,0,0,0
2017-08-22,53,PLAYERS AND ELECTRONICS,0,0,0,0,0
2017-08-22,53,POULTRY,0,0,0,0,0
2017-08-22,53,PREPARED FOODS,0,0,0,0,0
2017-08-22,53,PRODUCE,1,0,0,0,0
2017-08-22,53,SCHOOL AND OFFICE SUPPLIES,0,0,0,0,0
2017-08-22,53,SEAFOOD,0,0,0,0,0
2017-08-22,54,AUTOMOTIVE,0,0,0,0,0
2017-08-22,54,BABY CARE,0,0,0,0,0
2017-08-22,54,BEAUTY,1,0,0,0,0
2017-08-22,54,BEVERAGES,23,0,0,0,0
2017-08-22,54,BOOKS,0,0,0,0,0
2017-08-22,54,BREAD/BAKERY,5,0,0,0,0
2017-08-22,54,CELEBRATION,0,0,0,0,0
2017-08-22,54,CLEANING,14,0,0,0,0
2017-08-22,54,DAIRY,6,0,0,0,0
2017-08-22,54,DELI,6,0,0,0,0
2017-08-22,54,EGGS,1,0,0,0,0
2017-08-22,54,FROZEN FOODS,0,0,0,0,0
2017-08-22,54,GROCERY I,50,0,0,0,0
2017-08-22,54,GROCERY II,0,0,0,0,0
2017-08-22,54,HARDWARE,0,0,0,0,0
2017-08-22,54,HOME AND KITCHEN I,0,0,0,0,0
2017-08-22,54,HOME AND KITCHEN II,0,0,0,0,0
2017-08-22,54,HOME APPLIANCES,0,0,0,0,0
2017-08-22,54,HOME CARE,7,0,0,0,0
2017-08-22,54,LADIESWEAR,0,0,0,0,0
2017-08-22,54,LAWN AND GARDEN,0,0,0,0,0
2017-08-22,54,LINGERIE,0,0,0,0,0
2017-08-22,54,"LIQUOR,WINE,BEER",2,0,0,0,0
2017-08-22,54,MAGAZINES,0,0,0,0,0
2017-08-22,54,MEATS,0,0,0,0,0
2017-08-22,54,PERSONAL CARE,8,0,0,0,0
2017-08-22,54,PET SUPPLIES,0,0,0,0,0
2017-08-22,54,PLAYERS AND ELECTRONICS,0,0,0,0,0
2017-08-22,54,POULTRY,0,0,0,0,0
2017-08-22,54,PREPARED FOODS,0,0,0,0,0
2017-08-22,54,PRODUCE,73,0,0,0,0
2017-08-22,54,SCHOOL AND OFFICE SUPPLIES,0,0,0,0,0
2017-08-22,54,SEAFOOD,0,0,0,0,0
